asset,state,target,mi_obs,null_mean,null_std,excess_nats,z,p,n,n_states,bh_reject_0.05,bonf_reject_0.05
BTCUSDT,lunar_4phase,fwd_vol_5d,0.0315034164924137,0.0188224314893461,0.0053717342664922,0.0126809850030675,2.360687326282829,0.0033222591362126,3219,4,False,False
SOLUSDT,venus_retrograde,fwd_absret_1d,0.0130804406005262,0.0024541426486403,0.0030346755770213,0.0106262979518859,3.501625686893344,0.0033222591362126,2133,2,False,False
BNBUSDT,saturn_sign,fwd_vol_5d,0.1468474767413337,0.0918883978971877,0.0204501726403158,0.0549590788441459,2.687462830303862,0.0033222591362126,3138,5,False,False
BNBUSDT,soft_aspect_count_q5,fwd_absret_1d,0.0331871515740984,0.008198393393873,0.0079411078924309,0.0249887581802254,3.1467596862703813,0.0033222591362126,3142,5,False,False
NEARUSDT,aspect_trine_count_q5,fwd_absret_1d,0.0221468029322596,0.0109302466005393,0.0031250542141257,0.0112165563317202,3.589235758221259,0.0039840637450199,2069,5,False,False
LTCUSDT,saturn_sign,fwd_vol_5d,0.0703538306620072,0.0406366139906066,0.0096347863763868,0.0297172166714006,3.084366950182962,0.0039840637450199,3101,5,False,False
DOGEUSDT,moon_near_new,fwd_ret_1d,0.0060839181080792,0.0017386675371419,0.0008380735512346,0.0043452505709373,5.184808140689019,0.0039840637450199,2536,2,False,False
DOGEUSDT,mars_out_of_bounds,fwd_ret_1d,0.008155815286174,0.0030648697839807,0.0014514670465452,0.0050909455021932,3.5074482154526048,0.0039840637450199,2536,2,False,False
NEARUSDT,aspect_trine_count_q5,fwd_vol_5d,0.0542420457727933,0.0215770942871197,0.0085248113347686,0.0326649514856736,3.831750663202229,0.0039840637450199,2065,5,False,False
UNIUSDT,moon_sign,fwd_vol_5d,0.0360969418865356,0.0253139216158373,0.0044629461252064,0.0107830202706983,2.416121541283338,0.0039840637450199,2092,12,False,False
DOGEUSDT,moon_near_new,fwd_absret_1d,0.0054084409432199,0.0017240146753443,0.0008188146085533,0.0036844262678755,4.499707539885189,0.0039840637450199,2536,2,False,False
UNIUSDT,venus_sign,fwd_ret_1d,0.0386734651090281,0.0281468124624372,0.0034544298360029,0.0105266526465909,3.0472909123466656,0.0039840637450199,2096,12,False,False
AVAXUSDT,aspect_trine_count_q5,fwd_vol_5d,0.0395288421867303,0.021153169014351,0.007048728004747,0.0183756731723792,2.606948822539891,0.0039840637450199,2087,5,False,False
SOLUSDT,saturn_sign,fwd_vol_5d,0.117430983299585,0.065825620584558,0.0210516180420924,0.0516053627150269,2.4513727454033547,0.0066445182724252,2129,4,False,False
LTCUSDT,lunar_4phase,fwd_ret_1d,0.0073302550867631,0.0045000976286379,0.001217485540365,0.0028301574581252,2.3245922553433704,0.0079681274900398,3105,4,False,False
AVAXUSDT,moon_out_of_bounds,fwd_vol_5d,0.0057098942003339,0.0025818443475959,0.0010118362743743,0.0031280498527379,3.0914585016951075,0.0079681274900398,2087,2,False,False
DOTUSDT,sun_modality,fwd_ret_1d,0.0078907194947229,0.0045480224661623,0.0011179389722218,0.0033426970285606,2.9900532243876325,0.0079681274900398,2126,3,False,False
LTCUSDT,moon_near_full,fwd_vol_5d,0.0047739485945301,0.0019115846822091,0.0009020954972168,0.002862363912321,3.1730165167123823,0.0079681274900398,3101,2,False,False
AVAXUSDT,lunar_4phase,fwd_absret_1d,0.0076898299512071,0.0046129980044941,0.0011099543097872,0.0030768319467129,2.772034776190784,0.0079681274900398,2091,4,False,False
AVAXUSDT,moon_out_of_bounds,fwd_ret_1d,0.0056344285309789,0.0025462506097221,0.0012043516918604,0.0030881779212568,2.564182823113954,0.0079681274900398,2091,2,False,False
DOGEUSDT,sun_sign,fwd_absret_1d,0.0363658557271415,0.0312600238777157,0.0024148844054453,0.0051058318494258,2.114317289023295,0.0079681274900398,2536,12,False,False
DOGEUSDT,sun_element,fwd_absret_1d,0.0137187689598763,0.008021110688513,0.0018639849811126,0.0056976582713632,3.0567082509227683,0.0079681274900398,2536,4,False,False
ADAUSDT,sun_sign,fwd_vol_5d,0.0747142331977326,0.0579086697144885,0.0057143113204199,0.016805563483244,2.9409604309078645,0.0079681274900398,2976,12,False,False
LTCUSDT,aspect_opposition_count_q5,fwd_ret_1d,0.0193721766527905,0.0098688000190488,0.0029665367125194,0.0095033766337416,3.2035257118629774,0.0079681274900398,3105,5,False,False
ADAUSDT,sun_sign,fwd_ret_1d,0.0274781787289638,0.0207263895086397,0.0022190252711992,0.0067517892203241,3.0426824371744163,0.0079681274900398,2980,12,False,False
UNIUSDT,mercury_sign,fwd_ret_1d,0.0405851401032657,0.031318960611443,0.0044276184331653,0.0092661794918226,2.0928134688422384,0.0079681274900398,2096,12,False,False
LTCUSDT,saturn_sign,fwd_absret_1d,0.0238331437953184,0.0148150391818549,0.0031859327653055,0.0090181046134634,2.830601044588729,0.0079681274900398,3105,5,False,False
NEARUSDT,mercury_out_of_bounds,fwd_ret_1d,0.0074901505265305,0.002667991692487,0.0012937979196594,0.0048221588340434,3.727134478089623,0.0079681274900398,2069,2,False,False
SOLUSDT,soft_aspect_count_q5,fwd_vol_5d,0.0692935059736381,0.0284337130343708,0.0148058889137522,0.0408597929392672,2.7596987372582062,0.0099667774086378,2129,5,False,False
SOLUSDT,saturn_sign,fwd_absret_1d,0.0651028769029968,0.0246878043023891,0.0203150009637287,0.0404150726006077,1.989420166544241,0.0099667774086378,2133,4,False,False
LTCUSDT,aspect_opposition_count_q5,fwd_absret_1d,0.017813219353283,0.0095560549185722,0.0032249629041305,0.0082571644347108,2.560390516162228,0.0119521912350597,3105,5,False,False
LTCUSDT,saturn_sign,fwd_ret_1d,0.0252414869714429,0.0158274302009193,0.0034632063133275,0.0094140567705236,2.7183066553948474,0.0119521912350597,3105,5,False,False
LINKUSDT,hard_aspect_count_q5,fwd_ret_1d,0.011935230985077,0.0073495868448272,0.0016666325152411,0.0045856441402497,2.7514428635673895,0.0119521912350597,2706,5,False,False
AVAXUSDT,aspect_opposition_count_q5,fwd_ret_1d,0.023813330805505,0.0138165332009571,0.003729756977267,0.0099967976045478,2.680281226224239,0.0119521912350597,2091,5,False,False
DOGEUSDT,sun_element,fwd_ret_1d,0.0138253857091589,0.0082973740608232,0.0018400867500739,0.0055280116483357,3.00421251775961,0.0119521912350597,2536,4,False,False
DOGEUSDT,sun_sign,fwd_ret_1d,0.0396143063313836,0.0321872510628578,0.0031817902609547,0.0074270552685258,2.334237853345219,0.0119521912350597,2536,12,False,False
LTCUSDT,moon_void_of_course,fwd_absret_1d,0.0034147032157076,0.0014887237081389,0.0007202365190516,0.0019259795075687,2.6740931022280914,0.0119521912350597,3105,2,False,False
DOTUSDT,eclipse_window,fwd_ret_1d,0.0045838884699342,0.0021064990625943,0.0008558212829642,0.0024773894073399,2.8947508745742314,0.0119521912350597,2126,2,False,False
BTCUSDT,harmonic_4_count_q5,fwd_vol_5d,0.0355833500190323,0.0123193805104924,0.0091785576359623,0.0232639695085399,2.5345997084977427,0.0132890365448504,3219,5,False,False
BNBUSDT,harmonic_4_count_q5,fwd_ret_1d,0.02481751606483,0.0045927542144525,0.006079471396863,0.0202247618503775,3.3267303240892305,0.0132890365448504,3142,5,False,False
BTCUSDT,saturn_sign,fwd_absret_1d,0.0443252125346242,0.0195249287564493,0.0117719499547521,0.0248002837781749,2.1067269121513266,0.0132890365448504,3223,5,False,False
BTCUSDT,saturn_sign,fwd_vol_5d,0.1263013450742769,0.0840945540656877,0.0197590325109544,0.0422067910085891,2.1360757914229667,0.0132890365448504,3219,5,False,False
BNBUSDT,sun_element,fwd_absret_1d,0.0235522798088654,0.0091751332440619,0.0058078560055187,0.0143771465648034,2.475465395688545,0.0132890365448504,3142,4,False,False
BNBUSDT,uranus_retrograde,fwd_ret_1d,0.0233050189225503,0.0061597839858652,0.0062006129133995,0.017145234936685,2.7650871254411338,0.0132890365448504,3142,2,False,False
AAVEUSDT,moon_void_of_course,fwd_vol_5d,0.0048365142194327,0.0022541413484546,0.0010530194475214,0.0025823728709781,2.4523505971864807,0.0159362549800796,2064,2,False,False
LTCUSDT,sun_element,fwd_ret_1d,0.0077379677768833,0.0048413668628017,0.0011541261193072,0.0028966009140816,2.509778494416456,0.0159362549800796,3105,4,False,False
NEARUSDT,mercury_out_of_bounds,fwd_absret_1d,0.0064847905675832,0.0025539560079689,0.0012533394839381,0.0039308345596142,3.1362887788892926,0.0159362549800796,2069,2,False,False
ADAUSDT,neptune_retrograde,fwd_absret_1d,0.0036505781196474,0.0015122262259422,0.0007861580960295,0.0021383518937051,2.72000238184259,0.0159362549800796,2980,2,False,False
NEARUSDT,venus_sign,fwd_vol_5d,0.1161259309989578,0.0778085816232415,0.0175840855906023,0.0383173493757163,2.1790925196698696,0.0159362549800796,2065,12,False,False
XRPUSDT,moon_perigee_q4,fwd_vol_5d,0.0111957635434555,0.0070044110842085,0.0019441221461616,0.0041913524592469,2.155910042752267,0.0159362549800796,2959,4,False,False
UNIUSDT,hard_aspect_count_q5,fwd_ret_1d,0.0161497005496228,0.0098700507129824,0.002517599519069,0.0062796498366403,2.4943005386982375,0.0159362549800796,2096,5,False,False
SOLUSDT,saturn_sign,fwd_ret_1d,0.0536716114302198,0.0206769865297486,0.0147260881224116,0.0329946249004711,2.240555986505111,0.0166112956810631,2133,4,False,False
BNBUSDT,lunar_8phase,fwd_absret_1d,0.0157578256022969,0.0024844879636858,0.004151373634288,0.0132733376386111,3.1973363055015493,0.0166112956810631,3142,8,False,False
BTCUSDT,moon_sign,fwd_ret_1d,0.0132813871028729,0.0009506867088346,0.0027101181681756,0.0123307003940383,4.5498755511235816,0.0166112956810631,3223,12,False,False
UNIUSDT,saturn_sign,fwd_absret_1d,0.0308392536519733,0.0200490466564416,0.0060233960344838,0.0107902069955317,1.791382624313254,0.0199203187250996,2096,4,False,False
LTCUSDT,moon_out_of_bounds,fwd_vol_5d,0.0084950188506331,0.0038882503814467,0.001899550359785,0.0046067684691864,2.4251889113946388,0.0199203187250996,3101,2,False,False
LTCUSDT,venus_retrograde,fwd_ret_1d,0.0044069106280658,0.001841169832378,0.0009323912240395,0.0025657407956877,2.751785655566227,0.0199203187250996,3105,2,False,False
LINKUSDT,aspect_conjunction_count_q5,fwd_absret_1d,0.0154402579004267,0.0095679695848772,0.00244097353559,0.0058722883155495,2.405715682669241,0.0199203187250996,2706,5,False,False
NEARUSDT,sun_element,fwd_absret_1d,0.010430551835846,0.0076861584981244,0.0011282185358229,0.0027443933377215,2.4325015505261347,0.0199203187250996,2069,4,False,False
ADAUSDT,neptune_retrograde,fwd_vol_5d,0.0132355712452925,0.005669770202393,0.0028342954631301,0.0075658010428995,2.669376266983836,0.0199203187250996,2976,2,False,False
ADAUSDT,venus_sign,fwd_ret_1d,0.0267957662169852,0.0204435334990761,0.0029411375848824,0.0063522327179091,2.159787678944336,0.0199203187250996,2980,12,False,False
DOTUSDT,mercury_out_of_bounds,fwd_absret_1d,0.0059617179488804,0.0024822461085633,0.0013205699372727,0.003479471840317,2.6348258748815483,0.0199203187250996,2126,2,False,False
LTCUSDT,aspect_trine_count_q5,fwd_vol_5d,0.0252349921075189,0.0121744589493937,0.0041899147988635,0.0130605331581251,3.117135737859795,0.0199203187250996,3101,5,False,False
ADAUSDT,neptune_retrograde,fwd_ret_1d,0.0033626290361668,0.0016973277581405,0.0007219376029876,0.0016653012780263,2.3067108170216217,0.0199203187250996,2980,2,False,False
DOGEUSDT,moon_perigee_q4,fwd_ret_1d,0.008874211557934,0.0059768373686721,0.0014622093189082,0.0028973741892619,1.98150439324601,0.0199203187250996,2536,4,False,False
BCHUSDT,aspect_opposition_count_q5,fwd_absret_1d,0.0192778754244921,0.0109755984942881,0.0030827684776968,0.008302276930204,2.6931237263743077,0.0199203187250996,2390,5,False,False
LTCUSDT,moon_perigee_q4,fwd_absret_1d,0.0068931234580047,0.0043715791249376,0.001016637362748,0.0025215443330671,2.4802790311101757,0.0199203187250996,3105,4,False,False
DOTUSDT,aspect_square_count_q5,fwd_absret_1d,0.015273864839193,0.0099518193022113,0.0023439881577527,0.0053220455369817,2.270508713697678,0.0199203187250996,2126,5,False,False
SOLUSDT,jupiter_sign,fwd_ret_1d,0.0640297638896938,0.0371866499348948,0.0124449315108837,0.026843113954799,2.15695152129389,0.0199335548172757,2133,7,False,False
SOLUSDT,moon_near_full,fwd_ret_1d,0.0070424286230628,0.0012730381347724,0.0019316135682349,0.0057693904882903,2.986824374795745,0.0199335548172757,2133,2,False,False
BTCUSDT,soft_aspect_count_q5,fwd_ret_1d,0.025900717652997,0.0052793993835847,0.0068482075932227,0.0206213182694123,3.0111993523414813,0.0199335548172757,3223,5,False,False
BNBUSDT,soft_aspect_count_q5,fwd_vol_5d,0.0536674924926581,0.0232019933818209,0.0129543086522052,0.0304654991108371,2.351765727432381,0.0232558139534883,3138,5,False,False
ETHUSDT,moon_out_of_bounds,fwd_ret_1d,0.0156924809888698,0.0047721920599529,0.0048168780489899,0.0109202889289169,2.2670885203761437,0.0232558139534883,3223,2,False,False
ADAUSDT,moon_decl_q4,fwd_vol_5d,0.0099903512653873,0.0070296925902864,0.0013592632940817,0.0029606586751009,2.1781347940400537,0.0239043824701195,2976,4,False,False
ADAUSDT,moon_perigee_q4,fwd_absret_1d,0.0054788137272884,0.0038194147084012,0.00078767562811,0.0016593990188871,2.1067035206721383,0.0239043824701195,2980,4,False,False
DOTUSDT,lunar_8phase,fwd_absret_1d,0.0170822168563991,0.0149433790808961,0.0010647432809208,0.0021388377755029,2.0087825993634185,0.0239043824701195,2126,8,False,False
UNIUSDT,aspect_trine_count_q5,fwd_ret_1d,0.0172837278215806,0.010436652576908,0.0028309685828687,0.0068470752446725,2.4186334267737557,0.0239043824701195,2096,5,False,False
ADAUSDT,sun_sign,fwd_absret_1d,0.0250849128212216,0.0197882259927472,0.002569593263462,0.0052966868284743,2.061293864593195,0.0239043824701195,2980,12,False,False
SOLUSDT,mars_out_of_bounds,fwd_absret_1d,0.0189014367112811,0.0036958351478858,0.005315183114954,0.0152056015633953,2.8607860227082234,0.0265780730897009,2133,2,False,False
DOGEUSDT,mars_out_of_bounds,fwd_absret_1d,0.0080127168835483,0.0033246486176025,0.001833324702267,0.0046880682659458,2.557140183704872,0.0278884462151394,2536,2,False,False
UNIUSDT,mercury_sign,fwd_absret_1d,0.0439589645304603,0.0349368185504536,0.0042743683234835,0.0090221459800067,2.110755390554115,0.0278884462151394,2096,12,False,False
NEARUSDT,mercury_sign,fwd_absret_1d,0.0402445124320042,0.0312733588068329,0.0045511942060546,0.0089711536251712,1.9711647578643283,0.0278884462151394,2069,12,False,False
LINKUSDT,moon_decl_sign,fwd_ret_1d,0.0030155855200607,0.0017583893480734,0.0006155748975468,0.0012571961719873,2.0423122791350994,0.0278884462151394,2706,2,False,False
ETHUSDT,hard_aspect_count_q5,fwd_absret_1d,0.0209702120119343,0.0047576742269291,0.0065763660751946,0.0162125377850052,2.465273009383911,0.0299003322259136,3223,5,False,False
SOLUSDT,moon_near_new,fwd_absret_1d,0.0079673390903634,0.0016265483180228,0.0023722192861476,0.0063407907723405,2.6729361865351065,0.0299003322259136,2133,2,False,False
FILUSDT,moon_void_of_course,fwd_ret_1d,0.004794626631887,0.0022682969021078,0.001067165780042,0.0025263297297792,2.367326405162397,0.0318725099601593,2068,2,False,False
NEARUSDT,aspect_trine_count_q5,fwd_ret_1d,0.0189266621061264,0.0113240518015482,0.0032263948321946,0.0076026103045781,2.356379395576567,0.0318725099601593,2069,5,False,False
LTCUSDT,moon_void_of_course,fwd_vol_5d,0.0031426878952392,0.0014421107653685,0.0007085403213185,0.0017005771298707,2.4001134144435237,0.0318725099601593,3101,2,False,False
UNIUSDT,soft_aspect_count_q5,fwd_absret_1d,0.0217051154427017,0.0138947636392771,0.0040183213406882,0.0078103518034246,1.9436852210746616,0.0318725099601593,2096,5,False,False
DOTUSDT,jupiter_retrograde,fwd_ret_1d,0.0044977329882471,0.0023857621142893,0.0010111376623715,0.0021119708739578,2.0887075544238196,0.0318725099601593,2126,2,False,False
AAVEUSDT,aspect_trine_count_q5,fwd_absret_1d,0.0195531846926224,0.0114375413452746,0.003605480194758,0.0081156433473477,2.250918853790111,0.0318725099601593,2068,5,False,False
ETHUSDT,aspect_opposition_count_q5,fwd_absret_1d,0.0215976083344071,0.0056493645159083,0.0070249442832363,0.0159482438184987,2.2702306488830293,0.0332225913621262,3223,5,False,False
SOLUSDT,moon_out_of_bounds,fwd_ret_1d,0.015486593833945,0.0043503421565381,0.0049515365977978,0.0111362516774068,2.2490496550827492,0.0332225913621262,2133,2,False,False
BNBUSDT,venus_retrograde,fwd_vol_5d,0.0174928691069817,0.0078055778228214,0.004640921189716,0.0096872912841603,2.087363884917236,0.0332225913621262,3138,2,False,False
BTCUSDT,n_retrograde,fwd_ret_1d,0.028731275745796,0.0080204570019553,0.0085835555527992,0.0207108187438407,2.4128484538189556,0.0332225913621262,3223,7,False,False
BNBUSDT,sun_element,fwd_ret_1d,0.0240865477794423,0.0098303603361205,0.0070867929141876,0.0142561874433217,2.0116557116803846,0.0332225913621262,3142,4,False,False
ADAUSDT,aspect_square_count_q5,fwd_ret_1d,0.0107234716973144,0.0069419005729611,0.0017213601200167,0.0037815711243533,2.1968506649941744,0.0358565737051792,2980,5,False,False
FILUSDT,moon_void_of_course,fwd_vol_5d,0.0039476675268053,0.0021190181551723,0.0009900866415884,0.0018286493716329,1.8469589375524225,0.0358565737051792,2064,2,False,False
FILUSDT,aspect_trine_count_q5,fwd_vol_5d,0.0262117485600127,0.0170536660274636,0.0044755176555691,0.0091580825325491,2.0462621840298807,0.0358565737051792,2064,5,False,False
NEARUSDT,sun_element,fwd_ret_1d,0.0105967334918313,0.0079789553605712,0.0014109061300378,0.00261777813126,1.8553878784195643,0.0358565737051792,2069,4,False,False
DOGEUSDT,sun_modality,fwd_ret_1d,0.0055999502588772,0.0038679726483681,0.0009176600867157,0.001731977610509,1.8873847033139883,0.0358565737051792,2536,3,False,False
ATOMUSDT,moon_decl_sign,fwd_ret_1d,0.0029678321049721,0.0017796623199522,0.0006321921281905,0.0011881697850199,1.879444131044016,0.0358565737051792,2603,2,False,False
NEARUSDT,sun_modality,fwd_vol_5d,0.0139648173890824,0.0086305305927057,0.0028638585681752,0.0053342867963766,1.862622287166756,0.0358565737051792,2065,3,False,False
NEARUSDT,moon_perigee_q4,fwd_ret_1d,0.0115417566144018,0.0078620934528576,0.0018815719158565,0.0036796631615442,1.9556324850167617,0.0358565737051792,2069,4,False,False
AAVEUSDT,moon_near_full,fwd_vol_5d,0.0041217161190065,0.002070849972632,0.00102406284906,0.0020508661463745,2.002676054752848,0.0398406374501992,2064,2,False,False
AVAXUSDT,aspect_trine_count_q5,fwd_absret_1d,0.0192433793536046,0.0118168912200458,0.0033374613485728,0.0074264881335587,2.225190753665073,0.0398406374501992,2091,5,False,False
UNIUSDT,moon_decl_q4,fwd_ret_1d,0.0095829898099494,0.0065948772242911,0.001413332110964,0.0029881125856582,2.11423243162571,0.0398406374501992,2096,4,False,False
AVAXUSDT,aspect_trine_count_q5,fwd_ret_1d,0.016878241865939,0.0109381527403802,0.00291781484425,0.0059400891255588,2.0358005708499607,0.0398406374501992,2091,5,False,False
UNIUSDT,soft_aspect_count_q5,fwd_ret_1d,0.0201969640623435,0.0132730568504749,0.0037876701917363,0.0069239072118686,1.8280121714331488,0.0398406374501992,2096,5,False,False
DOTUSDT,moon_near_full,fwd_vol_5d,0.0052014046649696,0.0025764127942427,0.0012489119491573,0.0026249918707269,2.101823008818186,0.0398406374501992,2122,2,False,False
ADAUSDT,aspect_opposition_count_q5,fwd_absret_1d,0.0181663938126752,0.0099963956854582,0.0035958826759269,0.008169998127217,2.272042461761039,0.0398406374501992,2980,5,False,False
BNBUSDT,venus_retrograde,fwd_ret_1d,0.0072555197756296,0.0021756317763485,0.0024619171057919,0.0050798879992811,2.0633871007801554,0.0398671096345514,3142,2,False,False
BNBUSDT,harmonic_4_count_q5,fwd_absret_1d,0.020510002732883,0.0055074144425131,0.0070364977879164,0.0150025882903698,2.1321101409473067,0.0398671096345514,3142,5,False,False
BNBUSDT,moon_perigee_q4,fwd_ret_1d,0.0200947415044669,0.005461617986989,0.006770055727755,0.0146331235174779,2.161448015484857,0.0398671096345514,3142,4,False,False
SOLUSDT,sun_sign,fwd_vol_5d,0.1138900206727711,0.0889981010271425,0.0129573555682838,0.0248919196456285,1.9210647970915624,0.0398671096345514,2129,12,False,False
SOLUSDT,moon_near_new,fwd_ret_1d,0.0065703464422408,0.0012723251369926,0.0020928213634535,0.0052980213052482,2.5315210355582303,0.0431893687707641,2133,2,False,False
AVAXUSDT,venus_retrograde,fwd_absret_1d,0.0064555014452894,0.0033236140321701,0.0015344581951058,0.0031318874131193,2.0410379527500093,0.0438247011952191,2091,2,False,False
AVAXUSDT,saturn_sign,fwd_absret_1d,0.0323209689561312,0.0193641164425433,0.0066858408575882,0.0129568525135879,1.9379540718326016,0.0438247011952191,2091,4,False,False
DOGEUSDT,eclipse_window,fwd_absret_1d,0.0045169601279042,0.0021298875867682,0.0011445903981926,0.002387072541136,2.085525568714634,0.0438247011952191,2536,2,False,False
LINKUSDT,moon_out_of_bounds,fwd_vol_5d,0.0078914276749599,0.0044919790211768,0.0017013780440438,0.0033994486537831,1.998056026221673,0.0438247011952191,2702,2,False,False
BCHUSDT,moon_near_new,fwd_ret_1d,0.0034636738059653,0.0019308988425134,0.0009722856898732,0.0015327749634518,1.576465620564302,0.0438247011952191,2390,2,False,False
BCHUSDT,moon_near_new,fwd_absret_1d,0.0046408316290024,0.0021356340955455,0.0010142115719201,0.0025051975334569,2.4700936203222756,0.0438247011952191,2390,2,False,False
XRPUSDT,moon_near_new,fwd_ret_1d,0.003249350296677,0.0017965789940991,0.0007232006367123,0.0014527713025779,2.0088081077778193,0.0438247011952191,2963,2,False,False
LINKUSDT,mars_saturn_hard_aspect,fwd_absret_1d,0.0050097947636512,0.0022394196679431,0.0012394733393757,0.0027703750957081,2.2351227797311464,0.0438247011952191,2706,2,False,False
SOLUSDT,moon_decl_sign,fwd_vol_5d,0.0133389380779926,0.0051516127692981,0.0044246363801408,0.0081873253086945,1.8503950619404048,0.0465116279069767,2129,2,False,False
SOLUSDT,moon_void_of_course,fwd_vol_5d,0.0054914495873672,0.0013267296714185,0.0019365293133694,0.0041647199159486,2.1506103146469804,0.0465116279069767,2129,2,False,False
BTCUSDT,venus_retrograde,fwd_absret_1d,0.0092275616597132,0.0026961496300927,0.0032726940419117,0.0065314120296205,1.9957294956314025,0.0465116279069767,3223,2,False,False
ATOMUSDT,mercury_out_of_bounds,fwd_ret_1d,0.0034478542971565,0.0019445914740015,0.0007961883639703,0.0015032628231549,1.8880743441898624,0.047808764940239,2603,2,False,False
XRPUSDT,aspect_opposition_count_q5,fwd_ret_1d,0.0133025423802392,0.008797281963677,0.0024397136776398,0.0045052604165622,1.8466348973050484,0.047808764940239,2963,5,False,False
AVAXUSDT,saturn_sign,fwd_vol_5d,0.0843170987170448,0.0528787204117114,0.016309709530724,0.0314383783053333,1.9275866468443323,0.047808764940239,2087,4,False,False
BNBUSDT,moon_out_of_bounds,fwd_vol_5d,0.0200808431367316,0.0088619932866186,0.006538093710307,0.0112188498501129,1.715920625675175,0.0498338870431893,3138,2,False,False
ETHUSDT,saturn_sign,fwd_vol_5d,0.1034334314304636,0.0687903717797196,0.019570064900594,0.034643059650744,1.7702066818231326,0.0498338870431893,3219,5,False,False
BNBUSDT,moon_near_full,fwd_absret_1d,0.005194130794299,0.0012819517755409,0.0017404491339423,0.0039121790187581,2.24779853801105,0.0498338870431893,3142,2,False,False
ETHUSDT,harmonic_4_count_q5,fwd_vol_5d,0.0293901997526835,0.0115792547526642,0.0090937252975285,0.0178109450000192,1.9585972104149536,0.0498338870431893,3219,5,False,False
ADAUSDT,soft_aspect_count_q5,fwd_ret_1d,0.0112949598398102,0.0074858163449552,0.001915427116699,0.0038091434948549,1.9886653277726685,0.0517928286852589,2980,5,False,False
UNIUSDT,moon_perigee_q4,fwd_ret_1d,0.0090287398271884,0.0057701325637238,0.0015499631591656,0.0032586072634645,2.1023772366425693,0.0517928286852589,2096,4,False,False
DOGEUSDT,lunar_8phase,fwd_vol_5d,0.0268250348274766,0.0235107021209525,0.0022981259144889,0.003314332706524,1.4421893446430885,0.0517928286852589,2532,8,False,False
AAVEUSDT,moon_decl_sign,fwd_ret_1d,0.0034985174878998,0.0020502342883647,0.0007994952948217,0.0014482831995351,1.8114968392128925,0.0517928286852589,2068,2,False,False
LINKUSDT,sun_modality,fwd_ret_1d,0.0068837320028393,0.0044580745817971,0.0013509123373492,0.0024256574210422,1.7955698189874705,0.0517928286852589,2706,3,False,False
XRPUSDT,mars_out_of_bounds,fwd_absret_1d,0.0053081636248624,0.0023611026239131,0.0017762718042473,0.0029470610009493,1.6591272765252103,0.0517928286852589,2963,2,False,False
AAVEUSDT,aspect_trine_count_q5,fwd_vol_5d,0.0351069128573285,0.0189731834950608,0.0077619468827162,0.0161337293622676,2.0785673499251875,0.0517928286852589,2064,5,False,False
LINKUSDT,moon_perigee_q4,fwd_ret_1d,0.0065656174137175,0.0045886813597107,0.0012059944158131,0.0019769360540067,1.639258049693172,0.0517928286852589,2706,4,False,False
LTCUSDT,soft_aspect_count_q5,fwd_vol_5d,0.0249597548458563,0.0139621674188167,0.0050246813323486,0.0109975874270395,2.1887134127765684,0.0517928286852589,3101,5,False,False
SOLUSDT,harmonic_3_count_q5,fwd_vol_5d,0.0499228666511841,0.0219272631009409,0.0151123277388384,0.0279956035502432,1.8525010861361144,0.0531561461794019,2129,5,False,False
BTCUSDT,uranus_retrograde,fwd_absret_1d,0.0185363114400318,0.0057495293819337,0.0061791542523006,0.0127867820580981,2.069341779797361,0.0531561461794019,3223,2,False,False
SOLUSDT,jupiter_retrograde,fwd_absret_1d,0.0092433360816999,0.0014034941343686,0.0033248337873582,0.0078398419473312,2.3579650739655182,0.0531561461794019,2133,2,False,False
BTCUSDT,venus_retrograde,fwd_vol_5d,0.0177958403700999,0.010170535162766,0.0043702024134387,0.0076253052073338,1.7448402810554875,0.0531561461794019,3219,2,False,False
ADAUSDT,mercury_out_of_bounds,fwd_ret_1d,0.0035594477763549,0.0018582889291443,0.0009013144954391,0.0017011588472105,1.887419824954379,0.0557768924302788,2980,2,False,False
AVAXUSDT,moon_decl_sign,fwd_ret_1d,0.0048993034228208,0.0026587054445751,0.0012157403471684,0.0022405979782457,1.842990555889819,0.0557768924302788,2091,2,False,False
DOTUSDT,aspect_trine_count_q5,fwd_absret_1d,0.0179756860346805,0.0112390516171451,0.0032448312713935,0.0067366344175354,2.0761123935551176,0.0557768924302788,2126,5,False,False
BTCUSDT,aspect_square_count_q5,fwd_ret_1d,0.0172313042188365,0.0051081854556323,0.0064826431057257,0.0121231187632042,1.8700888766337531,0.0564784053156146,3223,5,False,False
ETHUSDT,hard_aspect_count_q5,fwd_ret_1d,0.0179958953591361,0.0043056605105228,0.0065356885567354,0.0136902348486133,2.0946889879727575,0.0564784053156146,3223,5,False,False
ETHUSDT,moon_near_new,fwd_ret_1d,0.0068651658279759,0.0017756356363805,0.0023862994836583,0.0050895301915953,2.1328128453486177,0.0564784053156146,3223,2,False,False
SOLUSDT,harmonic_3_count_q5,fwd_ret_1d,0.0250254523352113,0.0072064770634423,0.0089321736393619,0.0178189752717689,1.994920384579749,0.0564784053156146,2133,5,False,False
DOTUSDT,moon_void_of_course,fwd_absret_1d,0.0042101154478819,0.0022471661143873,0.0010889039481637,0.0019629493334946,1.802683640558773,0.0597609561752988,2126,2,False,False
XRPUSDT,lunar_8phase,fwd_vol_5d,0.0240723129371083,0.0208339680853252,0.0020092817302341,0.003238344851783,1.611692777102837,0.0597609561752988,2959,8,False,False
DOTUSDT,venus_retrograde,fwd_absret_1d,0.0062854360556873,0.003117827940939,0.0017610304229164,0.0031676081147482,1.798724243220252,0.0597609561752988,2126,2,False,False
UNIUSDT,mars_sign,fwd_ret_1d,0.0406294856899631,0.0328036966644446,0.004375258129948,0.0078257890255184,1.7886462451099727,0.0597609561752988,2096,12,False,False
LINKUSDT,soft_aspect_count_q5,fwd_ret_1d,0.0152684566236848,0.0098297068709448,0.0027508054174581,0.00543874975274,1.9771481175014096,0.0597609561752988,2706,5,False,False
ATOMUSDT,moon_decl_q4,fwd_ret_1d,0.006246308764539,0.0045254132043929,0.0010538001754765,0.001720895560146,1.6330378379067925,0.0597609561752988,2603,4,False,False
BCHUSDT,mercury_sign,fwd_vol_5d,0.0814927448119203,0.0645370845653954,0.0101345138352252,0.0169556602465249,1.6730610389608296,0.0597609561752988,2386,12,False,False
BNBUSDT,mars_saturn_hard_aspect,fwd_ret_1d,0.0083617073049691,0.0019387124499889,0.002792882836098,0.0064229948549801,2.299772397167165,0.0598006644518272,3142,2,False,False
ETHUSDT,moon_sign,fwd_vol_5d,0.0459305440124291,0.0314967325940962,0.0094366707892187,0.0144338114183328,1.529544872416571,0.0631229235880398,3219,12,False,False
BNBUSDT,venus_retrograde,fwd_absret_1d,0.0065102387057909,0.0020808366704461,0.0025500118012093,0.0044294020353447,1.7370123672541404,0.0631229235880398,3142,2,False,False
BNBUSDT,moon_decl_q4,fwd_absret_1d,0.015316432741308,0.0039096023275417,0.0053725233553795,0.0114068304137663,2.1231793068604508,0.0631229235880398,3142,4,False,False
BNBUSDT,soft_aspect_count_q5,fwd_ret_1d,0.0248839579777602,0.0084321615118192,0.0090871511877857,0.016451796465941,1.8104459941256612,0.0631229235880398,3142,5,False,False
SOLUSDT,moon_decl_q4,fwd_vol_5d,0.0255560829997376,0.0129545685662836,0.0079536738067161,0.012601514433454,1.5843639982838054,0.0631229235880398,2129,4,False,False
ATOMUSDT,saturn_sign,fwd_ret_1d,0.0383175027842031,0.0252924490207185,0.0076966190745245,0.0130250537634845,1.6923084847211582,0.0637450199203187,2603,4,False,False
AAVEUSDT,saturn_sign,fwd_ret_1d,0.0306219190149216,0.0190226394528227,0.0064929622189726,0.0115992795620989,1.786438788786633,0.0637450199203187,2068,4,False,False
BCHUSDT,mercury_sign,fwd_ret_1d,0.0287082193410785,0.0240577721381715,0.003085769034416,0.0046504472029069,1.5070626320504663,0.0637450199203187,2390,12,False,False
ADAUSDT,sun_element,fwd_vol_5d,0.0212294497273411,0.0144995138500879,0.0041348741658301,0.0067299358772531,1.6276035514860747,0.0637450199203187,2976,4,False,False
NEARUSDT,mercury_out_of_bounds,fwd_vol_5d,0.010556713260236,0.0058931730261256,0.0029711519178546,0.0046635402341104,1.56960679327292,0.0637450199203187,2065,2,False,False
BCHUSDT,aspect_trine_count_q5,fwd_vol_5d,0.0225229599776089,0.0146340593654151,0.0045051051773332,0.0078889006121938,1.751102427505064,0.0637450199203187,2386,5,False,False
DOGEUSDT,aspect_square_count_q5,fwd_absret_1d,0.0118184397985183,0.008606848928833,0.0021996705731838,0.0032115908696852,1.4600326561794028,0.0637450199203187,2536,5,False,False
AAVEUSDT,soft_aspect_count_q5,fwd_vol_5d,0.0428713238430377,0.0253161280640545,0.009063143580274,0.0175551957789831,1.9369874948458328,0.0637450199203187,2064,5,False,False
LTCUSDT,moon_out_of_bounds,fwd_ret_1d,0.0032462616499673,0.0017222660808079,0.0008222389743781,0.0015239955691593,1.8534703615964387,0.0637450199203187,3105,2,False,False
XRPUSDT,venus_sign,fwd_ret_1d,0.0245037662529311,0.0206043368610617,0.0023400947786134,0.0038994293918694,1.66635532351381,0.0637450199203187,2963,12,False,False
AAVEUSDT,moon_near_new,fwd_ret_1d,0.0038924766842735,0.002240405244655,0.0010083820568513,0.0016520714396184,1.638338790732721,0.0637450199203187,2068,2,False,False
LINKUSDT,moon_void_of_course,fwd_absret_1d,0.0030845398059673,0.0016900292528092,0.0008361566149183,0.0013945105531581,1.6677623883826571,0.0637450199203187,2706,2,False,False
SOLUSDT,sun_modality,fwd_vol_5d,0.034009478675717,0.0166256083556664,0.0111214576327376,0.0173838703200505,1.5630927971957986,0.0664451827242525,2129,3,False,False
AVAXUSDT,lunar_4phase,fwd_ret_1d,0.0073223627812552,0.0054708113111671,0.0010572813812398,0.0018515514700881,1.7512381310610765,0.0677290836653386,2091,4,False,False
FILUSDT,moon_near_new,fwd_ret_1d,0.0034231075409963,0.0020184552841306,0.0008795206036268,0.0014046522568657,1.5970657777355757,0.0677290836653386,2068,2,False,False
UNIUSDT,aspect_trine_count_q5,fwd_vol_5d,0.0297581753354404,0.0188724131375133,0.0066541120243284,0.010885762197927,1.6359451355984236,0.0677290836653386,2092,5,False,False
XRPUSDT,moon_sign,fwd_vol_5d,0.0273061701461068,0.0236294166367009,0.0023394572291707,0.0036767535094059,1.5716267275847062,0.0677290836653386,2959,12,False,False
FILUSDT,lunar_8phase,fwd_absret_1d,0.0194685278589884,0.0163589274514192,0.0020406881066939,0.0031096004075691,1.523799936584568,0.0677290836653386,2068,8,False,False
LTCUSDT,aspect_trine_count_q5,fwd_absret_1d,0.0100394320043643,0.0070927626744783,0.001926323321998,0.002946669329886,1.5296857470580911,0.0677290836653386,3105,5,False,False
BNBUSDT,lunar_8phase,fwd_ret_1d,0.0180388172758032,0.0057099739872563,0.0071982595671343,0.0123288432885468,1.712753363998932,0.0697674418604651,3142,8,False,False
ADAUSDT,moon_near_full,fwd_ret_1d,0.0024686562465378,0.0014651216368963,0.0006804401538034,0.0010035346096415,1.4748315542992128,0.0717131474103585,2980,2,False,False
XRPUSDT,aspect_opposition_count_q5,fwd_absret_1d,0.0152272943722872,0.0100221720325498,0.0032563561667301,0.0052051223397373,1.598449946267423,0.0717131474103585,2963,5,False,False
AVAXUSDT,aspect_square_count_q5,fwd_absret_1d,0.0142652232981134,0.0105087431150489,0.0024494674491579,0.0037564801830644,1.533590570618013,0.0717131474103585,2091,5,False,False
LTCUSDT,venus_retrograde,fwd_absret_1d,0.004028562362684,0.0020721856408768,0.0010885013803592,0.0019563767218072,1.797312118392946,0.0717131474103585,3105,2,False,False
UNIUSDT,lunar_4phase,fwd_absret_1d,0.008707323973922,0.0065326644836762,0.001325648128159,0.0021746594902458,1.6404500138855609,0.0717131474103585,2096,4,False,False
UNIUSDT,harmonic_4_count_q5,fwd_absret_1d,0.0145101553244104,0.0105971296785867,0.0026097233478707,0.0039130256458236,1.4994024746018302,0.0717131474103585,2096,5,False,False
LTCUSDT,sun_element,fwd_absret_1d,0.0077388025666041,0.00593800280245,0.0012314654399393,0.0018007997641541,1.4623226164128809,0.0717131474103585,3105,4,False,False
AVAXUSDT,venus_retrograde,fwd_ret_1d,0.0059641931982818,0.0033009874244033,0.0014352316963051,0.0026632057738785,1.8555929197597263,0.0717131474103585,2091,2,False,False
NEARUSDT,saturn_sign,fwd_absret_1d,0.0273593191442316,0.0177477125975857,0.0067648910052944,0.0096116065466459,1.4208073033436242,0.0717131474103585,2069,4,False,False
BNBUSDT,jupiter_sign,fwd_absret_1d,0.0806162798385017,0.0595219957733365,0.0123360156967489,0.0210942840651651,1.709975455910318,0.0730897009966777,3142,9,False,False
AVAXUSDT,moon_sign,fwd_ret_1d,0.0300350648685893,0.0256393766960191,0.0027223028604074,0.0043956881725701,1.614694763209488,0.0756972111553784,2091,12,False,False
LTCUSDT,aspect_opposition_count_q5,fwd_vol_5d,0.0373563443354705,0.0228611846742916,0.0098792422575794,0.0144951596611789,1.4672339520835338,0.0756972111553784,3101,5,False,False
BCHUSDT,lunar_8phase,fwd_ret_1d,0.0175073405515268,0.0147484419787033,0.0017602248874554,0.0027588985728235,1.567355735329818,0.0756972111553784,2390,8,False,False
UNIUSDT,sun_modality,fwd_vol_5d,0.0148493075823808,0.0114883258513408,0.0022403224501805,0.0033609817310399,1.5002223143231486,0.0756972111553784,2092,3,False,False
NEARUSDT,moon_perigee_q4,fwd_vol_5d,0.0243280789144638,0.0167074392447264,0.0049416646788568,0.0076206396697373,1.5421199464104836,0.0756972111553784,2065,4,False,False
UNIUSDT,lunar_4phase,fwd_ret_1d,0.0088669876684473,0.0071598059307819,0.0011325952568106,0.0017071817376653,1.5073184594404252,0.0756972111553784,2096,4,False,False
SOLUSDT,mars_out_of_bounds,fwd_ret_1d,0.0157292873575078,0.0044281415028483,0.0058814142128342,0.0113011458546595,1.9215014358279043,0.0764119601328903,2133,2,False,False
BTCUSDT,aspect_opposition_count_q5,fwd_vol_5d,0.0573173160712263,0.034820988725983,0.0153394530230731,0.0224963273452433,1.4665664617509513,0.0764119601328903,3219,5,False,False
ATOMUSDT,saturn_sign,fwd_absret_1d,0.0431710071273434,0.030122049958566,0.0086176519809536,0.0130489571687774,1.514212594987311,0.0796812749003984,2603,4,False,False
UNIUSDT,venus_sign,fwd_absret_1d,0.0367779275668017,0.0307937641128858,0.0041909107219879,0.0059841634539158,1.427890940868668,0.0796812749003984,2096,12,False,False
FILUSDT,saturn_sign,fwd_vol_5d,0.0451981568229954,0.0324343185596633,0.0103500335745996,0.012763838263332,1.2332170877837718,0.0796812749003984,2064,4,False,False
AVAXUSDT,mars_saturn_hard_aspect,fwd_ret_1d,0.0038305769514037,0.0022592274667671,0.0009892977821547,0.0015713494846366,1.588348334526809,0.0796812749003984,2091,2,False,False
ADAUSDT,mercury_out_of_bounds,fwd_vol_5d,0.0096191453731398,0.0046934804373175,0.0030319386508284,0.0049256649358223,1.624592547239211,0.0796812749003984,2976,2,False,False
ETHUSDT,sun_sign,fwd_ret_1d,0.0111488439990052,0.0022258515622428,0.0048149518121624,0.0089229924367624,1.853184161516058,0.0797342192691029,3223,12,False,False
BTCUSDT,moon_void_of_course,fwd_ret_1d,0.0035834202621638,0.0010710441026544,0.0015039474793014,0.0025123761595093,1.6705212077461289,0.0830564784053156,3223,2,False,False
LTCUSDT,aspect_conjunction_count_q5,fwd_vol_5d,0.0217765945051652,0.0158687862974597,0.0046352356560674,0.0059078082077055,1.2745432262914873,0.0836653386454183,3101,5,False,False
UNIUSDT,lunar_8phase,fwd_ret_1d,0.019306014094106,0.0164520977775991,0.001800306765044,0.0028539163165068,1.5852389003476774,0.0836653386454183,2096,8,False,False
ADAUSDT,mercury_out_of_bounds,fwd_absret_1d,0.0036214864068218,0.0019156192864264,0.0009846440750486,0.0017058671203953,1.7324708121674757,0.0836653386454183,2980,2,False,False
FILUSDT,lunar_8phase,fwd_ret_1d,0.0158328546007527,0.0125421490217308,0.0020170543538678,0.0032907055790218,1.631441201726522,0.0836653386454183,2068,8,False,False
ADAUSDT,moon_out_of_bounds,fwd_vol_5d,0.0088019101107144,0.0048787290631351,0.0026223988145284,0.0039231810475792,1.4960276163352433,0.0836653386454183,2976,2,False,False
DOGEUSDT,mercury_sign,fwd_vol_5d,0.0912561005322371,0.0789104612090624,0.0091277342060192,0.0123456393231747,1.3525415009382489,0.0836653386454183,2532,12,False,False
AAVEUSDT,jupiter_sign,fwd_ret_1d,0.0437175249308723,0.0375423113305789,0.0042498024072766,0.0061752136002934,1.453058991570995,0.0836653386454183,2068,7,False,False
BTCUSDT,soft_aspect_count_q5,fwd_vol_5d,0.0338795627423116,0.0179276705503478,0.0109371037559686,0.0159518921919638,1.4585115536879247,0.0863787375415282,3219,5,False,False
SOLUSDT,lunar_4phase,fwd_vol_5d,0.0375435278503242,0.0191589399276529,0.0120173482001689,0.0183845879226712,1.529837333199086,0.0863787375415282,2129,4,False,False
ETHUSDT,harmonic_3_count_q5,fwd_ret_1d,0.0143897122244549,0.0045618626464551,0.0065415639552995,0.0098278495779998,1.502370021168698,0.0863787375415282,3223,5,False,False
BCHUSDT,neptune_retrograde,fwd_vol_5d,0.0130055771516016,0.0073509278174693,0.0037062716317772,0.0056546493341322,1.525697492231752,0.0876494023904382,2386,2,False,False
NEARUSDT,soft_aspect_count_q5,fwd_vol_5d,0.0446769216225096,0.0301581045343917,0.0100426711561262,0.0145188170881178,1.4457126856395293,0.0876494023904382,2065,5,False,False
DOTUSDT,aspect_trine_count_q5,fwd_vol_5d,0.0384920965193821,0.0238136041537664,0.0094206565337085,0.0146784923656156,1.5581177716323371,0.0876494023904382,2122,5,False,False
ADAUSDT,mercury_sign,fwd_vol_5d,0.0684949072395776,0.0585117748640259,0.008182258757805,0.0099831323755516,1.2200949237921304,0.0876494023904382,2976,12,False,False
BCHUSDT,aspect_opposition_count_q5,fwd_vol_5d,0.0301913791895838,0.0205676903299215,0.0068073286947402,0.0096236888596622,1.4137247209904906,0.0876494023904382,2386,5,False,False
BNBUSDT,lunar_4phase,fwd_ret_1d,0.0148108839654317,0.0046231912693408,0.0061455703147397,0.0101876926960908,1.6577294171797787,0.0897009966777408,3142,4,False,False
LTCUSDT,soft_aspect_count_q5,fwd_ret_1d,0.0098886083947743,0.0073127524881773,0.0018721832361389,0.0025758559065969,1.3758567307275371,0.0916334661354581,3105,5,False,False
ATOMUSDT,soft_aspect_count_q5,fwd_absret_1d,0.0201424422069283,0.0130413175628775,0.0045286011699655,0.0071011246440507,1.568061389717128,0.0916334661354581,2603,5,False,False
NEARUSDT,moon_out_of_bounds,fwd_vol_5d,0.0051001263553526,0.0031582287321886,0.0013234173321151,0.001941897623164,1.4673357950212071,0.0916334661354581,2065,2,False,False
UNIUSDT,saturn_sign,fwd_vol_5d,0.0641072700275723,0.0452665547502351,0.0134439390042254,0.0188407152773371,1.4014282028068927,0.0916334661354581,2092,4,False,False
ETHUSDT,mercury_retrograde,fwd_ret_1d,0.0057635475786539,0.0014331625753783,0.0027024824758872,0.0043303850032756,1.6023730188496013,0.0930232558139534,3223,2,False,False
BNBUSDT,mars_saturn_hard_aspect,fwd_absret_1d,0.0075300299253577,0.002691455261989,0.003005538047375,0.0048385746633687,1.60988634550629,0.0930232558139534,3142,2,False,False
LTCUSDT,jupiter_sign,fwd_ret_1d,0.0353695614299036,0.0310743116000445,0.0029434931193293,0.0042952498298591,1.459235559836392,0.095617529880478,3105,9,False,False
LINKUSDT,moon_decl_q4,fwd_ret_1d,0.006456675788566,0.004945245166791,0.0010966854137797,0.0015114306217749,1.378180654893353,0.095617529880478,2706,4,False,False
DOTUSDT,aspect_square_count_q5,fwd_ret_1d,0.0133227005363279,0.0097745210751001,0.002335956581333,0.0035481794612278,1.5189406727769614,0.095617529880478,2126,5,False,False
LINKUSDT,hard_aspect_count_q5,fwd_absret_1d,0.0107530377307639,0.007550358662494,0.0021211254433461,0.0032026790682698,1.50989611591172,0.095617529880478,2706,5,False,False
AAVEUSDT,aspect_trine_count_q5,fwd_ret_1d,0.0157086570688716,0.0111388292161187,0.0033791370810145,0.0045698278527528,1.3523653356438623,0.095617529880478,2068,5,False,False
FILUSDT,lunar_8phase,fwd_vol_5d,0.022368357837499,0.0200686901868271,0.0017235045618053,0.0022996676506719,1.334297397079736,0.095617529880478,2064,8,False,False
LTCUSDT,mercury_sign,fwd_absret_1d,0.0281878742496266,0.0230207078558032,0.0042019748872119,0.0051671663938234,1.2296994942899089,0.095617529880478,3105,12,False,False
SOLUSDT,jupiter_sign,fwd_absret_1d,0.0649633495793566,0.0465019977693229,0.0145389932458243,0.0184613518100337,1.2697819923216471,0.0963455149501661,2133,7,False,False
BTCUSDT,mars_out_of_bounds,fwd_absret_1d,0.0095271648104067,0.0036423559788676,0.0042320097345283,0.005884808831539,1.390547092443042,0.0963455149501661,3223,2,False,False
XRPUSDT,mars_out_of_bounds,fwd_vol_5d,0.0103553545746935,0.0056440413000392,0.0045180884297108,0.0047113132746543,1.042766946231683,0.099601593625498,2959,2,False,False
DOGEUSDT,moon_decl_q4,fwd_ret_1d,0.006991607181883,0.0052817064321099,0.001322319634874,0.0017099007497731,1.2931069800956925,0.099601593625498,2536,4,False,False
FILUSDT,jupiter_retrograde,fwd_absret_1d,0.0036072333691861,0.0021949291467595,0.0009973596708516,0.0014123042224266,1.4160430421461128,0.099601593625498,2068,2,False,False
LINKUSDT,soft_aspect_count_q5,fwd_vol_5d,0.0282171715938716,0.0179678740639831,0.0068744597159986,0.0102492975298884,1.4909240803369104,0.099601593625498,2702,5,False,False
UNIUSDT,aspect_trine_count_q5,fwd_absret_1d,0.0151227063921311,0.0111930362045834,0.0029969992622168,0.0039296701875477,1.3112015865632825,0.099601593625498,2096,5,False,False
LTCUSDT,aspect_trine_count_q5,fwd_ret_1d,0.009560015584483,0.0071108568166121,0.0017855714937927,0.0024491587678708,1.371638590997275,0.099601593625498,3105,5,False,False
SOLUSDT,pluto_retrograde,fwd_ret_1d,0.0111957867694012,0.0032164353239783,0.0054563322621483,0.0079793514454229,1.462402042628017,0.0996677740863787,2133,2,False,False
SOLUSDT,sun_element,fwd_absret_1d,0.0243725535553336,0.0113112831576111,0.0102124345547156,0.0130612703977224,1.2789575617590008,0.0996677740863787,2133,4,False,False
BNBUSDT,sun_sign,fwd_ret_1d,0.0331231712262938,0.0213537687823052,0.0094578506664471,0.0117694024439885,1.2444056117043525,0.0996677740863787,3142,12,False,False
ETHUSDT,aspect_square_count_q5,fwd_ret_1d,0.0128901230529185,0.004189445458088,0.0055840592467668,0.0087006775948305,1.5581277365329338,0.1029900332225913,3223,5,False,False
BNBUSDT,saturn_sign,fwd_absret_1d,0.0543447656160758,0.0379414537338672,0.010407832624011,0.0164033118822085,1.576054542265203,0.1029900332225913,3142,5,False,False
FILUSDT,moon_near_full,fwd_ret_1d,0.0027772904491156,0.0019677795208556,0.0006800941299745,0.00080951092826,1.1902924794988297,0.1035856573705179,2068,2,False,False
AVAXUSDT,saturn_sign,fwd_ret_1d,0.0273434583687328,0.0184935779302777,0.0064975281126826,0.008849880438455,1.36203803738546,0.1035856573705179,2091,4,False,False
UNIUSDT,moon_decl_sign,fwd_absret_1d,0.0045237448908595,0.0029992621040506,0.0011704148320979,0.0015244827868089,1.3025149246240535,0.1035856573705179,2096,2,False,False
AAVEUSDT,saturn_sign,fwd_absret_1d,0.0323208206706765,0.0202889849444054,0.0072695706205901,0.012031835726271,1.6550957895906986,0.1035856573705179,2068,4,False,False
BCHUSDT,aspect_opposition_count_q5,fwd_ret_1d,0.014118675846157,0.0104389357674191,0.0029538764332604,0.0036797400787378,1.2457325693465926,0.1035856573705179,2390,5,False,False
DOGEUSDT,mars_out_of_bounds,fwd_vol_5d,0.0148442100369686,0.0079216140619397,0.0049834708182497,0.0069225959750289,1.3891113698665714,0.1035856573705179,2532,2,False,False
BCHUSDT,venus_retrograde,fwd_absret_1d,0.0042845296366876,0.002391983765586,0.0012351841392562,0.0018925458711016,1.5321973549961,0.1035856573705179,2390,2,False,False
DOGEUSDT,aspect_opposition_count_q5,fwd_ret_1d,0.0136421046602191,0.0101022501521398,0.0025577316089174,0.0035398545080793,1.3839820001980232,0.1035856573705179,2536,5,False,False
XRPUSDT,mars_out_of_bounds,fwd_ret_1d,0.0035071152050312,0.0018730472234563,0.0015325803201501,0.0016340679815748,1.066220125686303,0.1035856573705179,2963,2,False,False
SOLUSDT,lunar_8phase,fwd_vol_5d,0.0502237802483866,0.038155967583289,0.0104207535250376,0.0120678126650976,1.158055666138033,0.1063122923588039,2129,8,False,False
LINKUSDT,hard_aspect_count_q5,fwd_vol_5d,0.0142698814457102,0.0105532436695279,0.0031989495738047,0.0037166377761822,1.1618306854902445,0.1075697211155378,2702,5,False,False
LTCUSDT,soft_aspect_count_q5,fwd_absret_1d,0.0099967613056454,0.0075598575636579,0.0020427701450019,0.0024369037419875,1.1929407466375743,0.1075697211155378,3105,5,False,False
NEARUSDT,lunar_8phase,fwd_vol_5d,0.0284889245589455,0.0250155034459665,0.0027810328100688,0.003473421112979,1.2489680453978529,0.1075697211155378,2065,8,False,False
LTCUSDT,sun_sign,fwd_ret_1d,0.0261808722889767,0.0222755428583627,0.0030085509724781,0.003905329430614,1.29807653795449,0.1075697211155378,3105,12,False,False
AVAXUSDT,venus_out_of_bounds,fwd_vol_5d,0.0100203090299196,0.0064321418738175,0.0041847109028219,0.0035881671561021,0.8574468438626162,0.1075697211155378,2087,2,False,False
DOTUSDT,mercury_sign,fwd_ret_1d,0.0375636200489852,0.0303798864941112,0.0054417347705335,0.007183733554874,1.3201182817239203,0.1075697211155378,2126,12,False,False
DOTUSDT,eclipse_window,fwd_vol_5d,0.0058387314927775,0.0036472399998831,0.0018237163767485,0.0021914914928943,1.201662451922246,0.1075697211155378,2122,2,False,False
NEARUSDT,mercury_sign,fwd_ret_1d,0.0398842422320049,0.0326241799479316,0.0050099002564382,0.0072600622840732,1.449143079194713,0.1075697211155378,2069,12,False,False
ADAUSDT,soft_aspect_count_q5,fwd_absret_1d,0.0103882926387158,0.0078967143474936,0.0019839078608084,0.0024915782912221,1.2558941574065263,0.1075697211155378,2980,5,False,False
AAVEUSDT,soft_aspect_count_q5,fwd_absret_1d,0.0193598381472443,0.0140099923563776,0.0040261455121409,0.0053498457908666,1.328776065031441,0.1075697211155378,2068,5,False,False
ETHUSDT,aspect_trine_count_q5,fwd_ret_1d,0.0152951319794123,0.0054133954481699,0.0073476194445004,0.0098817365312424,1.3448895395145524,0.1096345514950166,3223,5,False,False
ATOMUSDT,venus_sign,fwd_vol_5d,0.0695677939155579,0.0572763842424884,0.0088777022456651,0.0122914096730694,1.3845260105531516,0.1115537848605577,2599,12,False,False
XRPUSDT,moon_decl_q4,fwd_vol_5d,0.0103974281323233,0.0081206532594801,0.0017078319652409,0.0022767748728432,1.333137521244414,0.1115537848605577,2959,4,False,False
ADAUSDT,venus_sign,fwd_absret_1d,0.0234602783527727,0.0203125318973628,0.0024470948885766,0.0031477464554098,1.2863197377853592,0.1115537848605577,2980,12,False,False
AVAXUSDT,lunar_8phase,fwd_absret_1d,0.0134609121487707,0.0114850036822485,0.0013659009841541,0.0019759084665222,1.4465971468245622,0.1115537848605577,2091,8,False,False
NEARUSDT,aspect_opposition_count_q5,fwd_vol_5d,0.0535114539046059,0.0355621644545174,0.0138330260432467,0.0179492894500885,1.2975678202276877,0.1115537848605577,2065,5,False,False
LTCUSDT,jupiter_sign,fwd_vol_5d,0.09506930554508,0.0834554391907224,0.0086790798468542,0.0116138663543575,1.3381448908511908,0.1115537848605577,3101,9,False,False
DOTUSDT,sun_modality,fwd_absret_1d,0.005247600442365,0.0040233760091409,0.0010091724991909,0.0012242244332241,1.2130972992284463,0.1115537848605577,2126,3,False,False
FILUSDT,venus_sign,fwd_vol_5d,0.0962598681266247,0.0806182074108976,0.0123171453764899,0.0156416607157271,1.2699095640766491,0.1115537848605577,2064,12,False,False
NEARUSDT,sun_sign,fwd_absret_1d,0.030304981371458,0.0257735311877912,0.0037896752990968,0.0045314501836667,1.1957357361847505,0.1115537848605577,2069,12,False,False
LTCUSDT,lunar_8phase,fwd_ret_1d,0.014454278089703,0.0116656185068677,0.0019827383732668,0.0027886595828352,1.4064687607980269,0.1115537848605577,3105,8,False,False
AAVEUSDT,venus_out_of_bounds,fwd_ret_1d,0.0057934114632918,0.0034540935696565,0.0018805013404593,0.0023393178936352,1.2439862941357502,0.1115537848605577,2068,2,False,False
BTCUSDT,moon_near_new,fwd_absret_1d,0.0038432039669713,0.0012559870123184,0.0018462940338146,0.0025872169546529,1.401302775867976,0.1129568106312292,3223,2,False,False
ADAUSDT,aspect_opposition_count_q5,fwd_vol_5d,0.0377778356245169,0.0257237805047278,0.0095715058583969,0.0120540551197891,1.2593687240147602,0.1155378486055776,2976,5,False,False
ATOMUSDT,soft_aspect_count_q5,fwd_ret_1d,0.0176884710887717,0.0126566929521488,0.0038630270099521,0.0050317781366228,1.3025480079895089,0.1155378486055776,2603,5,False,False
BCHUSDT,soft_aspect_count_q5,fwd_vol_5d,0.0253254835479985,0.0168544703159671,0.0060377432353596,0.0084710132320314,1.4030098501740549,0.1155378486055776,2386,5,False,False
LTCUSDT,harmonic_3_count_q5,fwd_ret_1d,0.0091217646499308,0.0070401280393927,0.0016869869005402,0.0020816366105381,1.2339376256398384,0.1155378486055776,3105,5,False,False
FILUSDT,aspect_opposition_count_q5,fwd_ret_1d,0.013551502935328,0.010539902419289,0.0025756775398034,0.003011600516039,1.169245943833806,0.1155378486055776,2068,5,False,False
LINKUSDT,mars_saturn_hard_aspect,fwd_ret_1d,0.0033048572615192,0.0019664642446669,0.0009987138664695,0.0013383930168523,1.340116585727986,0.1155378486055776,2706,2,False,False
BNBUSDT,moon_out_of_bounds,fwd_absret_1d,0.0073824078865019,0.0023857824451017,0.0035922075683495,0.0049966254414001,1.3909623389875252,0.1162790697674418,3142,2,False,False
BNBUSDT,moon_decl_sign,fwd_ret_1d,0.0104172516486971,0.0037437708757683,0.0048256377237322,0.0066734807729288,1.3829220416006194,0.1162790697674418,3142,2,False,False
BNBUSDT,saturn_sign,fwd_ret_1d,0.0514811226267455,0.0390359271891954,0.0101371859120019,0.0124451954375501,1.2276775374924875,0.1162790697674418,3142,5,False,False
BCHUSDT,lunar_4phase,fwd_vol_5d,0.0146278668651413,0.0126144144184434,0.001628779970075,0.0020134524466978,1.2361721556565428,0.1195219123505976,2386,4,False,False
ATOMUSDT,sun_modality,fwd_ret_1d,0.0039975554684059,0.0029581342517095,0.0007680062322513,0.0010394212166964,1.3534020598367265,0.1195219123505976,2603,3,False,False
DOGEUSDT,venus_sign,fwd_absret_1d,0.0347180359774166,0.0300399409478785,0.0042591022691076,0.004678095029538,1.0983758393099636,0.1195219123505976,2536,12,False,False
LTCUSDT,jupiter_sign,fwd_absret_1d,0.0359825122538013,0.0315768811928715,0.003423782764039,0.0044056310609298,1.2867729539395305,0.1195219123505976,3105,9,False,False
ADAUSDT,mars_sign,fwd_absret_1d,0.0298206124481635,0.024671701985154,0.0043739828225885,0.0051489104630094,1.1771675088477682,0.1195219123505976,2980,12,False,False
LTCUSDT,venus_sign,fwd_vol_5d,0.0616837515013841,0.0488149765023136,0.0092258911191746,0.0128687749990705,1.394854419246799,0.1195219123505976,3101,12,False,False
XRPUSDT,eclipse_window,fwd_ret_1d,0.0025451330713568,0.0015848891805413,0.000709786051285,0.0009602438908154,1.352863851123862,0.1195219123505976,2963,2,False,False
LINKUSDT,harmonic_4_count_q5,fwd_ret_1d,0.0102643541176811,0.00775504210614,0.0020311539416514,0.002509312011541,1.2354120286426264,0.1195219123505976,2706,5,False,False
DOGEUSDT,aspect_opposition_count_q5,fwd_absret_1d,0.0142991815925654,0.0110383574531777,0.0026201372835122,0.0032608241393876,1.2445241552444617,0.1195219123505976,2536,5,False,False
ADAUSDT,aspect_opposition_count_q5,fwd_ret_1d,0.0136710680399509,0.0095734088617611,0.0031626464978549,0.0040976591781898,1.2956424883302944,0.1195219123505976,2980,5,False,False
BTCUSDT,aspect_conjunction_count_q5,fwd_vol_5d,0.0426468432666267,0.0274679115774647,0.0124390370018009,0.0151789316891619,1.2202658201727576,0.1229235880398671,3219,5,False,False
BNBUSDT,moon_void_of_course,fwd_absret_1d,0.0032210927141762,0.0010361644537272,0.0015666260227854,0.002184928260449,1.394671241681687,0.1229235880398671,3142,2,False,False
UNIUSDT,saturn_sign,fwd_ret_1d,0.0259985801466895,0.0184714116616382,0.0053717337180488,0.0075271684850512,1.401254954198533,0.1235059760956175,2096,4,False,False
DOTUSDT,moon_decl_q4,fwd_vol_5d,0.0153587762666644,0.0120627076972841,0.0028328436133106,0.0032960685693803,1.1635194240490854,0.1235059760956175,2122,4,False,False
AAVEUSDT,moon_out_of_bounds,fwd_absret_1d,0.0028316347659839,0.0018401556686842,0.0008523980262759,0.0009914790972996,1.163164468636024,0.1235059760956175,2068,2,False,False
AAVEUSDT,jupiter_sign,fwd_absret_1d,0.0448426685895718,0.0394680616392805,0.0043082128771405,0.0053746069502913,1.247525854353453,0.1235059760956175,2068,7,False,False
DOTUSDT,aspect_conjunction_count_q5,fwd_ret_1d,0.0182115639251446,0.0136919235895276,0.0036306390271567,0.004519640335617,1.2448608362909706,0.1274900398406374,2126,5,False,False
DOTUSDT,sun_modality,fwd_vol_5d,0.0115222259473594,0.0087492971660466,0.0023471690016874,0.0027729287813128,1.1813928947252343,0.1274900398406374,2122,3,False,False
BCHUSDT,aspect_trine_count_q5,fwd_ret_1d,0.0116633331099252,0.0089002531448679,0.0024969295040778,0.0027630799650572,1.1065910994061918,0.1274900398406374,2390,5,False,False
AAVEUSDT,mercury_sign,fwd_ret_1d,0.038800042408338,0.0315763275745764,0.0057988910086124,0.0072237148337616,1.2457062605648213,0.1274900398406374,2068,12,False,False
LTCUSDT,harmonic_3_count_q5,fwd_vol_5d,0.0161692921415458,0.0118870544305046,0.0035860807507016,0.0042822377110412,1.194127519354751,0.1274900398406374,3101,5,False,False
BCHUSDT,eclipse_window,fwd_ret_1d,0.0030459012715363,0.0019395085595647,0.0009462277493561,0.0011063927119715,1.1692668205138104,0.1274900398406374,2390,2,False,False
UNIUSDT,mars_sign,fwd_absret_1d,0.0432875766307242,0.0358634210464773,0.0054663678403354,0.0074241555842468,1.3581514821350305,0.1274900398406374,2096,12,False,False
UNIUSDT,aspect_square_count_q5,fwd_ret_1d,0.0121095377911761,0.0096389318172752,0.0022473086813124,0.0024706059739009,1.099362092286344,0.1274900398406374,2096,5,False,False
AAVEUSDT,soft_aspect_count_q5,fwd_ret_1d,0.0192586516742257,0.0140089141108065,0.0037081760281392,0.0052497375634192,1.4157196216096366,0.1274900398406374,2068,5,False,False
LTCUSDT,sun_element,fwd_vol_5d,0.0162742515111049,0.0119652879640665,0.003571921248769,0.0043089635470383,1.2063433785174766,0.1274900398406374,3101,4,False,False
DOTUSDT,venus_sign,fwd_vol_5d,0.0925047478591996,0.0757629724263974,0.0125327240824203,0.0167417754328021,1.3358448907596958,0.1274900398406374,2122,12,False,False
ATOMUSDT,mercury_sign,fwd_vol_5d,0.071773187107623,0.0607995440665056,0.0096763966173103,0.0109736430411174,1.134062965286724,0.1274900398406374,2599,12,False,False
BNBUSDT,sun_modality,fwd_ret_1d,0.0040565181254139,0.0011851671031111,0.0026608525742442,0.0028713510223027,1.0791093990310132,0.1295681063122923,3142,3,False,False
BNBUSDT,aspect_opposition_count_q5,fwd_vol_5d,0.0848312921169038,0.0478807413722283,0.0276829557686025,0.0369505507446755,1.334776208636801,0.1295681063122923,3138,5,False,False
LINKUSDT,uranus_retrograde,fwd_ret_1d,0.0029347997692142,0.0018924872129522,0.0009851513020577,0.0010423125562619,1.0580228174949986,0.1314741035856573,2706,2,False,False
ATOMUSDT,sun_element,fwd_ret_1d,0.007983268453649,0.0058592952444146,0.0017112335754057,0.0021239732092343,1.241194212035435,0.1314741035856573,2603,4,False,False
FILUSDT,aspect_opposition_count_q5,fwd_absret_1d,0.0142109584794425,0.0107843600379145,0.0028653501333335,0.0034265984415279,1.1958742499442745,0.1314741035856573,2068,5,False,False
LINKUSDT,mars_saturn_hard_aspect,fwd_vol_5d,0.0093929423600103,0.0057157168893559,0.003389638157127,0.0036772254706544,1.0848430717959248,0.1314741035856573,2702,2,False,False
UNIUSDT,aspect_square_count_q5,fwd_absret_1d,0.0125018098620549,0.0100115306408935,0.0024059377379419,0.0024902792211613,1.0350555552162992,0.1314741035856573,2096,5,False,False
NEARUSDT,saturn_sign,fwd_ret_1d,0.0249242996771788,0.0175818060246458,0.0064794698208966,0.0073424936525329,1.1331935876687016,0.1314741035856573,2069,4,False,False
AAVEUSDT,saturn_sign,fwd_vol_5d,0.0686403806559587,0.0430055342236489,0.017380912273425,0.0256348464323098,1.4748849789377816,0.1314741035856573,2064,4,False,False
ATOMUSDT,aspect_conjunction_count_q5,fwd_vol_5d,0.0348156784549249,0.0250181050049473,0.0076337832172184,0.0097975734499776,1.2834492637777086,0.1314741035856573,2599,5,False,False
XRPUSDT,mars_saturn_hard_aspect,fwd_vol_5d,0.0068391618092768,0.0046469273275282,0.0028151677224073,0.0021922344817485,0.7787225124455128,0.1314741035856573,2959,2,False,False
SOLUSDT,mercury_retrograde,fwd_absret_1d,0.0104342618677963,0.0042302129887123,0.0047791234506047,0.006204048879084,1.2981562295276172,0.132890365448505,2133,2,False,False
BNBUSDT,jupiter_sign,fwd_vol_5d,0.2039181006392003,0.1927700000576921,0.0100714240246275,0.0111481005815081,1.1069041035555458,0.132890365448505,3138,9,False,False
LTCUSDT,moon_void_of_course,fwd_ret_1d,0.0023256954529432,0.0016147583379338,0.0007681933859429,0.0007109371150093,0.9254663318101012,0.1354581673306772,3105,2,False,False
XRPUSDT,jupiter_sign,fwd_ret_1d,0.0356349386683675,0.0312750111577102,0.004254605583215,0.0043599275106573,1.0247548040311625,0.1354581673306772,2963,9,False,False
FILUSDT,moon_decl_sign,fwd_ret_1d,0.0039724827844646,0.0025955651683947,0.0010367272503464,0.0013769176160699,1.328138732351991,0.1354581673306772,2068,2,False,False
XRPUSDT,mars_saturn_hard_aspect,fwd_absret_1d,0.0032933159527058,0.0021997501781209,0.0014114628923802,0.0010935657745849,0.7747747252077807,0.1354581673306772,2963,2,False,False
NEARUSDT,mercury_sign,fwd_vol_5d,0.1006636246296553,0.0832794793258943,0.0143525740067189,0.0173841453037609,1.2112214363516107,0.1354581673306772,2065,12,False,False
ADAUSDT,mars_out_of_bounds,fwd_absret_1d,0.0037390962136757,0.0023807805096421,0.0016066846954741,0.0013583157040335,0.8454152254389458,0.1354581673306772,2980,2,False,False
SOLUSDT,moon_decl_sign,fwd_ret_1d,0.0034244946162305,0.0011584731031668,0.0026776294639852,0.0022660215130636,0.8462789730775765,0.1362126245847176,2133,2,False,False
BNBUSDT,mercury_retrograde,fwd_ret_1d,0.0070929037607525,0.0027433140824952,0.0035417274274861,0.0043495896782573,1.2280983693159435,0.1362126245847176,3142,2,False,False
BTCUSDT,jupiter_saturn_aspect,fwd_ret_1d,0.0103474321744807,0.0043167563679423,0.0048796410703297,0.0060306758065383,1.2358851234381651,0.1362126245847176,3223,2,False,False
FILUSDT,eclipse_window,fwd_vol_5d,0.0061008647645059,0.0038902381494707,0.0018849591136186,0.0022106266150352,1.1727716527449648,0.1394422310756972,2064,2,False,False
ATOMUSDT,hard_aspect_count_q5,fwd_vol_5d,0.0186000124664463,0.0140655377018311,0.0040745452270468,0.0045344747646151,1.112878741537899,0.1394422310756972,2599,5,False,False
AAVEUSDT,mercury_sign,fwd_absret_1d,0.0407420458083622,0.034910022130822,0.0052151448196545,0.0058320236775401,1.1182860455879802,0.1394422310756972,2068,12,False,False
DOGEUSDT,aspect_opposition_count_q5,fwd_vol_5d,0.0333012138739715,0.0267708930733096,0.0059445753591632,0.0065303208006619,1.0985344462991409,0.1394422310756972,2532,5,False,False
BCHUSDT,venus_retrograde,fwd_ret_1d,0.0039400201665793,0.0022243006962489,0.0013411774723424,0.0017157194703304,1.2792635618414951,0.1394422310756972,2390,2,False,False
ATOMUSDT,moon_sign,fwd_absret_1d,0.0186190406603482,0.0168573770186325,0.0015361328661785,0.0017616636417156,1.146817232091489,0.1394422310756972,2603,12,False,False
DOTUSDT,lunar_8phase,fwd_vol_5d,0.0299342733252259,0.026449219282288,0.0036220381946978,0.0034850540429379,0.9621803679595552,0.1394422310756972,2122,8,False,False
UNIUSDT,moon_out_of_bounds,fwd_vol_5d,0.0037808073558199,0.0025630234609253,0.0009968856391033,0.0012177838948946,1.221588361920831,0.1394422310756972,2092,2,False,False
AAVEUSDT,aspect_opposition_count_q5,fwd_ret_1d,0.0190552561495413,0.0148727463470581,0.0040159628991986,0.0041825098024832,1.0414712255727716,0.1394422310756972,2068,5,False,False
BNBUSDT,jupiter_saturn_aspect,fwd_ret_1d,0.0114794288860187,0.0052469007966818,0.0050069176396483,0.0062325280893368,1.2447834252321757,0.1395348837209302,3142,2,False,False
BTCUSDT,moon_near_full,fwd_absret_1d,0.0028646046100631,0.001145434658854,0.0016832894615768,0.001719169951209,1.021315697894693,0.1395348837209302,3223,2,False,False
BNBUSDT,uranus_retrograde,fwd_absret_1d,0.0158863280911703,0.0066098603080908,0.0072211353021182,0.0092764677830794,1.284627332818197,0.1395348837209302,3142,2,False,False
ETHUSDT,sun_modality,fwd_vol_5d,0.0273986401181005,0.0178262068590713,0.0086626970601572,0.0095724332590292,1.1050176628080628,0.1428571428571428,3219,3,False,False
BTCUSDT,mars_retrograde,fwd_absret_1d,0.0053805899824708,0.0024023204103322,0.0026419570109454,0.0029782695721385,1.1272967575928832,0.1428571428571428,3223,2,False,False
BNBUSDT,aspect_opposition_count_q5,fwd_ret_1d,0.0317989206870525,0.0171820808844691,0.0127799375289792,0.0146168398025834,1.1437332748645217,0.1428571428571428,3142,5,False,False
DOTUSDT,mercury_sign,fwd_absret_1d,0.0411963702823532,0.034038458798247,0.0057483887433371,0.0071579114841061,1.2452031001561457,0.1434262948207171,2126,12,False,False
UNIUSDT,jupiter_retrograde,fwd_ret_1d,0.0046726452728717,0.0027635278604935,0.0016866578288682,0.0019091174123782,1.131893724798518,0.1434262948207171,2096,2,False,False
DOTUSDT,venus_retrograde,fwd_vol_5d,0.012010106420558,0.007660212250229,0.004380643423157,0.0043498941703289,0.9929806537858096,0.1434262948207171,2122,2,False,False
DOGEUSDT,mercury_out_of_bounds,fwd_absret_1d,0.0035890057656477,0.0023292352681899,0.0011084463520131,0.0012597704974577,1.1365191424643264,0.1434262948207171,2536,2,False,False
LINKUSDT,moon_sign,fwd_vol_5d,0.0253474932005629,0.0232820168075363,0.0019439131258374,0.0020654763930266,1.0625353394518415,0.1434262948207171,2702,12,False,False
ADAUSDT,pluto_out_of_bounds,fwd_vol_5d,0.0105539565903033,0.0074385561544929,0.0059972578130234,0.0031154004358104,0.5194708203214385,0.1434262948207171,2976,2,False,False
XRPUSDT,aspect_opposition_count_q5,fwd_vol_5d,0.0266077752560375,0.0189743872788335,0.0066026225879949,0.0076333879772039,1.1561145401651796,0.1434262948207171,2959,5,False,False
AVAXUSDT,jupiter_sign,fwd_vol_5d,0.1280199262351352,0.1097673254261837,0.0140947291374229,0.0182526008089514,1.294994790675965,0.1434262948207171,2087,7,False,False
BNBUSDT,aspect_opposition_count_q5,fwd_absret_1d,0.0314413044065595,0.0173892575657969,0.0124322656978335,0.0140520468407626,1.1302884914381508,0.1461794019933555,3142,5,False,False
BCHUSDT,mercury_out_of_bounds,fwd_ret_1d,0.0024717588085032,0.0016678339214347,0.0007249434290836,0.0008039248870685,1.108948443169918,0.147410358565737,2390,2,False,False
DOTUSDT,mercury_out_of_bounds,fwd_ret_1d,0.0033558859911344,0.0021833086385944,0.0011430142970077,0.0011725773525399,1.02586411701902,0.147410358565737,2126,2,False,False
DOGEUSDT,sun_modality,fwd_vol_5d,0.0120139849465478,0.0096942567345209,0.002084702804048,0.0023197282120269,1.1127380879051385,0.147410358565737,2532,3,False,False
LTCUSDT,saturn_retrograde,fwd_vol_5d,0.0091587170843129,0.0059629021989225,0.0033383349688941,0.0031958148853904,0.9573080338457026,0.147410358565737,3101,2,False,False
XRPUSDT,neptune_retrograde,fwd_ret_1d,0.002378508124085,0.0017270882487037,0.0007022053556833,0.0006514198753813,0.927677167525117,0.147410358565737,2963,2,False,False
ATOMUSDT,mercury_sign,fwd_ret_1d,0.0284363832073607,0.0247335595100861,0.0033841894140752,0.0037028236972745,1.0941537970286297,0.147410358565737,2603,12,False,False
UNIUSDT,mercury_sign,fwd_vol_5d,0.0826307991627279,0.0731171558546209,0.0089235112918619,0.009513643308107,1.0661322653094247,0.1513944223107569,2092,12,False,False
DOTUSDT,uranus_retrograde,fwd_absret_1d,0.0049478391570243,0.0035124011500478,0.0016780659680545,0.0014354380069765,0.8554121436838636,0.1513944223107569,2126,2,False,False
BCHUSDT,venus_out_of_bounds,fwd_vol_5d,0.0065127148872236,0.0045022892396005,0.0022181924149634,0.002010425647623,0.9063351015273184,0.1513944223107569,2386,2,False,False
FILUSDT,moon_void_of_course,fwd_absret_1d,0.003527561700517,0.0023443987188775,0.0011675297934362,0.0011831629816394,1.0133899693961852,0.1513944223107569,2068,2,False,False
SOLUSDT,sun_modality,fwd_ret_1d,0.0144768391093741,0.0067188575523535,0.0071053288816146,0.0077579815570205,1.0918539713333597,0.1528239202657807,2133,3,False,False
ETHUSDT,neptune_retrograde,fwd_ret_1d,0.0014983193311206,0.0008011372337762,0.0022010318169236,0.0006971820973444,0.3167523940289387,0.1528239202657807,3223,2,False,False
ETHUSDT,eclipse_window,fwd_absret_1d,0.0029245133885615,0.0011732330645479,0.001680070410975,0.0017512803240136,1.0423850765857627,0.1528239202657807,3223,2,False,False
ETHUSDT,mars_out_of_bounds,fwd_ret_1d,0.0079269481537751,0.0029836204155479,0.0044522502675402,0.0049433277382272,1.1102987121517456,0.1528239202657807,3223,2,False,False
UNIUSDT,moon_sign,fwd_ret_1d,0.0261205188049949,0.023683295684225,0.0026040533229496,0.0024372231207699,0.935934413973208,0.1553784860557769,2096,12,False,False
UNIUSDT,saturn_retrograde,fwd_ret_1d,0.0047776560504231,0.0029099138866959,0.0015388861261297,0.0018677421637271,1.213697447792618,0.1553784860557769,2096,2,False,False
LTCUSDT,harmonic_4_count_q5,fwd_vol_5d,0.0111300891500385,0.0089444349480175,0.0022509151795526,0.0021856542020209,0.9710069139323758,0.1553784860557769,3101,5,False,False
NEARUSDT,aspect_opposition_count_q5,fwd_absret_1d,0.0187209504048919,0.0144053466084499,0.004574888721066,0.0043156037964419,0.9433243209982164,0.1553784860557769,2069,5,False,False
DOGEUSDT,mercury_sign,fwd_ret_1d,0.0355543292962821,0.0317683817079421,0.00341249911798,0.00378594758834,1.1094354774752502,0.1553784860557769,2536,12,False,False
NEARUSDT,saturn_retrograde,fwd_vol_5d,0.0204316370004045,0.0104622743610773,0.0082259439069705,0.0099693626393271,1.211941480767854,0.1553784860557769,2065,2,False,False
LINKUSDT,lunar_8phase,fwd_vol_5d,0.0227213828550914,0.0193927132496403,0.0030303852921953,0.0033286696054511,1.0984311513205938,0.1553784860557769,2702,8,False,False
DOGEUSDT,eclipse_window,fwd_ret_1d,0.0025699123419556,0.001777614674326,0.000825067228106,0.0007922976676295,0.9602825571539372,0.1553784860557769,2536,2,False,False
ATOMUSDT,jupiter_retrograde,fwd_absret_1d,0.0028997629025007,0.0020393600171543,0.0009162186668291,0.0008604028853464,0.9390802834482804,0.1553784860557769,2603,2,False,False
DOGEUSDT,moon_decl_sign,fwd_ret_1d,0.0027308711418451,0.0019464081440653,0.0007641732060539,0.0007844629977797,1.0265512995811954,0.1553784860557769,2536,2,False,False
FILUSDT,harmonic_3_count_q5,fwd_vol_5d,0.0208187427878054,0.0166881438366739,0.0045911409794785,0.0041305989511315,0.8996889813652915,0.1553784860557769,2064,5,False,False
AVAXUSDT,aspect_opposition_count_q5,fwd_vol_5d,0.0467097768993003,0.0345869118194262,0.0108231471342481,0.0121228650798741,1.1200868776433066,0.1553784860557769,2087,5,False,False
SOLUSDT,lunar_8phase,fwd_absret_1d,0.0122302198995103,0.0050088960188737,0.0073396261858577,0.0072213238806365,0.9838816988460336,0.1561461794019933,2133,8,False,False
BCHUSDT,lunar_8phase,fwd_absret_1d,0.0187042787251891,0.0168251369267845,0.0017470476937265,0.0018791417984045,1.0756099018660674,0.1593625498007968,2390,8,False,False
BCHUSDT,sun_modality,fwd_ret_1d,0.0049444015514412,0.0040397145976844,0.0008745823754002,0.0009046869537568,1.0344216613590145,0.1593625498007968,2390,3,False,False
ATOMUSDT,saturn_sign,fwd_vol_5d,0.1126559595215785,0.0798744539174275,0.0241145067162414,0.032781505604151,1.3594101670788992,0.1593625498007968,2599,4,False,False
DOGEUSDT,eclipse_window,fwd_vol_5d,0.0045719916272264,0.0032117141416024,0.0014400227767638,0.0013602774856239,0.9446222015188638,0.1593625498007968,2532,2,False,False
BCHUSDT,mars_saturn_hard_aspect,fwd_absret_1d,0.0034186230372004,0.0024069662020306,0.0014329097913531,0.0010116568351697,0.7060157179988499,0.1593625498007968,2390,2,False,False
DOTUSDT,moon_decl_q4,fwd_ret_1d,0.0093969692406408,0.0072382037126468,0.0021073367133724,0.0021587655279939,1.0244046498574333,0.1593625498007968,2126,4,False,False
AVAXUSDT,eclipse_window,fwd_vol_5d,0.0047846590309345,0.0033312937208006,0.0015248464533785,0.0014533653101339,0.9531223992512206,0.1593625498007968,2087,2,False,False
BNBUSDT,harmonic_3_count_q5,fwd_absret_1d,0.0145607031691943,0.0069443731131896,0.0078310065731315,0.0076163300560046,0.9725863444089834,0.1594684385382059,3142,5,False,False
ETHUSDT,sun_modality,fwd_absret_1d,0.0072555385488017,0.0031594633310542,0.0039301412801577,0.0040960752177475,1.0422208581730938,0.1594684385382059,3223,3,False,False
SOLUSDT,n_retrograde,fwd_absret_1d,0.0218626371763051,0.0117604884791379,0.0107831527062895,0.0101021486971671,0.9368455564275548,0.1594684385382059,2133,7,False,False
BTCUSDT,soft_aspect_count_q5,fwd_absret_1d,0.0141136606225669,0.0061087014502869,0.0073972067074535,0.0080049591722799,1.0821597244557213,0.1594684385382059,3223,5,False,False
BTCUSDT,harmonic_3_count_q5,fwd_absret_1d,0.0127711266243935,0.0052318683305366,0.0067123912601622,0.0075392582938568,1.1231851663060877,0.1594684385382059,3223,5,False,False
SOLUSDT,aspect_opposition_count_q5,fwd_absret_1d,0.0244471086422879,0.0122694607615402,0.0107691743662868,0.0121776478807476,1.1307875113314194,0.1627906976744186,2133,5,False,False
DOGEUSDT,jupiter_sign,fwd_ret_1d,0.043402107544805,0.0389795225929987,0.0046844951971686,0.0044225849518063,0.9440899746208388,0.1633466135458167,2536,8,False,False
AVAXUSDT,moon_near_new,fwd_ret_1d,0.0028026244347795,0.0020074811791471,0.0008339417918439,0.0007951432556324,0.9534757262545972,0.1633466135458167,2091,2,False,False
AVAXUSDT,moon_near_new,fwd_vol_5d,0.0032765344266765,0.0023223309012288,0.0010245154053011,0.0009542035254477,0.9313705977581106,0.1633466135458167,2087,2,False,False
LINKUSDT,moon_void_of_course,fwd_ret_1d,0.0025229110829396,0.0017970099838961,0.0008309996072225,0.0007259010990435,0.8735276078765684,0.1633466135458167,2706,2,False,False
NEARUSDT,sun_sign,fwd_ret_1d,0.032000420549916,0.0286227367711904,0.003344828842132,0.0033776837787256,1.0098226062212123,0.1633466135458167,2069,12,False,False
LTCUSDT,neptune_retrograde,fwd_ret_1d,0.0033863425459073,0.0024138634693994,0.0016209985855362,0.0009724790765079,0.5999259254049334,0.1633466135458167,3105,2,False,False
ADAUSDT,mercury_sign,fwd_absret_1d,0.0244112684269928,0.021385346049619,0.0030191591357997,0.0030259223773738,1.002240107682249,0.1633466135458167,2980,12,False,False
SOLUSDT,mars_sign,fwd_ret_1d,0.0248931184913501,0.0137614033095681,0.0110125743871745,0.0111317151817819,1.0108186142875228,0.1661129568106312,2133,12,False,False
SOLUSDT,moon_decl_sign,fwd_absret_1d,0.0065197543102497,0.0027645891543782,0.003916106533673,0.0037551651558715,0.9589027069571144,0.1661129568106312,2133,2,False,False
ADAUSDT,soft_aspect_count_q5,fwd_vol_5d,0.0212688419873806,0.0158996165270456,0.005415679474843,0.0053692254603349,0.991422310953986,0.1673306772908366,2976,5,False,False
AAVEUSDT,venus_out_of_bounds,fwd_absret_1d,0.0053041925172386,0.0035525504216586,0.0019889558199211,0.0017516420955799,0.8806842656009186,0.1673306772908366,2068,2,False,False
AVAXUSDT,moon_decl_sign,fwd_absret_1d,0.0040145128896608,0.0029994802017056,0.0010483181175264,0.0010150326879551,0.968248731930932,0.1673306772908366,2091,2,False,False
LINKUSDT,mercury_sign,fwd_ret_1d,0.025412241292115,0.0225538044343618,0.0031686257745521,0.0028584368577531,0.9021061687719129,0.1673306772908366,2706,12,False,False
AVAXUSDT,eclipse_window,fwd_ret_1d,0.0030287820679496,0.0021465490078655,0.0010404393848673,0.000882233060084,0.8479427758269334,0.1673306772908366,2091,2,False,False
LINKUSDT,aspect_opposition_count_q5,fwd_ret_1d,0.0154883871660692,0.0113404120042544,0.0040447051897162,0.0041479751618148,1.025532138253521,0.1673306772908366,2706,5,False,False
LINKUSDT,mercury_retrograde,fwd_ret_1d,0.002770509177441,0.0019766702804034,0.0008144643266293,0.0007938388970376,0.9746760798265915,0.1673306772908366,2706,2,False,False
SOLUSDT,aspect_opposition_count_q5,fwd_ret_1d,0.021140263624011,0.0096771047805621,0.0107659737718031,0.0114631588434488,1.0647581989723731,0.1694352159468438,2133,5,False,False
BTCUSDT,harmonic_3_count_q5,fwd_ret_1d,0.0118131635349221,0.005034114072199,0.0065609996929547,0.006779049462723,1.0332342295340216,0.1694352159468438,3223,5,False,False
ETHUSDT,jupiter_retrograde,fwd_vol_5d,0.0196117885794719,0.01189363464051,0.0078942459832122,0.0077181539389619,0.9776936208189118,0.1694352159468438,3219,2,False,False
SOLUSDT,eclipse_window,fwd_ret_1d,0.0035147539771307,0.0014704813077323,0.0019516644753956,0.0020442726693984,1.0474508785553496,0.1694352159468438,2133,2,False,False
LTCUSDT,moon_near_new,fwd_vol_5d,0.0029838361470032,0.0019769825492883,0.001014202808875,0.0010068535977149,0.9927537065606616,0.1713147410358565,3101,2,False,False
NEARUSDT,mars_saturn_hard_aspect,fwd_absret_1d,0.0036535385433946,0.0024557632523852,0.0012166500494317,0.0011977752910094,0.9844862880405778,0.1713147410358565,2069,2,False,False
NEARUSDT,saturn_sign,fwd_vol_5d,0.0776934876897671,0.0552550544736298,0.0226427943350981,0.0224384332161373,0.9909745627709908,0.1713147410358565,2065,4,False,False
ATOMUSDT,soft_aspect_count_q5,fwd_vol_5d,0.036425386076199,0.026908849684011,0.0102355404319658,0.009516536392188,0.9297541693516944,0.1713147410358565,2599,5,False,False
SOLUSDT,mars_saturn_hard_aspect,fwd_vol_5d,0.0186470690461495,0.0111297258161192,0.0077797900078952,0.0075173432300302,0.9662655704590192,0.1727574750830564,2129,2,False,False
ETHUSDT,moon_void_of_course,fwd_vol_5d,0.0025793756568788,0.0010727395399398,0.0016649018729368,0.0015066361169389,0.904939889509101,0.1727574750830564,3219,2,False,False
ADAUSDT,aspect_trine_count_q5,fwd_vol_5d,0.0180126529510739,0.0140528834277842,0.0046776260025263,0.0039597695232897,0.8465340155777915,0.1752988047808765,2976,5,False,False
LTCUSDT,sun_sign,fwd_vol_5d,0.0624791325085522,0.0540613861493606,0.0089525669181859,0.0084177463591915,0.9402606465964546,0.1752988047808765,3101,12,False,False
XRPUSDT,aspect_conjunction_count_q5,fwd_vol_5d,0.0198601088909564,0.0160885570822978,0.0044101881949414,0.0037715518086585,0.855190672585047,0.1752988047808765,2959,5,False,False
UNIUSDT,mars_out_of_bounds,fwd_vol_5d,0.0111256602768297,0.0078740609456483,0.0042753975975449,0.0032515993311814,0.7605372967063078,0.1752988047808765,2092,2,False,False
UNIUSDT,moon_decl_sign,fwd_vol_5d,0.0052918320373078,0.0038017866874046,0.0021033298625777,0.0014900453499032,0.7084220960363627,0.1752988047808765,2092,2,False,False
AVAXUSDT,aspect_opposition_count_q5,fwd_absret_1d,0.0199962868963776,0.0152867929860023,0.0045666664271449,0.0047094939103753,1.0312760928587617,0.1752988047808765,2091,5,False,False
UNIUSDT,lunar_8phase,fwd_absret_1d,0.016837745945056,0.0148824307114858,0.0019805273194902,0.0019553152335702,0.9872700135605836,0.1792828685258964,2096,8,False,False
AAVEUSDT,eclipse_window,fwd_ret_1d,0.0031248437413444,0.0022857623322351,0.000988346349982,0.0008390814091093,0.84897506741901,0.1792828685258964,2068,2,False,False
AAVEUSDT,moon_sign,fwd_ret_1d,0.0278748537150289,0.025321894111445,0.0027080950060198,0.0025529596035839,0.942714195000152,0.1792828685258964,2068,12,False,False
UNIUSDT,harmonic_4_count_q5,fwd_ret_1d,0.0128470527978849,0.0103564805754224,0.0024153282636415,0.0024905722224624,1.0311526842763157,0.1792828685258964,2096,5,False,False
BNBUSDT,sun_sign,fwd_absret_1d,0.0322908277889624,0.0222920316468485,0.0104654009017638,0.0099987961421138,0.955414535570122,0.1827242524916943,3142,12,False,False
AVAXUSDT,moon_decl_q4,fwd_ret_1d,0.0088226201271184,0.0070238757062972,0.0019668719447008,0.0017987444208212,0.9145203507871278,0.1832669322709163,2091,4,False,False
LTCUSDT,venus_retrograde,fwd_vol_5d,0.008397614123993,0.0055013272099265,0.0031911369895237,0.0028962869140665,0.9076034415240825,0.1832669322709163,3101,2,False,False
AVAXUSDT,sun_element,fwd_ret_1d,0.0113319422994139,0.0096312159971505,0.0019273402463709,0.0017007263022634,0.8824214123405124,0.1832669322709163,2091,4,False,False
AAVEUSDT,hard_aspect_count_q5,fwd_ret_1d,0.0122113360681469,0.0099396357885148,0.0023389826544735,0.0022717002796321,0.9712343421133216,0.1832669322709163,2068,5,False,False
AVAXUSDT,lunar_8phase,fwd_ret_1d,0.0149738779446438,0.0131666036207933,0.0018490733640924,0.0018072743238504,0.9773946015049064,0.1832669322709163,2091,8,False,False
AAVEUSDT,lunar_4phase,fwd_ret_1d,0.0077423836861526,0.0063929501237351,0.001483935271746,0.0013494335624174,0.909361471561795,0.1832669322709163,2068,4,False,False
LTCUSDT,pluto_retrograde,fwd_vol_5d,0.0096258300534977,0.0063104778579309,0.0040710797067887,0.0033153521955668,0.8143668103668762,0.1832669322709163,3101,2,False,False
NEARUSDT,aspect_opposition_count_q5,fwd_ret_1d,0.0188766132119875,0.0146388147728606,0.0043229366018915,0.0042377984391268,0.9803054796761472,0.1832669322709163,2069,5,False,False
UNIUSDT,soft_aspect_count_q5,fwd_vol_5d,0.0345807055084812,0.0257785128822056,0.0096892976119585,0.0088021926262756,0.90844486141204,0.1832669322709163,2092,5,False,False
AVAXUSDT,aspect_square_count_q5,fwd_ret_1d,0.0124502815168772,0.010258258283186,0.0026378017300285,0.0021920232336912,0.8310037895332918,0.1832669322709163,2091,5,False,False
ADAUSDT,aspect_conjunction_count_q5,fwd_vol_5d,0.0227771386033467,0.0182297312616013,0.004902226137679,0.0045474073417454,0.9276208836621196,0.1832669322709163,2976,5,False,False
LINKUSDT,aspect_square_count_q5,fwd_ret_1d,0.0094317951412623,0.00761900526227,0.001898577303488,0.0018127898789923,0.9548148898977606,0.1872509960159362,2706,5,False,False
LTCUSDT,harmonic_4_count_q5,fwd_ret_1d,0.0077637764655642,0.00647744552041,0.0014725190319908,0.0012863309451541,0.8735581117854924,0.1872509960159362,3105,5,False,False
NEARUSDT,venus_sign,fwd_absret_1d,0.03611072451455,0.0310691980559454,0.0051819002582725,0.0050415264586045,0.9729107484375245,0.1872509960159362,2069,12,False,False
AAVEUSDT,aspect_opposition_count_q5,fwd_vol_5d,0.0381550910883039,0.0295842681884324,0.0109292286651324,0.0085708228998715,0.7842111426595985,0.1872509960159362,2064,5,False,False
ETHUSDT,moon_near_new,fwd_absret_1d,0.0026704705718048,0.0012051177953602,0.0018153915995934,0.0014653527764445,0.8071827460106566,0.1893687707641196,3223,2,False,False
ETHUSDT,moon_decl_q4,fwd_vol_5d,0.0293609515308461,0.0224188087960819,0.0086508981598001,0.0069421427347641,0.8024765297808721,0.1893687707641196,3219,4,False,False
DOTUSDT,moon_perigee_q4,fwd_vol_5d,0.0161410851376918,0.0122608699206482,0.0035468249191389,0.0038802152170436,1.093996829701325,0.1912350597609561,2122,4,False,False
UNIUSDT,lunar_8phase,fwd_vol_5d,0.0307520430297788,0.0285203934640046,0.0025306513343015,0.0022316495657741,0.8818479003904823,0.1912350597609561,2092,8,False,False
LINKUSDT,aspect_conjunction_count_q5,fwd_ret_1d,0.0110843716707482,0.0089147457920745,0.0022349444196481,0.0021696258786736,0.970773975227196,0.1912350597609561,2706,5,False,False
ADAUSDT,sun_element,fwd_absret_1d,0.0076711252619958,0.0062093308566715,0.0017349147700527,0.0014617944053243,0.8425741889786632,0.1912350597609561,2980,4,False,False
ETHUSDT,venus_retrograde,fwd_vol_5d,0.011815872686512,0.0075645053658903,0.0048668892585628,0.0042513673206217,0.8735286740173573,0.1926910299003322,3219,2,False,False
LTCUSDT,mars_saturn_hard_aspect,fwd_ret_1d,0.0024213210202016,0.0017916735212033,0.00100007409898,0.0006296474989983,0.6296008462178496,0.1952191235059761,3105,2,False,False
ATOMUSDT,aspect_opposition_count_q5,fwd_vol_5d,0.0565017368778224,0.0395929104782146,0.0179248177136367,0.0169088263996078,0.943319294496592,0.1952191235059761,2599,5,False,False
XRPUSDT,aspect_conjunction_count_q5,fwd_ret_1d,0.0099855403453979,0.008269090310434,0.0020210596788642,0.0017164500349638,0.8492822121553959,0.1952191235059761,2963,5,False,False
DOTUSDT,soft_aspect_count_q5,fwd_absret_1d,0.0188327815682008,0.0146790716145837,0.004725427643386,0.004153709953617,0.8790124972986988,0.1952191235059761,2126,5,False,False
DOGEUSDT,hard_aspect_count_q5,fwd_vol_5d,0.0138400103094013,0.0114776011697596,0.0029719731960045,0.0023624091396416,0.7948958432120674,0.1952191235059761,2532,5,False,False
AAVEUSDT,moon_perigee_q4,fwd_vol_5d,0.010936568157987,0.009051378289999,0.0022532017061807,0.0018851898679879,0.836671596163239,0.1952191235059761,2064,4,False,False
SOLUSDT,soft_aspect_count_q5,fwd_absret_1d,0.0219186555167714,0.0123619729031994,0.0116040107703707,0.0095566826135719,0.8235671960916819,0.1960132890365448,2133,5,False,False
BNBUSDT,aspect_conjunction_count_q5,fwd_vol_5d,0.0439534026020767,0.0331648664293326,0.0133646194191606,0.010788536172744,0.8072460452765812,0.1960132890365448,3138,5,False,False
SOLUSDT,lunar_4phase,fwd_absret_1d,0.0083220785286268,0.0042761627027277,0.0067641095822815,0.004045915825899,0.5981446303734183,0.1960132890365448,2133,4,False,False
AVAXUSDT,soft_aspect_count_q5,fwd_vol_5d,0.0379794177609433,0.028807535472543,0.0101524892039261,0.0091718822884003,0.9034121685993428,0.199203187250996,2087,5,False,False
ADAUSDT,harmonic_3_count_q5,fwd_vol_5d,0.0170656396556506,0.0137183766705334,0.0044625470243424,0.0033472629851172,0.750079039359922,0.199203187250996,2976,5,False,False
ATOMUSDT,pluto_out_of_bounds,fwd_vol_5d,0.016058931699606,0.0105348185112358,0.0069600265723969,0.0055241131883702,0.7936913934033684,0.199203187250996,2599,2,False,False
FILUSDT,sun_element,fwd_ret_1d,0.0095528616997284,0.0080495348946127,0.0014675808872671,0.0015033268051156,1.024357034190511,0.199203187250996,2068,4,False,False
UNIUSDT,mercury_out_of_bounds,fwd_ret_1d,0.0034558172467944,0.0025376419593226,0.0012290705539598,0.0009181752874717,0.7470484786357846,0.199203187250996,2096,2,False,False
ADAUSDT,aspect_conjunction_count_q5,fwd_ret_1d,0.0094770903459465,0.0077640088682345,0.0018632982464445,0.001713081477712,0.9193812536349664,0.199203187250996,2980,5,False,False
LINKUSDT,lunar_8phase,fwd_absret_1d,0.0102998537910239,0.0092828667746343,0.001102463908397,0.0010169870163895,0.9224674011036758,0.199203187250996,2706,8,False,False
FILUSDT,moon_perigee_q4,fwd_vol_5d,0.0150241421117467,0.0129530618686424,0.0026419490360526,0.0020710802431043,0.7839213455073936,0.199203187250996,2064,4,False,False
UNIUSDT,moon_decl_sign,fwd_ret_1d,0.0034266525662877,0.0025778524606108,0.0009598933297645,0.0008488001056768,0.8842650317041412,0.199203187250996,2096,2,False,False
LINKUSDT,aspect_opposition_count_q5,fwd_absret_1d,0.0172549707234284,0.0128670130004506,0.0045259639686985,0.0043879577229778,0.96950787795149,0.199203187250996,2706,5,False,False
ETHUSDT,mars_saturn_hard_aspect,fwd_vol_5d,0.0125365271236042,0.0084455587182121,0.0054806989785178,0.004090968405392,0.7464318732751116,0.1993355481727574,3219,2,False,False
BNBUSDT,moon_near_full,fwd_vol_5d,0.0040014727830648,0.0018655039176774,0.0023159603288107,0.0021359688653874,0.9222821474166708,0.1993355481727574,3138,2,False,False
BNBUSDT,sun_modality,fwd_absret_1d,0.0108245347308768,0.0054802813569931,0.0079479164985282,0.0053442533738836,0.6724093509126923,0.2026578073089701,3142,3,False,False
SOLUSDT,moon_void_of_course,fwd_ret_1d,0.0032050538589403,0.0015241944993514,0.0022611154092256,0.0016808593595888,0.7433761906759471,0.2026578073089701,2133,2,False,False
XRPUSDT,jupiter_sign,fwd_absret_1d,0.0391031583520272,0.0346273159847318,0.0044839264393812,0.0044758423672954,0.9981970997528428,0.2031872509960159,2963,9,False,False
ATOMUSDT,aspect_trine_count_q5,fwd_absret_1d,0.0124166788396681,0.0100072539033448,0.0033407206815729,0.0024094249363233,0.7212290897630297,0.2031872509960159,2603,5,False,False
LINKUSDT,mercury_sign,fwd_vol_5d,0.0664551942754458,0.0590849439726369,0.0100272189275875,0.0073702503028089,0.7350243727631623,0.2031872509960159,2702,12,False,False
NEARUSDT,lunar_8phase,fwd_absret_1d,0.0152057452051553,0.0137496734691993,0.0018151438231137,0.001456071735956,0.8021798148525193,0.2031872509960159,2069,8,False,False
ETHUSDT,lunar_4phase,fwd_vol_5d,0.0277717984966567,0.019741945170753,0.0086797458787366,0.0080298533259037,0.9251253940020268,0.2059800664451827,3219,4,False,False
BNBUSDT,neptune_retrograde,fwd_vol_5d,0.0280685435084,0.0180279003089274,0.0107614175829818,0.0100406431994726,0.9330223571428836,0.2059800664451827,3138,2,False,False
SOLUSDT,aspect_trine_count_q5,fwd_vol_5d,0.0330135905137081,0.0211143941545452,0.0131643703465641,0.0118991963591628,0.9038940751365716,0.2059800664451827,2129,5,False,False
NEARUSDT,moon_perigee_q4,fwd_absret_1d,0.0100604166646193,0.0081980969047254,0.0019629934835125,0.0018623197598939,0.9487141834834206,0.2071713147410358,2069,4,False,False
AVAXUSDT,sun_element,fwd_vol_5d,0.0290725433766232,0.0242466583886957,0.005300718654486,0.0048258849879275,0.9104208886550405,0.2071713147410358,2087,4,False,False
ATOMUSDT,pluto_out_of_bounds,fwd_ret_1d,0.0051048645106219,0.0036524883588242,0.0022686555824353,0.0014523761517977,0.6401924395410371,0.2071713147410358,2603,2,False,False
ADAUSDT,mars_out_of_bounds,fwd_ret_1d,0.0034126213200924,0.0026205083639304,0.0014419909683215,0.000792112956162,0.5493189441290453,0.2071713147410358,2980,2,False,False
DOGEUSDT,jupiter_sign,fwd_absret_1d,0.0466074643569545,0.0430883537704429,0.004614581567937,0.0035191105865115,0.7626066490975099,0.2071713147410358,2536,8,False,False
BCHUSDT,lunar_4phase,fwd_ret_1d,0.0079647458196298,0.006636978039384,0.0014159214243711,0.0013277677802458,0.937741146784008,0.2071713147410358,2390,4,False,False
LINKUSDT,harmonic_4_count_q5,fwd_absret_1d,0.009133379384129,0.0077469026349858,0.0021007575735449,0.0013864767491432,0.6599889328513067,0.2071713147410358,2706,5,False,False
BTCUSDT,harmonic_3_count_q5,fwd_vol_5d,0.0237815625353108,0.0158632012978033,0.0098481934630647,0.0079183612375074,0.8040420070142763,0.2093023255813953,3219,5,False,False
BTCUSDT,pluto_retrograde,fwd_ret_1d,0.0137072298606262,0.0087268306831061,0.0056315610247039,0.00498039917752,0.8843727619522411,0.2093023255813953,3223,2,False,False
ETHUSDT,mars_saturn_hard_aspect,fwd_absret_1d,0.004656414754417,0.0021920229157123,0.0031819255062588,0.0024643918387047,0.7744970251054636,0.2093023255813953,3223,2,False,False
NEARUSDT,venus_retrograde,fwd_vol_5d,0.0093923214051103,0.0069849277571979,0.0043834632966624,0.0024073936479124,0.5491989974560448,0.2111553784860557,2065,2,False,False
DOTUSDT,saturn_sign,fwd_ret_1d,0.0270053127520119,0.0215338183854711,0.0068912274434339,0.0054714943665408,0.7939796518766958,0.2111553784860557,2126,4,False,False
LTCUSDT,moon_perigee_q4,fwd_ret_1d,0.0046790826560487,0.0039153944369823,0.000955393783308,0.0007636882190664,0.7993439275083128,0.2111553784860557,3105,4,False,False
SOLUSDT,aspect_opposition_count_q5,fwd_vol_5d,0.05639310100447,0.0408599119710593,0.0184385508931083,0.0155331890334106,0.842430032786164,0.2126245847176079,2129,5,False,False
SOLUSDT,saturn_retrograde,fwd_ret_1d,0.006616743573061,0.0035639388084752,0.0049687777542871,0.0030528047645858,0.6143975270280162,0.2126245847176079,2133,2,False,False
SOLUSDT,venus_retrograde,fwd_ret_1d,0.0044767603424533,0.0022591362170243,0.0031627675076571,0.002217624125429,0.7011657101130927,0.2126245847176079,2133,2,False,False
ETHUSDT,moon_decl_sign,fwd_absret_1d,0.0037269021957939,0.0018504340334493,0.0033390433001165,0.0018764681623446,0.5619777863554876,0.2126245847176079,3223,2,False,False
DOTUSDT,soft_aspect_count_q5,fwd_vol_5d,0.0438015571853259,0.0348685381703697,0.0131434640596038,0.0089330190149562,0.6796548439928924,0.2151394422310757,2122,5,False,False
ATOMUSDT,aspect_opposition_count_q5,fwd_ret_1d,0.0217568153635929,0.0157205792914536,0.0065252825806793,0.0060362360721392,0.925053589251742,0.2151394422310757,2603,5,False,False
BCHUSDT,moon_decl_q4,fwd_absret_1d,0.0085286392928615,0.007353315391838,0.0017089173923789,0.0011753239010234,0.687759341829479,0.2151394422310757,2390,4,False,False
BCHUSDT,harmonic_4_count_q5,fwd_absret_1d,0.0098684783691828,0.0083921301012771,0.0020553567979711,0.0014763482679056,0.7182929354956624,0.2151394422310757,2390,5,False,False
AAVEUSDT,mercury_out_of_bounds,fwd_absret_1d,0.0037039176006613,0.0026618692629065,0.0013338782832284,0.0010420483377548,0.7812169602407117,0.2151394422310757,2068,2,False,False
AVAXUSDT,sun_modality,fwd_vol_5d,0.0173004427756019,0.0147611242799337,0.0031137831322439,0.0025393184956682,0.8155091051052917,0.2151394422310757,2087,3,False,False
DOTUSDT,mercury_out_of_bounds,fwd_vol_5d,0.0097978776889622,0.0072230760024665,0.0033077844983986,0.0025748016864957,0.7784067213998614,0.2151394422310757,2122,2,False,False
NEARUSDT,lunar_4phase,fwd_ret_1d,0.0074912031928644,0.0060785628425305,0.0015433802858727,0.0014126403503339,0.9152898759070888,0.2151394422310757,2069,4,False,False
FILUSDT,aspect_conjunction_count_q5,fwd_vol_5d,0.0241138611361306,0.0200966222638176,0.0054995260026485,0.004017238872313,0.7304700205760198,0.2151394422310757,2064,5,False,False
NEARUSDT,mars_sign,fwd_absret_1d,0.0346339405062501,0.0306340361668277,0.004734859224463,0.0039999043394223,0.8447778803552307,0.2151394422310757,2069,12,False,False
ETHUSDT,mercury_retrograde,fwd_absret_1d,0.0023318590437815,0.0014152833559507,0.002586680226188,0.0009165756878307,0.3543444135657747,0.2159468438538206,3223,2,False,False
ATOMUSDT,moon_near_new,fwd_ret_1d,0.0021518055726525,0.0015907133617094,0.0007209525835948,0.000561092210943,0.77826506723277,0.2191235059760956,2603,2,False,False
XRPUSDT,soft_aspect_count_q5,fwd_vol_5d,0.0168742356158149,0.0136374239348989,0.0050733322029864,0.003236811680916,0.6380050726839215,0.2191235059760956,2959,5,False,False
DOTUSDT,moon_out_of_bounds,fwd_vol_5d,0.0073021488867275,0.0052541163133452,0.002602849865395,0.0020480325733822,0.7868423763548473,0.2191235059760956,2122,2,False,False
AVAXUSDT,aspect_conjunction_count_q5,fwd_ret_1d,0.0153718711876032,0.0129981360447237,0.0029965960863943,0.0023737351428794,0.7921438440292489,0.2191235059760956,2091,5,False,False
DOTUSDT,aspect_opposition_count_q5,fwd_vol_5d,0.0504984046700306,0.0403660896955616,0.0157241025313432,0.010132314974469,0.6443811310866279,0.2191235059760956,2122,5,False,False
NEARUSDT,jupiter_sign,fwd_absret_1d,0.0402069878979255,0.0367459722145597,0.0058741947976663,0.0034610156833657,0.5891898043185032,0.2191235059760956,2069,7,False,False
NEARUSDT,neptune_retrograde,fwd_vol_5d,0.0173461025817525,0.0109842416024977,0.0076464263811022,0.0063618609792547,0.8320044766242384,0.2191235059760956,2065,2,False,False
BTCUSDT,harmonic_4_count_q5,fwd_ret_1d,0.0093429269988929,0.0048296192800545,0.0063219092200923,0.0045133077188383,0.7139153002219923,0.2192691029900332,3223,5,False,False
SOLUSDT,mars_sign,fwd_vol_5d,0.1201488958596397,0.1078256638392549,0.0157198795024355,0.0123232320203847,0.7839266209690392,0.2192691029900332,2129,12,False,False
SOLUSDT,mars_sign,fwd_absret_1d,0.0202979855886495,0.0120735317926693,0.009643759311618,0.0082244537959802,0.8528265306323061,0.2192691029900332,2133,12,False,False
ETHUSDT,saturn_sign,fwd_absret_1d,0.0199321150200493,0.0127503785196412,0.008653226835878,0.007181736500408,0.8299489469790774,0.2225913621262458,3223,5,False,False
BTCUSDT,mercury_sign,fwd_absret_1d,0.0248731976190645,0.0164003111755904,0.0109483611825855,0.0084728864434741,0.7738954079219755,0.2225913621262458,3223,12,False,False
NEARUSDT,saturn_retrograde,fwd_absret_1d,0.0052283876353883,0.0032233382143447,0.0025377295754983,0.0020050494210436,0.790095777108126,0.2231075697211155,2069,2,False,False
ATOMUSDT,lunar_8phase,fwd_ret_1d,0.0112396312473302,0.0101495980430426,0.0014992849648967,0.0010900332042875,0.7270353734005379,0.2231075697211155,2603,8,False,False
DOGEUSDT,lunar_4phase,fwd_vol_5d,0.0143962808364518,0.0124800795870053,0.0022216168054413,0.0019162012494464,0.8625255465988458,0.2231075697211155,2532,4,False,False
AAVEUSDT,mars_saturn_hard_aspect,fwd_ret_1d,0.0033435935690856,0.0025007261187116,0.0011120552829729,0.000842867450374,0.7579366451285722,0.2231075697211155,2068,2,False,False
ADAUSDT,mercury_retrograde,fwd_ret_1d,0.0029071118112342,0.0021783395939762,0.0010801687081208,0.0007287722172579,0.6746836968882081,0.2231075697211155,2980,2,False,False
UNIUSDT,mars_saturn_hard_aspect,fwd_absret_1d,0.0033115332757584,0.0025666648663819,0.0011324139046739,0.0007448684093764,0.6577704550447909,0.2231075697211155,2096,2,False,False
XRPUSDT,aspect_trine_count_q5,fwd_ret_1d,0.0086374467563516,0.0073926025300408,0.0017969626740016,0.0012448442263107,0.6927490728222431,0.2231075697211155,2963,5,False,False
LTCUSDT,harmonic_4_count_q5,fwd_absret_1d,0.007466851950435,0.0063933006219414,0.0015991268928257,0.0010735513284935,0.6713359229401357,0.2270916334661354,3105,5,False,False
DOTUSDT,moon_out_of_bounds,fwd_absret_1d,0.0023309453042007,0.0018526456329666,0.0007641142648616,0.0004782996712341,0.6259530717186326,0.2270916334661354,2126,2,False,False
DOTUSDT,moon_decl_q4,fwd_absret_1d,0.0075528479819247,0.006233458080553,0.0017125697348068,0.0013193899013717,0.7704152856120314,0.2270916334661354,2126,4,False,False
LTCUSDT,sun_sign,fwd_absret_1d,0.0258453775595669,0.0240358830233744,0.0026607573335369,0.0018094945361925,0.6800674805571905,0.2270916334661354,3105,12,False,False
XRPUSDT,moon_out_of_bounds,fwd_vol_5d,0.005196221009927,0.0038180338377589,0.0016147848394113,0.0013781871721681,0.8534803761661127,0.2270916334661354,2959,2,False,False
LTCUSDT,neptune_retrograde,fwd_absret_1d,0.0034695464331588,0.0026819803439412,0.0015982599222775,0.0007875660892175,0.4927647113213541,0.2270916334661354,3105,2,False,False
SOLUSDT,pluto_out_of_bounds,fwd_ret_1d,0.0054632681762314,0.0031951832323783,0.0028760994356393,0.002268084943853,0.7885975414298865,0.2292358803986711,2133,2,False,False
SOLUSDT,sun_sign,fwd_absret_1d,0.0197576100411613,0.0109703203133292,0.0107050510972753,0.0087872897278321,0.8208545338068186,0.2292358803986711,2133,12,False,False
BTCUSDT,venus_out_of_bounds,fwd_absret_1d,0.0057501148883858,0.0032838232584306,0.0037570512506161,0.0024662916299552,0.656443435407157,0.2292358803986711,3223,2,False,False
LTCUSDT,mercury_sign,fwd_vol_5d,0.0604753398833311,0.052889645531921,0.0106800835167886,0.0075856943514101,0.7102654524644648,0.2310756972111553,3101,12,False,False
BCHUSDT,aspect_trine_count_q5,fwd_absret_1d,0.0106164207634182,0.0091811606666215,0.00244955950143,0.0014352600967967,0.585925794396429,0.2310756972111553,2390,5,False,False
BCHUSDT,moon_perigee_q4,fwd_absret_1d,0.007447748358008,0.0064894300621281,0.001448835801708,0.0009583182958799,0.6614402368785445,0.2310756972111553,2390,4,False,False
NEARUSDT,jupiter_retrograde,fwd_ret_1d,0.0054813001300615,0.003902668634954,0.0020492659173448,0.0015786314951074,0.7703399943101693,0.2310756972111553,2069,2,False,False
FILUSDT,moon_perigee_q4,fwd_ret_1d,0.0077943682799441,0.0067875271343224,0.0013842814546302,0.0010068411456216,0.7273384630371896,0.2310756972111553,2068,4,False,False
FILUSDT,harmonic_4_count_q5,fwd_absret_1d,0.0114702339165961,0.0096256028673682,0.0023855139326067,0.0018446310492279,0.7732635823309504,0.2310756972111553,2068,5,False,False
FILUSDT,aspect_opposition_count_q5,fwd_vol_5d,0.0303284283865702,0.0245438605134617,0.0075694132204525,0.0057845678731085,0.7642029447512005,0.2310756972111553,2064,5,False,False
BNBUSDT,mercury_retrograde,fwd_vol_5d,0.0149244417356713,0.0087265636874972,0.0071044789243516,0.006197878048174,0.8723902363803044,0.2325581395348837,3138,2,False,False
BNBUSDT,moon_perigee_q4,fwd_vol_5d,0.0192754943273079,0.0121463723550393,0.0086896407091567,0.0071291219722685,0.8204161956611355,0.2325581395348837,3138,4,False,False
BNBUSDT,mercury_sign,fwd_ret_1d,0.0308738954441536,0.0218598103085831,0.0107279047189961,0.0090140851355705,0.8402465692680025,0.2325581395348837,3142,12,False,False
ATOMUSDT,aspect_conjunction_count_q5,fwd_ret_1d,0.0124885106708389,0.0105314994546139,0.0028077225127992,0.001957011216225,0.697010195025985,0.2350597609561753,2603,5,False,False
AVAXUSDT,soft_aspect_count_q5,fwd_absret_1d,0.018819419165309,0.0151056689306082,0.0045663217554125,0.0037137502347008,0.8132914046845051,0.2350597609561753,2091,5,False,False
DOTUSDT,aspect_trine_count_q5,fwd_ret_1d,0.0135944377704833,0.0112482997975235,0.0031081506933041,0.0023461379729597,0.7548340490742705,0.2350597609561753,2126,5,False,False
NEARUSDT,mars_sign,fwd_ret_1d,0.0377891371343646,0.034254598476426,0.0051655585979461,0.0035345386579386,0.6842510042077559,0.2350597609561753,2069,12,False,False
XRPUSDT,mercury_sign,fwd_ret_1d,0.0235154514318964,0.0213071607702768,0.0030195361956484,0.0022082906616195,0.7313343899642624,0.2350597609561753,2963,12,False,False
NEARUSDT,eclipse_window,fwd_absret_1d,0.0030789362488959,0.002290548896984,0.0010839985689472,0.0007883873519118,0.7272955652308193,0.2350597609561753,2069,2,False,False
AAVEUSDT,mercury_out_of_bounds,fwd_vol_5d,0.0075849807382713,0.0056273016039828,0.003061235466151,0.0019576791342884,0.6395062241814069,0.2350597609561753,2064,2,False,False
AAVEUSDT,jupiter_saturn_aspect,fwd_ret_1d,0.0065192635647973,0.0046462901269883,0.0034154706406713,0.001872973437809,0.5483793113328843,0.2350597609561753,2068,2,False,False
NEARUSDT,sun_sign,fwd_vol_5d,0.0814792774309241,0.0678383275283766,0.0156914686146331,0.0136409499025474,0.8693227025178816,0.2350597609561753,2065,12,False,False
ETHUSDT,aspect_opposition_count_q5,fwd_ret_1d,0.0091394027103484,0.0053766445339744,0.0067526995193101,0.0037627581763739,0.55722280631826,0.2358803986710963,3223,5,False,False
ETHUSDT,saturn_sign,fwd_ret_1d,0.0184620775203381,0.0117940083945004,0.0088338084774853,0.0066680691258377,0.7548351475847089,0.2358803986710963,3223,5,False,False
BNBUSDT,aspect_square_count_q5,fwd_ret_1d,0.0106803250008788,0.0059908544640207,0.0072286015798192,0.0046894705368581,0.6487382773938147,0.2358803986710963,3142,5,False,False
AVAXUSDT,eclipse_window,fwd_absret_1d,0.0032901424418287,0.0025277376072882,0.0012355562266318,0.0007624048345404,0.6170539374147481,0.2390438247011952,2091,2,False,False
NEARUSDT,eclipse_window,fwd_vol_5d,0.0041071166354586,0.0033299583182719,0.0013990308380948,0.0007771583171866,0.5554976316640695,0.2390438247011952,2065,2,False,False
DOTUSDT,saturn_sign,fwd_absret_1d,0.0275159380921011,0.0225303494594987,0.0071792833258261,0.0049855886326023,0.6944409917167746,0.2390438247011952,2126,4,False,False
ETHUSDT,harmonic_3_count_q5,fwd_absret_1d,0.0097275635174929,0.0056934218294727,0.0069992470189249,0.0040341416880201,0.5763679545974602,0.2392026578073089,3223,5,False,False
ETHUSDT,moon_out_of_bounds,fwd_absret_1d,0.0097829146076471,0.0055118450971165,0.005396986177711,0.0042710695105306,0.7913804797517606,0.2425249169435216,3223,2,False,False
AAVEUSDT,moon_void_of_course,fwd_ret_1d,0.0029895455637599,0.0023056096115931,0.0010303377755894,0.0006839359521668,0.6637978033714247,0.2430278884462151,2068,2,False,False
FILUSDT,venus_retrograde,fwd_absret_1d,0.0036546839993045,0.0031631676898669,0.0019585468149928,0.0004915163094376,0.2509596940318347,0.2430278884462151,2068,2,False,False
NEARUSDT,moon_decl_sign,fwd_vol_5d,0.0078462418352207,0.0057933409429058,0.0032899853278161,0.0020529008923149,0.6239848168798963,0.2430278884462151,2065,2,False,False
DOGEUSDT,mars_retrograde,fwd_vol_5d,0.009039967183685,0.0068924344748235,0.0033420455490342,0.0021475327088614,0.642580323144308,0.2430278884462151,2532,2,False,False
XRPUSDT,sun_element,fwd_vol_5d,0.012341604968194,0.0105895967540979,0.0024665562450579,0.0017520082140961,0.710305397497643,0.2430278884462151,2959,4,False,False
ATOMUSDT,aspect_trine_count_q5,fwd_vol_5d,0.0229758919107824,0.018896092799682,0.0080394809160937,0.0040797991111003,0.5074704640362152,0.2430278884462151,2599,5,False,False
NEARUSDT,moon_decl_sign,fwd_ret_1d,0.0027076700958023,0.0022654374960763,0.0007437078930895,0.000442232599726,0.594632118114161,0.2430278884462151,2069,2,False,False
DOTUSDT,sun_sign,fwd_ret_1d,0.0293216524896156,0.0270845655769372,0.0035114944133428,0.0022370869126783,0.637075458294342,0.2430278884462151,2126,12,False,False
DOGEUSDT,moon_decl_q4,fwd_vol_5d,0.009003350928773,0.0079019820708941,0.0017457522907917,0.0011013688578789,0.6308849564100589,0.2430278884462151,2532,4,False,False
ATOMUSDT,uranus_retrograde,fwd_ret_1d,0.002053819056363,0.0016821069586549,0.000436194668516,0.000371712097708,0.852170199540963,0.2430278884462151,2603,2,False,False
SOLUSDT,saturn_retrograde,fwd_absret_1d,0.006802443796837,0.0035743346165454,0.0047460894419732,0.0032281091802916,0.6801618932300376,0.2458471760797342,2133,2,False,False
NEARUSDT,sun_element,fwd_vol_5d,0.0188290761952515,0.0157486681840366,0.0041210130523671,0.0030804080112148,0.7474880501641433,0.247011952191235,2065,4,False,False
DOGEUSDT,pluto_out_of_bounds,fwd_absret_1d,0.0050727247729244,0.0043267497643103,0.003409866299513,0.0007459750086141,0.2187695771885977,0.247011952191235,2536,2,False,False
DOTUSDT,soft_aspect_count_q5,fwd_ret_1d,0.0166347335489231,0.0145174104426713,0.0043040704192264,0.0021173231062518,0.4919350521761068,0.247011952191235,2126,5,False,False
AAVEUSDT,moon_decl_sign,fwd_absret_1d,0.0032571589921314,0.002586965161377,0.0009731741558472,0.0006701938307544,0.6886679292987655,0.247011952191235,2068,2,False,False
FILUSDT,saturn_sign,fwd_ret_1d,0.0115264658825497,0.0097584099515505,0.0035379262881203,0.0017680559309991,0.4997435749116571,0.247011952191235,2068,4,False,False
XRPUSDT,lunar_4phase,fwd_vol_5d,0.0134565938741306,0.0121339428976056,0.0016642273409961,0.0013226509765249,0.7947537838990503,0.247011952191235,2959,4,False,False
LINKUSDT,aspect_trine_count_q5,fwd_absret_1d,0.0097292579449491,0.0083032203742097,0.0023566210169805,0.0014260375707394,0.6051196015244366,0.247011952191235,2706,5,False,False
ATOMUSDT,jupiter_retrograde,fwd_ret_1d,0.0028256279226076,0.0022506471270799,0.001001787302005,0.0005749807955277,0.573954964668548,0.247011952191235,2603,2,False,False
BCHUSDT,moon_out_of_bounds,fwd_absret_1d,0.0030973667573191,0.0025390524006226,0.0010564068623967,0.0005583143566965,0.5285031521187177,0.247011952191235,2390,2,False,False
BTCUSDT,venus_retrograde,fwd_ret_1d,0.0040310067859248,0.0026477294183513,0.0029737886527004,0.0013832773675734,0.465156582771055,0.2491694352159468,3223,2,False,False
FILUSDT,soft_aspect_count_q5,fwd_vol_5d,0.0234103943173416,0.0200990211912029,0.0053210934911539,0.0033113731261386,0.6223106456677819,0.250996015936255,2064,5,False,False
LINKUSDT,soft_aspect_count_q5,fwd_absret_1d,0.0119630787216893,0.0101605620044916,0.0033291429487421,0.0018025167171976,0.5414356622561823,0.250996015936255,2706,5,False,False
NEARUSDT,venus_sign,fwd_ret_1d,0.0349246394287461,0.0323807612134877,0.0045708315642311,0.0025438782152584,0.5565460418986856,0.250996015936255,2069,12,False,False
XRPUSDT,sun_element,fwd_absret_1d,0.0072242967481651,0.0061575813581837,0.0016339964350765,0.0010667153899813,0.6528260203526154,0.250996015936255,2963,4,False,False
LTCUSDT,pluto_retrograde,fwd_ret_1d,0.0031182331354081,0.0024741590746562,0.001517571190168,0.0006440740607518,0.4244111017161464,0.250996015936255,3105,2,False,False
DOGEUSDT,pluto_out_of_bounds,fwd_vol_5d,0.0129215728541876,0.0105378850516807,0.0067176986986058,0.0023836878025069,0.3548369626940333,0.250996015936255,2532,2,False,False
ADAUSDT,aspect_trine_count_q5,fwd_absret_1d,0.0086293378535467,0.0074386491757834,0.0018535909483257,0.0011906886777632,0.6423686298418594,0.250996015936255,2980,5,False,False
ETHUSDT,mars_out_of_bounds,fwd_absret_1d,0.0050939105280864,0.0032313966265431,0.0044937713121468,0.0018625139015433,0.4144656619505492,0.2524916943521594,3223,2,False,False
SOLUSDT,venus_sign,fwd_ret_1d,0.0150891336970646,0.0093304465271197,0.012236707156974,0.0057586871699449,0.4706075822581794,0.2524916943521594,2133,12,False,False
ADAUSDT,lunar_4phase,fwd_vol_5d,0.0115765614471979,0.0105138117126233,0.0016957813272553,0.0010627497345745,0.6267021092245622,0.2549800796812749,2976,4,False,False
ATOMUSDT,sun_element,fwd_absret_1d,0.0089636979988996,0.0079857476675631,0.0015495185568208,0.0009779503313365,0.6311317325189049,0.2549800796812749,2603,4,False,False
UNIUSDT,moon_void_of_course,fwd_ret_1d,0.0028759375044092,0.0022161749793792,0.0010089553788949,0.00065976252503,0.6539065441651436,0.2549800796812749,2096,2,False,False
ADAUSDT,moon_perigee_q4,fwd_vol_5d,0.0111213594846789,0.0094921540731182,0.0023620475699696,0.0016292054115606,0.6897428452643763,0.2549800796812749,2976,4,False,False
UNIUSDT,venus_retrograde,fwd_vol_5d,0.0099848878886584,0.0076069508977646,0.0048847192837109,0.0023779369908938,0.4868113913574327,0.2549800796812749,2092,2,False,False
ETHUSDT,moon_void_of_course,fwd_ret_1d,0.0016639433446303,0.0009874030578824,0.0015390787921173,0.0006765402867479,0.4395748224281426,0.2558139534883721,3223,2,False,False
ETHUSDT,aspect_square_count_q5,fwd_vol_5d,0.0192798052615104,0.0132220188775443,0.0099149643012205,0.006057786383966,0.6109740993439857,0.2558139534883721,3219,5,False,False
DOTUSDT,aspect_conjunction_count_q5,fwd_absret_1d,0.0161144846884434,0.0137008278858362,0.0033844240402793,0.0024136568026071,0.7131661913168557,0.2589641434262948,2126,5,False,False
UNIUSDT,aspect_conjunction_count_q5,fwd_vol_5d,0.0288325226343425,0.0248421221794599,0.00671475673562,0.0039904004548825,0.5942732718394018,0.2589641434262948,2092,5,False,False
DOTUSDT,pluto_retrograde,fwd_vol_5d,0.0119856661317466,0.0087813482794593,0.0054218860398909,0.0032043178522873,0.5909969019473901,0.2589641434262948,2122,2,False,False
FILUSDT,soft_aspect_count_q5,fwd_ret_1d,0.011117417288994,0.0095842112684753,0.0024639738941528,0.0015332060205186,0.6222492958050623,0.2589641434262948,2068,5,False,False
UNIUSDT,moon_decl_q4,fwd_vol_5d,0.0102490388438517,0.0086038577080644,0.0024724456957771,0.0016451811357873,0.6654063782259031,0.2589641434262948,2092,4,False,False
ATOMUSDT,aspect_conjunction_count_q5,fwd_absret_1d,0.013309196603337,0.0116631950974281,0.0030403682978965,0.0016460015059089,0.5413822749854587,0.2589641434262948,2603,5,False,False
LTCUSDT,lunar_4phase,fwd_absret_1d,0.0066975942743799,0.0058900066303565,0.0011677573064765,0.0008075876440234,0.6915714759775073,0.2589641434262948,3105,4,False,False
DOGEUSDT,saturn_sign,fwd_absret_1d,0.0189260817062311,0.0158619534170244,0.0056882081530219,0.0030641282892066,0.5386807597008969,0.2589641434262948,2536,4,False,False
ATOMUSDT,mercury_out_of_bounds,fwd_absret_1d,0.0024627458727408,0.002025475834073,0.0009953816159449,0.0004372700386677,0.4392988896551825,0.2589641434262948,2603,2,False,False
ETHUSDT,venus_sign,fwd_absret_1d,0.0066333312310238,0.0037086072254064,0.0049887920245369,0.0029247240056174,0.5862589563229721,0.2591362126245847,3223,12,False,False
BTCUSDT,moon_near_full,fwd_ret_1d,0.001991368555672,0.0013243154158628,0.0019641969776663,0.0006670531398091,0.3396060310619663,0.2591362126245847,3223,2,False,False
SOLUSDT,aspect_trine_count_q5,fwd_ret_1d,0.013059439531172,0.0072485838978541,0.0084688817362467,0.0058108556333178,0.6861420213778051,0.2624584717607973,2133,5,False,False
BNBUSDT,hard_aspect_count_q5,fwd_absret_1d,0.0089570807353607,0.0057321077252592,0.0073022647435284,0.0032249730101014,0.4416401107559835,0.2624584717607973,3142,5,False,False
LINKUSDT,pluto_retrograde,fwd_vol_5d,0.0085038692978997,0.0065931179954352,0.0028872441742239,0.0019107513024645,0.6617906859152731,0.2629482071713147,2702,2,False,False
LINKUSDT,venus_retrograde,fwd_vol_5d,0.0071563910995629,0.0059419253700747,0.0038790523328558,0.0012144657294881,0.3130831000142732,0.2629482071713147,2702,2,False,False
DOTUSDT,moon_decl_sign,fwd_ret_1d,0.0029304382535728,0.002569207731534,0.001030620375951,0.0003612305220387,0.350498137304376,0.2629482071713147,2126,2,False,False
NEARUSDT,jupiter_sign,fwd_ret_1d,0.0428824323876431,0.0398438115695007,0.0055773570249672,0.0030386208181423,0.5448137539949178,0.2629482071713147,2069,7,False,False
DOGEUSDT,mars_retrograde,fwd_ret_1d,0.0027623430703032,0.0024062860011473,0.00122059117526,0.0003560570691558,0.2917087034321754,0.2629482071713147,2536,2,False,False
NEARUSDT,hard_aspect_count_q5,fwd_vol_5d,0.0192766633236365,0.016403118610882,0.0045663814895506,0.0028735447127544,0.6292826649131459,0.2629482071713147,2065,5,False,False
LTCUSDT,venus_sign,fwd_ret_1d,0.0206082904827483,0.0181303774358025,0.0034319165145172,0.0024779130469457,0.7220201996359766,0.2629482071713147,3105,12,False,False
LINKUSDT,moon_near_full,fwd_absret_1d,0.001758101208841,0.0014187885320597,0.0005610507150166,0.0003393126767812,0.604780758137262,0.2669322709163346,2706,2,False,False
DOGEUSDT,saturn_sign,fwd_ret_1d,0.0164814990812102,0.014040877369977,0.0054096498640828,0.0024406217112331,0.4511607539403973,0.2669322709163346,2536,4,False,False
BTCUSDT,jupiter_saturn_aspect,fwd_absret_1d,0.0067080926270628,0.0042800902968739,0.0051337893079308,0.0024280023301889,0.4729454569625725,0.2691029900332226,3223,2,False,False
AVAXUSDT,moon_decl_sign,fwd_vol_5d,0.0058249087846908,0.0049382971870093,0.0018298691322774,0.0008866115976815,0.4845218611770551,0.2709163346613545,2087,2,False,False
DOGEUSDT,jupiter_retrograde,fwd_vol_5d,0.0086200690905944,0.0070219054738132,0.0034569664529555,0.0015981636167812,0.4623023215671825,0.2709163346613545,2532,2,False,False
LTCUSDT,mars_retrograde,fwd_absret_1d,0.0027975482681499,0.0022203985030752,0.0011026673926097,0.0005771497650747,0.5234123806896432,0.2709163346613545,3105,2,False,False
NEARUSDT,mars_sign,fwd_vol_5d,0.0953942828961123,0.0868881800868507,0.0137021098805894,0.0085061028092615,0.6207878117596617,0.2709163346613545,2065,12,False,False
AVAXUSDT,mercury_sign,fwd_absret_1d,0.0403084339676914,0.0366116194627172,0.0061846110367219,0.0036968145049742,0.5977440590885945,0.2709163346613545,2091,12,False,False
ETHUSDT,lunar_8phase,fwd_ret_1d,0.0047054589772494,0.0034518367800499,0.0052428168809891,0.0012536221971995,0.2391123370616401,0.2724252491694352,3223,8,False,False
BTCUSDT,neptune_retrograde,fwd_vol_5d,0.0154108205614178,0.0100961547776143,0.0082175543048169,0.0053146657838034,0.6467454411208671,0.2724252491694352,3219,2,False,False
ADAUSDT,mercury_sign,fwd_ret_1d,0.0220687984145956,0.0204487922867482,0.0028326761151928,0.0016200061278474,0.5718995260907611,0.2749003984063745,2980,12,False,False
NEARUSDT,moon_decl_q4,fwd_vol_5d,0.0141373088715692,0.0120491859432979,0.0038962862116559,0.0020881229282712,0.535926473272043,0.2749003984063745,2065,4,False,False
AVAXUSDT,saturn_retrograde,fwd_vol_5d,0.0103919691074602,0.0085191132505112,0.0061296624262496,0.0018728558569489,0.3055398041054705,0.2749003984063745,2087,2,False,False
AAVEUSDT,aspect_opposition_count_q5,fwd_absret_1d,0.0189423430321328,0.0161853488393418,0.0052751460286278,0.0027569941927909,0.5226384592632997,0.2749003984063745,2068,5,False,False
LINKUSDT,aspect_opposition_count_q5,fwd_vol_5d,0.0322553975785456,0.0267728377347002,0.0110172483654686,0.0054825598438453,0.4976342242614183,0.2749003984063745,2702,5,False,False
NEARUSDT,neptune_retrograde,fwd_absret_1d,0.0039142402690602,0.0031713975865376,0.0023625655136088,0.0007428426825225,0.3144220459681096,0.2749003984063745,2069,2,False,False
LTCUSDT,venus_sign,fwd_absret_1d,0.0239455435879621,0.0214365748143612,0.0038900021030926,0.0025089687736009,0.6449787704757979,0.2749003984063745,3105,12,False,False
AVAXUSDT,jupiter_retrograde,fwd_ret_1d,0.0029689068625615,0.002513640055032,0.0010344123040919,0.0004552668075295,0.4401212221940787,0.2749003984063745,2091,2,False,False
XRPUSDT,venus_out_of_bounds,fwd_absret_1d,0.0031181555375664,0.0024123550587415,0.001185127059344,0.0007058004788248,0.5955483618908798,0.2749003984063745,2963,2,False,False
UNIUSDT,jupiter_sign,fwd_absret_1d,0.0436225963625799,0.039887154929115,0.0058341425306173,0.0037354414334648,0.6402725702811415,0.2749003984063745,2096,7,False,False
NEARUSDT,neptune_retrograde,fwd_ret_1d,0.0040213654979705,0.0033153769150281,0.0021482408333043,0.0007059885829423,0.328635678084748,0.2749003984063745,2069,2,False,False
BTCUSDT,aspect_opposition_count_q5,fwd_ret_1d,0.0130693135510551,0.0083184828266631,0.0088398114554134,0.0047508307243919,0.5374357528273463,0.2757475083056478,3223,5,False,False
BTCUSDT,venus_sign,fwd_ret_1d,0.011519361102946,0.0073682180192137,0.0073639636531591,0.0041511430837323,0.563710425424422,0.2757475083056478,3223,12,False,False
BCHUSDT,mars_retrograde,fwd_vol_5d,0.0076155287527544,0.0063153171372557,0.0033420318540465,0.0013002116154986,0.389048241393738,0.2788844621513944,2386,2,False,False
FILUSDT,venus_retrograde,fwd_vol_5d,0.0079373419697163,0.0063119576516264,0.0032781487788769,0.0016253843180899,0.4958238407491438,0.2788844621513944,2064,2,False,False
XRPUSDT,saturn_sign,fwd_vol_5d,0.0378773298605644,0.0329549515776677,0.0090300530472768,0.0049223782828966,0.5451106717895852,0.2788844621513944,2959,4,False,False
DOTUSDT,moon_sign,fwd_vol_5d,0.0366084350766368,0.033889640507582,0.0040646238027966,0.0027187945690547,0.6688920551968656,0.2788844621513944,2122,12,False,False
BCHUSDT,mars_out_of_bounds,fwd_absret_1d,0.0027690623602053,0.0023339460170392,0.0012304327056589,0.000435116343166,0.3536287203395348,0.2788844621513944,2390,2,False,False
DOTUSDT,neptune_retrograde,fwd_ret_1d,0.0037201929552246,0.0030130524446638,0.0016456494158966,0.0007071405105608,0.4297030119112774,0.2788844621513944,2126,2,False,False
ADAUSDT,mars_saturn_hard_aspect,fwd_absret_1d,0.0022121110971699,0.0018091065639786,0.0010451004868749,0.0004030045331913,0.3856131905520842,0.2788844621513944,2980,2,False,False
LINKUSDT,uranus_retrograde,fwd_absret_1d,0.0033878056578491,0.0027429274288601,0.0012074908719896,0.000644878228989,0.534064682349437,0.2788844621513944,2706,2,False,False
XRPUSDT,saturn_retrograde,fwd_absret_1d,0.0023795863757283,0.0018887458778406,0.0009310737606521,0.0004908404978876,0.5271768130850152,0.2788844621513944,2963,2,False,False
SOLUSDT,mercury_sign,fwd_vol_5d,0.110385137526292,0.0985347329922367,0.018935191526968,0.0118504045340552,0.6258402254435939,0.2823920265780731,2129,12,False,False
NEARUSDT,mars_saturn_hard_aspect,fwd_ret_1d,0.0031346408368373,0.0025674994463449,0.0012197176119726,0.0005671413904924,0.4649776185285888,0.2828685258964143,2069,2,False,False
BCHUSDT,mercury_out_of_bounds,fwd_absret_1d,0.0025190409231155,0.0020532052297519,0.0008614531699742,0.0004658356933635,0.5407556784282473,0.2828685258964143,2390,2,False,False
ATOMUSDT,sun_sign,fwd_ret_1d,0.0202760080256496,0.0191077431765916,0.0019703182037834,0.0011682648490579,0.5929320689494121,0.2828685258964143,2603,12,False,False
LTCUSDT,moon_perigee_q4,fwd_vol_5d,0.0083353659661957,0.0071526592220845,0.0022109589613151,0.0011827067441111,0.5349293066062574,0.2828685258964143,3101,4,False,False
ATOMUSDT,neptune_retrograde,fwd_absret_1d,0.0018704222811301,0.0015853904973091,0.0004697836730933,0.0002850317838209,0.6067298634371501,0.2828685258964143,2603,2,False,False
LTCUSDT,jupiter_retrograde,fwd_vol_5d,0.0071631830008873,0.0055331036724802,0.0026472111792226,0.001630079328407,0.6157723045298127,0.2828685258964143,3101,2,False,False
UNIUSDT,hard_aspect_count_q5,fwd_vol_5d,0.0168792244953086,0.0148327461555264,0.0044999508368312,0.0020464783397822,0.454777932912558,0.2828685258964143,2092,5,False,False
FILUSDT,saturn_sign,fwd_absret_1d,0.0122483677452176,0.010869281432688,0.0033204354931003,0.0013790863125295,0.4153329632197925,0.2828685258964143,2068,4,False,False
DOTUSDT,moon_perigee_q4,fwd_ret_1d,0.0069135531632768,0.0060359383204276,0.0017032326171029,0.0008776148428492,0.5152642299335122,0.2828685258964143,2126,4,False,False
DOGEUSDT,saturn_sign,fwd_vol_5d,0.0542719289472158,0.049990039973468,0.011116074639224,0.0042818889737478,0.3851979329680643,0.2828685258964143,2532,4,False,False
LINKUSDT,jupiter_retrograde,fwd_vol_5d,0.0073684277813233,0.005942081966739,0.0038375899768113,0.0014263458145843,0.3716774911345414,0.2828685258964143,2702,2,False,False
BNBUSDT,mars_out_of_bounds,fwd_absret_1d,0.0054939859224714,0.0035741524617178,0.0044779561092034,0.0019198334607535,0.4287298521769359,0.2857142857142857,3142,2,False,False
BTCUSDT,pluto_out_of_bounds,fwd_absret_1d,0.0025459943593348,0.0019283302779095,0.0025416567643387,0.0006176640814253,0.2430163230895753,0.2857142857142857,3223,2,False,False
BNBUSDT,jupiter_sign,fwd_ret_1d,0.0664420119102686,0.0580428657798902,0.0112908671311186,0.0083991461303783,0.7438884926056358,0.2857142857142857,3142,9,False,False
ETHUSDT,aspect_square_count_q5,fwd_absret_1d,0.0063992405587365,0.0047174031456498,0.0068877660117702,0.0016818374130867,0.2441774895100505,0.2857142857142857,3223,5,False,False
ATOMUSDT,pluto_retrograde,fwd_vol_5d,0.0047630568184023,0.0037017859768659,0.0018409625394782,0.0010612708415363,0.5764760655244779,0.2868525896414343,2599,2,False,False
NEARUSDT,soft_aspect_count_q5,fwd_absret_1d,0.0153229862074058,0.0135208356772779,0.003881140723863,0.0018021505301279,0.4643352710834446,0.2868525896414343,2069,5,False,False
FILUSDT,moon_decl_q4,fwd_ret_1d,0.0083162742583668,0.0074153257498957,0.0018050751482762,0.000900948508471,0.4991196678606149,0.2868525896414343,2068,4,False,False
UNIUSDT,mars_retrograde,fwd_absret_1d,0.003391014005969,0.0030127007029203,0.0015288968842569,0.0003783133030487,0.2474420001402543,0.2868525896414343,2096,2,False,False
ADAUSDT,harmonic_3_count_q5,fwd_ret_1d,0.0080769523222598,0.0070786133353992,0.0018571448549307,0.0009983389868605,0.5375665684935654,0.2868525896414343,2980,5,False,False
DOTUSDT,lunar_4phase,fwd_absret_1d,0.0067771024212864,0.0062479818185306,0.000920566107863,0.0005291206027558,0.5747774095052439,0.2868525896414343,2126,4,False,False
AVAXUSDT,moon_sign,fwd_absret_1d,0.0299723187927037,0.0283290980869138,0.0028720707555235,0.0016432207057899,0.5721379609571575,0.2868525896414343,2091,12,False,False
BTCUSDT,moon_decl_sign,fwd_vol_5d,0.0113351740036831,0.0086312606250288,0.0046938339575719,0.0027039133786542,0.5760564611137085,0.2890365448504983,3219,2,False,False
BCHUSDT,moon_near_new,fwd_vol_5d,0.0027823855128269,0.0023527347394335,0.0011505174868164,0.0004296507733934,0.3734413238535991,0.2908366533864542,2386,2,False,False
LINKUSDT,aspect_trine_count_q5,fwd_ret_1d,0.0097102721094194,0.0085229996700894,0.0027987217698375,0.00118727243933,0.4242195319754698,0.2908366533864542,2706,5,False,False
DOGEUSDT,n_retrograde,fwd_vol_5d,0.0446647953503713,0.0397400148557558,0.0084057815280196,0.0049247804946154,0.5858801443029815,0.2908366533864542,2532,7,False,False
UNIUSDT,pluto_retrograde,fwd_vol_5d,0.007225902258243,0.0060814931957872,0.0031373852076297,0.0011444090624557,0.3647652381584303,0.2908366533864542,2092,2,False,False
AVAXUSDT,harmonic_4_count_q5,fwd_ret_1d,0.0120050240798641,0.0105644922800502,0.0025290852611773,0.0014405317998138,0.5695860957820239,0.2908366533864542,2091,5,False,False
XRPUSDT,mars_saturn_hard_aspect,fwd_ret_1d,0.0022502341267743,0.0019484208154459,0.0010300190931415,0.0003018133113284,0.293017200688895,0.2908366533864542,2963,2,False,False
AAVEUSDT,eclipse_window,fwd_vol_5d,0.0046240364807709,0.0038310014495058,0.0017727800645,0.000793035031265,0.4473397727928033,0.2908366533864542,2064,2,False,False
XRPUSDT,moon_near_full,fwd_absret_1d,0.0021199290147693,0.0017713855409302,0.0009666551649894,0.0003485434738391,0.3605665044400452,0.2908366533864542,2963,2,False,False
UNIUSDT,neptune_retrograde,fwd_ret_1d,0.0037339750219759,0.0031221888144854,0.0013571346943987,0.0006117862074904,0.4507925484592552,0.2908366533864542,2096,2,False,False
NEARUSDT,moon_near_full,fwd_vol_5d,0.003147154675941,0.0025516149508832,0.0011326233010902,0.0005955397250578,0.5258056447227625,0.2908366533864542,2065,2,False,False
SOLUSDT,moon_out_of_bounds,fwd_absret_1d,0.008670167116608,0.006271212857479,0.0061987293006774,0.0023989542591289,0.3870074240646091,0.292358803986711,2133,2,False,False
ETHUSDT,jupiter_saturn_aspect,fwd_ret_1d,0.0050862881195792,0.0037714608714433,0.0044171226785943,0.0013148272481359,0.2976660020125027,0.292358803986711,3223,2,False,False
BNBUSDT,hard_aspect_count_q5,fwd_vol_5d,0.0181157329771957,0.0129396975864127,0.0096898725458583,0.0051760353907829,0.5341696050476215,0.292358803986711,3138,5,False,False
LINKUSDT,mercury_out_of_bounds,fwd_vol_5d,0.0061950562854672,0.005157199141782,0.0031840330661893,0.0010378571436851,0.325956773095726,0.2948207171314741,2702,2,False,False
FILUSDT,moon_perigee_q4,fwd_absret_1d,0.0070566347640965,0.0062445148334827,0.0013851651408822,0.0008121199306137,0.5862982735015683,0.2948207171314741,2068,4,False,False
XRPUSDT,saturn_sign,fwd_absret_1d,0.0163687632970432,0.0141065655789833,0.0037385159425881,0.0022621977180598,0.6051058101129281,0.2948207171314741,2963,4,False,False
DOGEUSDT,sun_element,fwd_vol_5d,0.0202781165847566,0.0182872585859789,0.0035578148001579,0.0019908579987776,0.5595732522921839,0.2948207171314741,2532,4,False,False
NEARUSDT,moon_out_of_bounds,fwd_ret_1d,0.0028052370661727,0.0024034603652455,0.0009669554499733,0.0004017767009271,0.4155069408195309,0.2948207171314741,2069,2,False,False
UNIUSDT,mars_saturn_hard_aspect,fwd_vol_5d,0.0065643116385962,0.0056350000454162,0.0029866637545726,0.0009293115931799,0.3111537386011898,0.2948207171314741,2092,2,False,False
NEARUSDT,n_retrograde,fwd_vol_5d,0.0500984770484129,0.0451349405344487,0.012928328175537,0.0049635365139641,0.3839271750044355,0.2948207171314741,2065,7,False,False
NEARUSDT,mars_out_of_bounds,fwd_vol_5d,0.0121754547763327,0.0097284047291856,0.0072110654852315,0.002447050047147,0.3393465296021389,0.2948207171314741,2065,2,False,False
AVAXUSDT,mercury_sign,fwd_ret_1d,0.0369805029488453,0.0339966534886184,0.0059014500954803,0.0029838494602268,0.5056129276619794,0.2948207171314741,2091,12,False,False
DOGEUSDT,sun_modality,fwd_absret_1d,0.0045668201855495,0.004092044710838,0.0008649305656208,0.0004747754747115,0.5489174432987368,0.2948207171314741,2536,3,False,False
DOGEUSDT,venus_sign,fwd_vol_5d,0.0813185491430388,0.0744147814430942,0.0133512604765252,0.0069037676999445,0.51708733509342,0.2948207171314741,2532,12,False,False
LTCUSDT,neptune_retrograde,fwd_vol_5d,0.0077106626406122,0.0069095260064851,0.0050429139705439,0.0008011366341271,0.158863831270305,0.2948207171314741,3101,2,False,False
DOTUSDT,lunar_8phase,fwd_ret_1d,0.0167219160567607,0.0160915572460263,0.0013443039777156,0.0006303588107343,0.4689109168638223,0.298804780876494,2126,8,False,False
ADAUSDT,hard_aspect_count_q5,fwd_ret_1d,0.0072198266685654,0.0064432035786746,0.0015070693755079,0.0007766230898907,0.515320065892153,0.298804780876494,2980,5,False,False
LTCUSDT,harmonic_3_count_q5,fwd_absret_1d,0.0078650287381488,0.0072158062585898,0.001754409734957,0.0006492224795589,0.3700517995443373,0.298804780876494,3105,5,False,False
FILUSDT,neptune_retrograde,fwd_vol_5d,0.0128952589966353,0.0100090753026634,0.0065714672601839,0.0028861836939718,0.439199280723666,0.298804780876494,2064,2,False,False
ADAUSDT,saturn_retrograde,fwd_vol_5d,0.0063802563360814,0.0054708317200056,0.0032118370814269,0.0009094246160758,0.2831478038953883,0.298804780876494,2976,2,False,False
DOTUSDT,aspect_conjunction_count_q5,fwd_vol_5d,0.0364965675980852,0.0325506559213316,0.0091324532372316,0.0039459116767536,0.4320757603955465,0.298804780876494,2122,5,False,False
FILUSDT,eclipse_window,fwd_ret_1d,0.0027709248665092,0.0023462175208547,0.0010950657432407,0.0004247073456545,0.3878373040851652,0.298804780876494,2068,2,False,False
BCHUSDT,harmonic_3_count_q5,fwd_vol_5d,0.0161971064258739,0.0144254790375456,0.0044035905073142,0.0017716273883283,0.4023142899835218,0.298804780876494,2386,5,False,False
UNIUSDT,eclipse_window,fwd_ret_1d,0.0026026697424697,0.0021510785628979,0.0009598682893456,0.0004515911795717,0.4704720268232081,0.298804780876494,2096,2,False,False
XRPUSDT,hard_aspect_count_q5,fwd_vol_5d,0.010855013404378,0.0097237550893042,0.0028303621378284,0.0011312583150737,0.3996867750434568,0.298804780876494,2959,5,False,False
LTCUSDT,moon_out_of_bounds,fwd_absret_1d,0.0019578965338725,0.0016726523402342,0.0008780467014908,0.0002852441936383,0.3248622119462059,0.298804780876494,3105,2,False,False
BCHUSDT,moon_void_of_course,fwd_ret_1d,0.0022615136537867,0.0019645080472928,0.0008985171379899,0.0002970056064939,0.330550853107099,0.3027888446215139,2390,2,False,False
BCHUSDT,uranus_retrograde,fwd_absret_1d,0.003308760500113,0.0028707926626066,0.0016092198464187,0.0004379678375063,0.2721615933839483,0.3027888446215139,2390,2,False,False
LINKUSDT,saturn_retrograde,fwd_vol_5d,0.0080611419090243,0.0063665903261391,0.0034202844146968,0.0016945515828852,0.4954417169530634,0.3027888446215139,2702,2,False,False
NEARUSDT,moon_sign,fwd_vol_5d,0.0377164160355116,0.0343397305332176,0.0062118796766389,0.0033766855022939,0.5435851429950754,0.3027888446215139,2065,12,False,False
AAVEUSDT,jupiter_saturn_aspect,fwd_absret_1d,0.0051677849145849,0.0045378327030963,0.0033856961673359,0.0006299522114886,0.1860628303172056,0.3027888446215139,2068,2,False,False
LINKUSDT,moon_decl_q4,fwd_absret_1d,0.0072510130894835,0.0063959642252857,0.0017078801077223,0.0008550488641978,0.5006492319523164,0.3027888446215139,2706,4,False,False
LINKUSDT,saturn_sign,fwd_ret_1d,0.0207883887943776,0.0172878813069362,0.0049003610207198,0.0035005074874414,0.7143366524712116,0.3027888446215139,2706,4,False,False
BTCUSDT,mars_retrograde,fwd_vol_5d,0.0136154522599183,0.0110239291955096,0.0068903848410353,0.0025915230644086,0.3761071586270429,0.3056478405315614,3219,2,False,False
SOLUSDT,moon_perigee_q4,fwd_vol_5d,0.0234898643059868,0.018194073557152,0.0114340339078427,0.0052957907488348,0.463160315206201,0.3056478405315614,2129,4,False,False
SOLUSDT,soft_aspect_count_q5,fwd_ret_1d,0.0151133791315727,0.0103123043731145,0.0102250686237453,0.0048010747584582,0.4695396124099195,0.3056478405315614,2133,5,False,False
BNBUSDT,eclipse_window,fwd_vol_5d,0.0046283645551841,0.0032366304388547,0.0028137363520358,0.0013917341163294,0.4946213654034873,0.3056478405315614,3138,2,False,False
AVAXUSDT,harmonic_3_count_q5,fwd_absret_1d,0.0139326988044664,0.0122632618986867,0.0033151897582235,0.0016694369057797,0.5035720509327004,0.3067729083665338,2091,5,False,False
AAVEUSDT,mercury_sign,fwd_vol_5d,0.077888354529995,0.072083580552769,0.0107259378518991,0.0058047739772259,0.5411903422690586,0.3067729083665338,2064,12,False,False
XRPUSDT,pluto_retrograde,fwd_absret_1d,0.0022525576109145,0.0018350617491919,0.0008687280933245,0.0004174958617225,0.4805828946141349,0.3067729083665338,2963,2,False,False
LTCUSDT,lunar_4phase,fwd_vol_5d,0.0103302810049932,0.0099393295892119,0.0007895995317579,0.0003909514157812,0.4951262001268853,0.3067729083665338,3101,4,False,False
ADAUSDT,jupiter_saturn_aspect,fwd_vol_5d,0.0078120550006985,0.0073476881328776,0.0056901933793654,0.0004643668678209,0.0816082753013052,0.3067729083665338,2976,2,False,False
AAVEUSDT,sun_element,fwd_ret_1d,0.0072273971489086,0.0061077325060125,0.0022423597826741,0.001119664642896,0.499324261676155,0.3067729083665338,2068,4,False,False
DOGEUSDT,venus_sign,fwd_ret_1d,0.0315106146241818,0.02913061325288,0.0044242820910224,0.0023800013713018,0.5379406923738452,0.3067729083665338,2536,12,False,False
ATOMUSDT,mercury_sign,fwd_absret_1d,0.027611285906592,0.0254076277800534,0.0046351672733749,0.0022036581265385,0.4754214889280584,0.3067729083665338,2603,12,False,False
BCHUSDT,saturn_retrograde,fwd_vol_5d,0.0101599128558924,0.008125759330966,0.0045219393383171,0.0020341535249263,0.4498409582122697,0.3067729083665338,2386,2,False,False
AVAXUSDT,moon_near_new,fwd_absret_1d,0.0023278184964357,0.001911125123759,0.0008536419882714,0.0004166933726766,0.4881359848763064,0.3067729083665338,2091,2,False,False
FILUSDT,aspect_square_count_q5,fwd_absret_1d,0.0103680904283579,0.0094269281770836,0.002278618055579,0.0009411622512743,0.4130408117191603,0.3067729083665338,2068,5,False,False
ETHUSDT,neptune_retrograde,fwd_vol_5d,0.0135111126746934,0.0101440210407418,0.0060594677931392,0.0033670916339515,0.5556744831227469,0.3089700996677741,3219,2,False,False
BTCUSDT,jupiter_sign,fwd_vol_5d,0.1664719191008878,0.1575345341112366,0.0179693247636472,0.0089373849896512,0.4973689945062388,0.3089700996677741,3219,10,False,False
BCHUSDT,mercury_out_of_bounds,fwd_vol_5d,0.0048903634885083,0.0040919273457837,0.0019260825454245,0.0007984361427246,0.4145389015757972,0.3107569721115538,2386,2,False,False
AAVEUSDT,aspect_conjunction_count_q5,fwd_vol_5d,0.0260693391528206,0.0231738875328174,0.0077628084975088,0.0028954516200031,0.3729902162255253,0.3107569721115538,2064,5,False,False
ATOMUSDT,jupiter_sign,fwd_vol_5d,0.1524752409101003,0.1469732371515588,0.0114833585078816,0.0055020037585414,0.4791284496399881,0.3107569721115538,2599,8,False,False
NEARUSDT,saturn_retrograde,fwd_ret_1d,0.004409969696625,0.0038303178071758,0.0024581467774468,0.0005796518894492,0.2358084939302613,0.3107569721115538,2069,2,False,False
ATOMUSDT,venus_sign,fwd_absret_1d,0.0268312934577075,0.0253577241989156,0.0033329374570859,0.0014735692587919,0.442123285469728,0.3107569721115538,2603,12,False,False
NEARUSDT,jupiter_retrograde,fwd_absret_1d,0.0043093592965645,0.0033396853776539,0.0020619414829041,0.0009696739189106,0.4702722783116498,0.3107569721115538,2069,2,False,False
DOGEUSDT,mercury_sign,fwd_absret_1d,0.0339446877906435,0.0319865298928608,0.0037941262966473,0.0019581578977826,0.5161024553961093,0.3107569721115538,2536,12,False,False
LINKUSDT,sun_modality,fwd_vol_5d,0.0095344247984601,0.0086043013566308,0.0019700114136698,0.0009301234418293,0.4721411436376571,0.3107569721115538,2702,3,False,False
XRPUSDT,eclipse_window,fwd_absret_1d,0.0018365082788565,0.0015748149329529,0.0007453437223362,0.0002616933459036,0.3511042463513927,0.3107569721115538,2963,2,False,False
ATOMUSDT,jupiter_sign,fwd_absret_1d,0.0548009823196599,0.0524994275416694,0.003808185272478,0.0023015547779905,0.6043704844467462,0.3107569721115538,2603,8,False,False
SOLUSDT,harmonic_3_count_q5,fwd_absret_1d,0.0117655087231458,0.0090088014825618,0.0099527588203099,0.002756707240584,0.2769792065048926,0.3122923588039867,2133,5,False,False
BTCUSDT,moon_near_new,fwd_ret_1d,0.0016903954084555,0.001359439989145,0.0019331247408251,0.0003309554193104,0.171202309049764,0.3122923588039867,3223,2,False,False
DOGEUSDT,aspect_square_count_q5,fwd_ret_1d,0.0091865023091153,0.0084293947771722,0.0020309125427665,0.0007571075319431,0.3727917948213501,0.3147410358565737,2536,5,False,False
LINKUSDT,saturn_sign,fwd_absret_1d,0.0225898585632527,0.0191058227935911,0.0049074141283764,0.0034840357696615,0.7099534864024735,0.3147410358565737,2706,4,False,False
AVAXUSDT,hard_aspect_count_q5,fwd_vol_5d,0.016850204277234,0.015453468891982,0.0050417678807081,0.0013967353852519,0.2770328619443968,0.3147410358565737,2087,5,False,False
UNIUSDT,mars_sign,fwd_vol_5d,0.0921648436202891,0.086587509967746,0.0135014784249813,0.005577333652543,0.4130905873406774,0.3147410358565737,2092,12,False,False
LINKUSDT,eclipse_window,fwd_ret_1d,0.0016786183733242,0.0014868369624414,0.0007386983571495,0.0001917814108828,0.2596207356177666,0.3147410358565737,2706,2,False,False
XRPUSDT,saturn_sign,fwd_ret_1d,0.0146243393312805,0.0123722045540035,0.0034776639767845,0.002252134777277,0.6475998809290746,0.3147410358565737,2963,4,False,False
LINKUSDT,moon_decl_sign,fwd_absret_1d,0.0032904134042786,0.0026583791128842,0.0009893459206546,0.0006320342913944,0.6388405492956483,0.3147410358565737,2706,2,False,False
SOLUSDT,aspect_conjunction_count_q5,fwd_vol_5d,0.0381462128192353,0.0321605936810412,0.0143600407757185,0.0059856191381941,0.4168246616900447,0.3156146179401993,2129,5,False,False
ETHUSDT,mercury_sign,fwd_vol_5d,0.0879415442166346,0.0815442798734321,0.011508912645051,0.0063972643432025,0.555853062795943,0.3156146179401993,3219,12,False,False
DOGEUSDT,mars_saturn_hard_aspect,fwd_ret_1d,0.0025710911331343,0.0023748713567174,0.0014451155848528,0.0001962197764169,0.1357813717280793,0.3187250996015936,2536,2,False,False
BCHUSDT,moon_decl_q4,fwd_ret_1d,0.0063616823820871,0.0058552053024901,0.001306148583704,0.000506477079597,0.3877637551470042,0.3187250996015936,2390,4,False,False
LINKUSDT,moon_near_new,fwd_vol_5d,0.0023170480786063,0.001926721851038,0.0007860980690814,0.0003903262275683,0.4965363011570115,0.3187250996015936,2702,2,False,False
LINKUSDT,aspect_trine_count_q5,fwd_vol_5d,0.0163342581734984,0.0152638798677451,0.0060965230983314,0.0010703783057533,0.1755719265701212,0.3187250996015936,2702,5,False,False
AAVEUSDT,hard_aspect_count_q5,fwd_vol_5d,0.0157120835780523,0.0141163357071386,0.0038199673535324,0.0015957478709136,0.417738614817749,0.3187250996015936,2064,5,False,False
DOGEUSDT,lunar_4phase,fwd_absret_1d,0.0053939282407923,0.0048841048349492,0.0013486738491172,0.0005098234058431,0.3780183075224567,0.3187250996015936,2536,4,False,False
BNBUSDT,lunar_4phase,fwd_absret_1d,0.0007419975868767,0.002103613815214,0.0040429418568073,-0.0013616162283372,-0.3367884764517847,0.3189368770764119,3142,4,False,False
SOLUSDT,n_retrograde,fwd_ret_1d,0.0144892267919116,0.0102578333262106,0.0107351922321676,0.004231393465701,0.3941609404088526,0.3189368770764119,2133,7,False,False
BTCUSDT,mercury_out_of_bounds,fwd_absret_1d,0.0031805226371557,0.0023477871722547,0.0030597581897701,0.0008327354649009,0.2721572795147987,0.3189368770764119,3223,2,False,False
BTCUSDT,aspect_trine_count_q5,fwd_ret_1d,0.0076016133802725,0.0055882860965595,0.0068457602409353,0.002013327283713,0.2940984219216431,0.3189368770764119,3223,5,False,False
SOLUSDT,moon_near_full,fwd_absret_1d,0.001510220859981,0.0015465255454673,0.0025216514204611,-3.6304685486264346e-05,-0.0143971863801959,0.3222591362126246,2133,2,False,False
SOLUSDT,pluto_retrograde,fwd_vol_5d,0.0113379461548017,0.0084785226458683,0.0079228380152728,0.0028594235089334,0.3609089954157051,0.3222591362126246,2129,2,False,False
ATOMUSDT,sun_modality,fwd_absret_1d,0.0044487266651344,0.0041293404239658,0.0010212855086054,0.0003193862411685,0.3127296318976268,0.3227091633466135,2603,3,False,False
ATOMUSDT,jupiter_saturn_aspect,fwd_absret_1d,0.0039282170700473,0.0033331092088264,0.0024608406605412,0.0005951078612208,0.2418311233080579,0.3227091633466135,2603,2,False,False
ATOMUSDT,jupiter_sign,fwd_ret_1d,0.0507620074258813,0.0487589643099148,0.0040006752787357,0.0020030431159664,0.5006762549844811,0.3227091633466135,2603,8,False,False
ATOMUSDT,aspect_opposition_count_q5,fwd_absret_1d,0.0214698097811986,0.0168863941111878,0.0080992531973724,0.0045834156700108,0.5659059617370331,0.3227091633466135,2603,5,False,False
NEARUSDT,jupiter_sign,fwd_vol_5d,0.1244259714098093,0.1213799655086657,0.0140207183217129,0.0030460059011435,0.2172503456136345,0.3227091633466135,2065,7,False,False
BCHUSDT,venus_sign,fwd_vol_5d,0.0654364878943756,0.0614055700970313,0.0088501749132279,0.0040309177973442,0.4554619357092492,0.3227091633466135,2386,12,False,False
ATOMUSDT,aspect_square_count_q5,fwd_ret_1d,0.0089619542820459,0.0082172226814022,0.0020899357311027,0.0007447316006436,0.3563418671495483,0.3227091633466135,2603,5,False,False
BCHUSDT,eclipse_window,fwd_absret_1d,0.002279206491198,0.0020635710468289,0.0009578601035953,0.0002156354443691,0.2251220648607572,0.3227091633466135,2390,2,False,False
UNIUSDT,mercury_out_of_bounds,fwd_absret_1d,0.0034368988911589,0.0029031587141444,0.0014578622682266,0.0005337401770145,0.3661115241454212,0.3227091633466135,2096,2,False,False
FILUSDT,moon_sign,fwd_ret_1d,0.0283039833357685,0.0272503874221683,0.0024628147291175,0.0010535959136002,0.4278015317773175,0.3227091633466135,2068,12,False,False
SOLUSDT,eclipse_window,fwd_absret_1d,0.0007203742597403,0.0009341943971731,0.0016359763183266,-0.0002138201374328,-0.1306987974321902,0.3255813953488372,2133,2,False,False
SOLUSDT,aspect_square_count_q5,fwd_vol_5d,0.0254679041247141,0.0184430074946855,0.0127997492485718,0.0070248966300285,0.5488308007918519,0.3255813953488372,2129,5,False,False
BNBUSDT,harmonic_4_count_q5,fwd_vol_5d,0.0166610578893791,0.0126413285526158,0.0095738941616892,0.0040197293367632,0.4198635653241889,0.3255813953488372,3138,5,False,False
ETHUSDT,n_retrograde,fwd_absret_1d,0.0056779109852231,0.0050246093548696,0.0067677964255201,0.0006533016303535,0.0965309222201284,0.3255813953488372,3223,7,False,False
NEARUSDT,lunar_4phase,fwd_absret_1d,0.0054338987260771,0.0049225231942626,0.0011123319278986,0.0005113755318145,0.4597328540057228,0.3266932270916334,2069,4,False,False
FILUSDT,saturn_retrograde,fwd_vol_5d,0.0096862354588411,0.0082272615598213,0.0045962410717771,0.0014589738990197,0.3174276275407923,0.3266932270916334,2064,2,False,False
AVAXUSDT,n_retrograde,fwd_vol_5d,0.0476216803110491,0.0443262843239282,0.0103693326356735,0.0032953959871209,0.317802128922335,0.3266932270916334,2087,7,False,False
DOTUSDT,aspect_opposition_count_q5,fwd_absret_1d,0.0183374048104533,0.0162192410344702,0.0056042612563735,0.0021181637759831,0.377955930154792,0.3266932270916334,2126,5,False,False
NEARUSDT,pluto_retrograde,fwd_vol_5d,0.0112745339615753,0.0102861528641133,0.0078338991146594,0.000988381097462,0.1261671975852344,0.3266932270916334,2065,2,False,False
ADAUSDT,saturn_sign,fwd_absret_1d,0.0158563184200256,0.0141424096148442,0.0036766452578303,0.0017139088051814,0.4661610476374441,0.3266932270916334,2980,4,False,False
XRPUSDT,harmonic_4_count_q5,fwd_absret_1d,0.0076272284070412,0.0069944917659601,0.0017582356033966,0.000632736641081,0.3598702243651089,0.3266932270916334,2963,5,False,False
BNBUSDT,moon_near_full,fwd_ret_1d,0.0003874709819169,0.0011500859463989,0.0021098209444122,-0.000762614964482,-0.3614595667474856,0.3289036544850498,3142,2,False,False
ETHUSDT,moon_sign,fwd_ret_1d,0.0104670063765781,0.0076280756221832,0.0067777992893495,0.0028389307543949,0.4188573065089034,0.3289036544850498,3223,12,False,False
LTCUSDT,mars_out_of_bounds,fwd_ret_1d,0.0021500723381537,0.0020280701333585,0.0012112163074194,0.0001220022047951,0.1007270163453271,0.3306772908366533,3105,2,False,False
LTCUSDT,mars_out_of_bounds,fwd_vol_5d,0.0054768339923236,0.0051273678193846,0.0033833576797799,0.000349466172939,0.1032897511922949,0.3306772908366533,3101,2,False,False
FILUSDT,harmonic_4_count_q5,fwd_ret_1d,0.0100783802775433,0.0092249408694071,0.0022683281479877,0.0008534394081362,0.3762415984183265,0.3306772908366533,2068,5,False,False
XRPUSDT,moon_decl_q4,fwd_ret_1d,0.005150946681817,0.0046841943818141,0.0012783732262902,0.0004667523000029,0.365114264288383,0.3306772908366533,2963,4,False,False
BTCUSDT,hard_aspect_count_q5,fwd_vol_5d,0.0156510436778907,0.0126675411786171,0.0095715995787216,0.0029835024992735,0.3117036473094988,0.3322259136212624,3219,5,False,False
NEARUSDT,pluto_retrograde,fwd_absret_1d,0.0035440656622887,0.003199424874429,0.0023980028674182,0.0003446407878597,0.1437199231670451,0.3346613545816733,2069,2,False,False
DOGEUSDT,venus_retrograde,fwd_absret_1d,0.0030978903640274,0.0028683098668567,0.0016809222534163,0.0002295804971706,0.1365800807884172,0.3346613545816733,2536,2,False,False
XRPUSDT,mars_retrograde,fwd_ret_1d,0.0022449969766103,0.0022067996550217,0.0016162383858557,3.819732158861664e-05,0.0236334701136262,0.3346613545816733,2963,2,False,False
FILUSDT,harmonic_3_count_q5,fwd_ret_1d,0.0105668850715515,0.0096304588744706,0.0023397454653557,0.0009364261970809,0.4002256702476735,0.3346613545816733,2068,5,False,False
AVAXUSDT,mercury_sign,fwd_vol_5d,0.0894989278729975,0.0832520606200831,0.0140641179732924,0.0062468672529143,0.4441705668835444,0.3346613545816733,2087,12,False,False
SOLUSDT,neptune_retrograde,fwd_vol_5d,0.0120196590422023,0.0087908812756781,0.0075132755885309,0.0032287777665241,0.4297430233296564,0.335548172757475,2129,2,False,False
SOLUSDT,moon_out_of_bounds,fwd_vol_5d,0.0100722050949733,0.0078919131751084,0.0062493068668789,0.0021802919198648,0.3488853990224606,0.335548172757475,2129,2,False,False
ATOMUSDT,moon_near_new,fwd_absret_1d,0.0017977079563271,0.0015660533354357,0.0007741853774842,0.0002316546208913,0.2992237100165544,0.3386454183266932,2603,2,False,False
DOTUSDT,moon_decl_sign,fwd_absret_1d,0.0025450504619322,0.0022555665147413,0.0012667265415517,0.0002894839471908,0.2285291558162466,0.3386454183266932,2126,2,False,False
ADAUSDT,saturn_sign,fwd_vol_5d,0.0473454644935829,0.0439255971551725,0.0105093895862208,0.0034198673384104,0.3254106540016674,0.3386454183266932,2976,4,False,False
BCHUSDT,neptune_retrograde,fwd_absret_1d,0.003658451948152,0.0031510764788883,0.0017054904446022,0.0005073754692636,0.2974953456171207,0.3386454183266932,2390,2,False,False
ADAUSDT,pluto_out_of_bounds,fwd_absret_1d,0.0028120553744099,0.0025338601086281,0.0016488760525689,0.0002781952657818,0.168718118835175,0.3386454183266932,2980,2,False,False
BCHUSDT,soft_aspect_count_q5,fwd_absret_1d,0.0107950912638202,0.0099116233980655,0.0026234552405048,0.0008834678657546,0.3367573618616967,0.3386454183266932,2390,5,False,False
DOTUSDT,saturn_sign,fwd_vol_5d,0.077896873127973,0.0705997009864851,0.0208643667852823,0.0072971721414878,0.3497432832054731,0.3386454183266932,2122,4,False,False
SOLUSDT,mercury_retrograde,fwd_ret_1d,0.0022500417997644,0.0024529481608109,0.0036501598551734,-0.0002029063610465,-0.0555883493044853,0.3421926910299003,2133,2,False,False
BNBUSDT,moon_decl_q4,fwd_ret_1d,0.0035109331943248,0.0030909092310776,0.0044230388805849,0.0004200239632471,0.0949627562829951,0.3421926910299003,3142,4,False,False
NEARUSDT,jupiter_retrograde,fwd_vol_5d,0.0095590951287111,0.0092921644394901,0.0063646803729713,0.000266930689221,0.0419393706484657,0.3426294820717131,2065,2,False,False
LINKUSDT,moon_sign,fwd_ret_1d,0.0181529958008229,0.0176453178381223,0.0015738126969571,0.0005076779627006,0.322578387937894,0.3426294820717131,2706,12,False,False
FILUSDT,venus_out_of_bounds,fwd_ret_1d,0.002549422923256,0.0022778260886022,0.0011629789229106,0.0002715968346538,0.2335354745502156,0.3426294820717131,2068,2,False,False
DOGEUSDT,moon_sign,fwd_ret_1d,0.0193169133941985,0.0186938785545013,0.0019900161545585,0.0006230348396971,0.3130802924739776,0.3426294820717131,2536,12,False,False
ADAUSDT,lunar_4phase,fwd_absret_1d,0.0054198378244974,0.0050993160851012,0.0008098212839531,0.0003205217393962,0.3957931777633783,0.3426294820717131,2980,4,False,False
AVAXUSDT,sun_modality,fwd_absret_1d,0.0070096959386275,0.006436543206039,0.0011527637730001,0.0005731527325884,0.4971987722139961,0.3426294820717131,2091,3,False,False
ADAUSDT,sun_element,fwd_ret_1d,0.0062182770659593,0.0060048979271677,0.001456047177052,0.0002133791387915,0.1465468579277618,0.3426294820717131,2980,4,False,False
ETHUSDT,lunar_8phase,fwd_vol_5d,0.0295432738505936,0.0270651316390205,0.0061317775913794,0.0024781422115731,0.4041474392445499,0.3455149501661129,3219,8,False,False
SOLUSDT,sun_element,fwd_vol_5d,0.0281130840629288,0.0243618591548546,0.0107219707841529,0.0037512249080742,0.3498633771338499,0.3455149501661129,2129,4,False,False
AVAXUSDT,sun_element,fwd_absret_1d,0.0108301161414604,0.0101443023307854,0.0020987877684094,0.0006858138106749,0.3267666321472334,0.3466135458167331,2091,4,False,False
DOGEUSDT,venus_retrograde,fwd_vol_5d,0.0074237396717419,0.0066197998544344,0.0032522357536256,0.0008039398173074,0.2471960454930857,0.3466135458167331,2532,2,False,False
AAVEUSDT,mercury_retrograde,fwd_absret_1d,0.0028565190835939,0.0024939687440055,0.0010816841388428,0.0003625503395884,0.3351720955955678,0.3466135458167331,2068,2,False,False
DOGEUSDT,uranus_retrograde,fwd_ret_1d,0.0053913507352285,0.0051221618004832,0.0017498121813273,0.0002691889347453,0.1538387591639185,0.3466135458167331,2536,2,False,False
FILUSDT,soft_aspect_count_q5,fwd_absret_1d,0.0107846751934204,0.0098720922915151,0.0022419960268948,0.0009125829019053,0.407040374272775,0.3466135458167331,2068,5,False,False
BCHUSDT,aspect_conjunction_count_q5,fwd_vol_5d,0.0200461512761361,0.0187575991955611,0.0063945638159716,0.001288552080575,0.2015074237521284,0.3466135458167331,2386,5,False,False
AAVEUSDT,lunar_8phase,fwd_ret_1d,0.0161840365000488,0.0155317305048342,0.001370504896509,0.0006523059952146,0.475960353644971,0.3466135458167331,2068,8,False,False
ADAUSDT,sun_modality,fwd_vol_5d,0.009202593787655,0.0082584799577265,0.0023444521972861,0.0009441138299284,0.4027012497935954,0.3466135458167331,2976,3,False,False
BNBUSDT,saturn_retrograde,fwd_vol_5d,0.0238990213435632,0.0213400791187599,0.0087465402345639,0.0025589422248032,0.2925662211774947,0.3488372093023256,3138,2,False,False
DOGEUSDT,moon_perigee_q4,fwd_absret_1d,0.0058958244215489,0.0053951167891536,0.0013267459297961,0.0005007076323953,0.3773952654765431,0.350597609561753,2536,4,False,False
AVAXUSDT,soft_aspect_count_q5,fwd_ret_1d,0.015049059323253,0.0139681044352208,0.004145965007577,0.0010809548880321,0.2607245565403032,0.350597609561753,2091,5,False,False
FILUSDT,harmonic_3_count_q5,fwd_absret_1d,0.0103111596089518,0.0096557263383748,0.002273023983573,0.000655433270577,0.2883529937711934,0.350597609561753,2068,5,False,False
XRPUSDT,venus_retrograde,fwd_ret_1d,0.0021789346491932,0.001994314180765,0.0010731390838025,0.0001846204684282,0.1720377826274912,0.350597609561753,2963,2,False,False
ADAUSDT,moon_decl_q4,fwd_absret_1d,0.0048494186993499,0.0044458530058323,0.0011750198931529,0.0004035656935175,0.3434543498958953,0.350597609561753,2980,4,False,False
UNIUSDT,moon_near_full,fwd_absret_1d,0.0022347361757913,0.0020176630463472,0.0010150428033457,0.000217073129444,0.2138561336808249,0.350597609561753,2096,2,False,False
BCHUSDT,moon_sign,fwd_ret_1d,0.0216545513477862,0.0209747618638196,0.0021075941732494,0.0006797894839665,0.3225428749969059,0.350597609561753,2390,12,False,False
ATOMUSDT,mars_out_of_bounds,fwd_absret_1d,0.0032255752841085,0.0028143785620383,0.0016543062278342,0.0004111967220702,0.2485614302550004,0.350597609561753,2603,2,False,False
AAVEUSDT,harmonic_3_count_q5,fwd_vol_5d,0.0211934018335457,0.0195841608385039,0.0079614431336559,0.0016092409950418,0.2021293084715951,0.350597609561753,2064,5,False,False
LINKUSDT,saturn_sign,fwd_vol_5d,0.051275608316775,0.0470381405056608,0.013532378582446,0.0042374678111142,0.3131354761690617,0.350597609561753,2702,4,False,False
AAVEUSDT,moon_perigee_q4,fwd_absret_1d,0.0078075176194617,0.0073020069349451,0.0014550470426697,0.0005055106845165,0.3474187910715495,0.3545816733067729,2068,4,False,False
ATOMUSDT,lunar_4phase,fwd_vol_5d,0.0121572084345922,0.0115350967168357,0.0017188631195715,0.0006221117177564,0.3619320879440101,0.3545816733067729,2599,4,False,False
XRPUSDT,venus_sign,fwd_absret_1d,0.0235115260943928,0.0223598709486414,0.003390914036081,0.0011516551457514,0.3396297085379519,0.3545816733067729,2963,12,False,False
DOGEUSDT,soft_aspect_count_q5,fwd_vol_5d,0.0226244569645389,0.0210290185546697,0.0062041269866387,0.0015954384098692,0.2571576006270017,0.3545816733067729,2532,5,False,False
DOTUSDT,jupiter_retrograde,fwd_absret_1d,0.0028543666655781,0.0025070179042783,0.0009688598403808,0.0003473487612997,0.3585129105600783,0.3545816733067729,2126,2,False,False
NEARUSDT,lunar_4phase,fwd_vol_5d,0.0121119446150499,0.0115933873156083,0.0018914591994309,0.0005185572994416,0.274157274763135,0.3545816733067729,2065,4,False,False
UNIUSDT,hard_aspect_count_q5,fwd_absret_1d,0.0107809859486353,0.0099414504521547,0.0024749203372945,0.0008395354964806,0.3392171795712753,0.3545816733067729,2096,5,False,False
UNIUSDT,aspect_square_count_q5,fwd_vol_5d,0.016445037607434,0.0152450201319739,0.0040708415130417,0.0012000174754601,0.2947836391113801,0.3545816733067729,2092,5,False,False
ATOMUSDT,aspect_trine_count_q5,fwd_ret_1d,0.0105297864131297,0.0097929194564228,0.0029392842389617,0.0007368669567069,0.2506960527802704,0.3545816733067729,2603,5,False,False
UNIUSDT,sun_modality,fwd_absret_1d,0.0040633066589158,0.003545810705404,0.0010817894803363,0.0005174959535117,0.4783702956243193,0.3545816733067729,2096,3,False,False
ADAUSDT,mars_saturn_hard_aspect,fwd_ret_1d,0.0021699108294095,0.0018935712769579,0.0009673204687141,0.0002763395524516,0.2856752869284233,0.3545816733067729,2980,2,False,False
BCHUSDT,saturn_sign,fwd_absret_1d,0.0138273814853089,0.0125619242009814,0.0034628884553237,0.0012654572843275,0.3654340301900531,0.3545816733067729,2390,4,False,False
BNBUSDT,mars_retrograde,fwd_ret_1d,0.0021864157015094,0.0019052520579044,0.0024689265329173,0.000281163643605,0.1138809275433587,0.3554817275747508,3142,2,False,False
NEARUSDT,eclipse_window,fwd_ret_1d,0.002604546366355,0.0023795074815965,0.0010866828586897,0.0002250388847584,0.2070879125026601,0.3585657370517928,2069,2,False,False
NEARUSDT,aspect_square_count_q5,fwd_ret_1d,0.010745186268785,0.0101025802470261,0.0022715728213886,0.0006426060217589,0.2828903461550098,0.3585657370517928,2069,5,False,False
AVAXUSDT,moon_decl_q4,fwd_vol_5d,0.0112490866619183,0.0103714912508023,0.0027959185141495,0.0008775954111159,0.3138844736263333,0.3585657370517928,2087,4,False,False
FILUSDT,mars_out_of_bounds,fwd_ret_1d,0.003664256947934,0.0034184107998989,0.0020085946181954,0.0002458461480351,0.1223970958639622,0.3585657370517928,2068,2,False,False
FILUSDT,aspect_square_count_q5,fwd_ret_1d,0.0099162942424933,0.009159751582047,0.0022096431412005,0.0007565426604463,0.3423822817087684,0.3585657370517928,2068,5,False,False
SOLUSDT,lunar_4phase,fwd_ret_1d,0.0048284338181536,0.00444161567684,0.0057589458045985,0.0003868181413136,0.0671682204414488,0.3588039867109635,2133,4,False,False
BTCUSDT,mercury_sign,fwd_vol_5d,0.0861912325952607,0.0819767192113323,0.0121865261995802,0.0042145133839283,0.3458338590429083,0.362126245847176,3219,12,False,False
ETHUSDT,mars_sign,fwd_ret_1d,0.006821040706944,0.0067818192531307,0.0088900488070466,3.922145381327503e-05,0.0044118378497749,0.362126245847176,3223,12,False,False
ADAUSDT,pluto_retrograde,fwd_absret_1d,0.001764016545965,0.0015209272893058,0.0008168021129596,0.0002430892566592,0.2976109547248852,0.3625498007968127,2980,2,False,False
DOTUSDT,sun_sign,fwd_vol_5d,0.0850006577097891,0.0823364634423165,0.0094380039513666,0.0026641942674725,0.2822836567139569,0.3625498007968127,2122,12,False,False
AVAXUSDT,harmonic_4_count_q5,fwd_absret_1d,0.01181937488446,0.0107862309197481,0.0027724343583209,0.0010331439647119,0.3726486658236456,0.3625498007968127,2091,5,False,False
XRPUSDT,harmonic_4_count_q5,fwd_ret_1d,0.0073257855081598,0.0068142467840107,0.0017436970755971,0.000511538724149,0.2933644446090624,0.3625498007968127,2963,5,False,False
UNIUSDT,pluto_retrograde,fwd_absret_1d,0.0042278285070628,0.0036744735002007,0.0015325415767055,0.000553355006862,0.361070143396433,0.3665338645418327,2096,2,False,False
ADAUSDT,mercury_retrograde,fwd_absret_1d,0.002257219144113,0.0020176615573028,0.0010615484826154,0.0002395575868102,0.2256680601342109,0.3665338645418327,2980,2,False,False
UNIUSDT,sun_sign,fwd_absret_1d,0.0317292011394024,0.0308114658599198,0.0031368706609984,0.0009177352794826,0.2925639526337793,0.3665338645418327,2096,12,False,False
ADAUSDT,eclipse_window,fwd_ret_1d,0.0016744830199646,0.0015489243487923,0.0006700656598926,0.0001255586711723,0.1873826382811902,0.3665338645418327,2980,2,False,False
FILUSDT,jupiter_sign,fwd_vol_5d,0.0686307844384254,0.066440713872616,0.0101021533467757,0.0021900705658093,0.2167924491572262,0.3665338645418327,2064,7,False,False
AAVEUSDT,moon_decl_q4,fwd_ret_1d,0.0073969673998662,0.0068713120494601,0.0016283872071502,0.0005256553504061,0.3228073446524354,0.3665338645418327,2068,4,False,False
DOGEUSDT,harmonic_3_count_q5,fwd_vol_5d,0.0202836545439554,0.0190960052831716,0.0056591701423271,0.0011876492607837,0.2098627945289861,0.3665338645418327,2532,5,False,False
ETHUSDT,soft_aspect_count_q5,fwd_ret_1d,0.0046052548790913,0.0048653048744661,0.0068866469752686,-0.0002600499953748,-0.0377614819387006,0.3687707641196013,3223,5,False,False
SOLUSDT,lunar_8phase,fwd_ret_1d,0.0057261161434269,0.0057211339786293,0.0075650316840282,4.982164797689981e-06,0.0006585781799445,0.3687707641196013,2133,8,False,False
ADAUSDT,moon_perigee_q4,fwd_ret_1d,0.0043883864158292,0.004140657531874,0.0009942473316509,0.0002477288839551,0.2491622316388829,0.3705179282868526,2980,4,False,False
AAVEUSDT,moon_out_of_bounds,fwd_vol_5d,0.0040991859762856,0.0036643902707755,0.0014029238395142,0.00043479570551,0.3099211042422635,0.3705179282868526,2064,2,False,False
FILUSDT,mercury_sign,fwd_vol_5d,0.0781169739014985,0.0753622114966672,0.0105635753620268,0.0027547624048312,0.260779358353791,0.3705179282868526,2064,12,False,False
BCHUSDT,harmonic_3_count_q5,fwd_ret_1d,0.0094815259676892,0.0089554361657152,0.0023070713680432,0.0005260898019739,0.2280336054017015,0.3705179282868526,2390,5,False,False
FILUSDT,jupiter_sign,fwd_ret_1d,0.0204127924531341,0.0195923975752909,0.0033982702507181,0.0008203948778432,0.241415431179988,0.3705179282868526,2068,7,False,False
BCHUSDT,uranus_retrograde,fwd_ret_1d,0.0030059814181621,0.0025909957340107,0.0014337484600068,0.0004149856841513,0.2894410670539529,0.3705179282868526,2390,2,False,False
DOTUSDT,mars_saturn_hard_aspect,fwd_absret_1d,0.0033169798806796,0.0030721358842726,0.0015825375358139,0.000244843996407,0.1547160752058194,0.3705179282868526,2126,2,False,False
BNBUSDT,moon_decl_sign,fwd_vol_5d,0.0171443168965712,0.0125020945782779,0.0083061523287187,0.0046422223182933,0.5588896199558896,0.3720930232558139,3138,2,False,False
ETHUSDT,aspect_opposition_count_q5,fwd_vol_5d,0.0349233893636791,0.0303392141584319,0.0155500347828174,0.0045841752052471,0.2948016045798537,0.3720930232558139,3219,5,False,False
ETHUSDT,mars_saturn_hard_aspect,fwd_ret_1d,0.0016540592419567,0.0019542099279345,0.0028415917644781,-0.0003001506859778,-0.105627659021944,0.3720930232558139,3223,2,False,False
BTCUSDT,n_retrograde,fwd_vol_5d,0.0522766994992016,0.048338795411758,0.0123747639072957,0.0039379040874436,0.3182205427872395,0.3720930232558139,3219,7,False,False
DOTUSDT,aspect_opposition_count_q5,fwd_ret_1d,0.0174390699333951,0.0160915595550626,0.0048762188683923,0.0013475103783325,0.2763432927646227,0.3745019920318725,2126,5,False,False
LTCUSDT,venus_out_of_bounds,fwd_ret_1d,0.0018623649495803,0.0018344541100095,0.0010464850971411,2.7910839570842233e-05,0.0266710339660738,0.3745019920318725,3105,2,False,False
LTCUSDT,mercury_out_of_bounds,fwd_absret_1d,0.001882307143339,0.0017727888792223,0.0008278153447317,0.0001095182641166,0.132297939164393,0.3745019920318725,3105,2,False,False
NEARUSDT,soft_aspect_count_q5,fwd_ret_1d,0.0146278042529839,0.0136288369239609,0.0038959935192256,0.0009989673290229,0.2564088785295281,0.3784860557768924,2069,5,False,False
DOGEUSDT,uranus_retrograde,fwd_absret_1d,0.0051310954942367,0.0046668154572927,0.0017783037740576,0.000464280036944,0.2610802742011987,0.3784860557768924,2536,2,False,False
AAVEUSDT,harmonic_3_count_q5,fwd_ret_1d,0.0125990974060301,0.0117809757350176,0.0033573458250989,0.0008181216710124,0.2436810842947132,0.3784860557768924,2068,5,False,False
DOTUSDT,mars_retrograde,fwd_absret_1d,0.002828534835171,0.0025638795096677,0.0012622106685452,0.0002646553255033,0.209676032772234,0.3784860557768924,2126,2,False,False
DOGEUSDT,pluto_out_of_bounds,fwd_ret_1d,0.0033770158088834,0.00360853877304,0.0025273532233503,-0.0002315229641566,-0.0916068881933673,0.3784860557768924,2536,2,False,False
XRPUSDT,jupiter_sign,fwd_vol_5d,0.0906194592724892,0.0868626828189947,0.0114859261311857,0.0037567764534944,0.3270764943624633,0.3784860557768924,2959,9,False,False
AVAXUSDT,moon_out_of_bounds,fwd_absret_1d,0.0033265678406147,0.0032789904851848,0.0015794333697414,4.757735542982363e-05,0.0301230532045874,0.3784860557768924,2091,2,False,False
FILUSDT,pluto_retrograde,fwd_ret_1d,0.0041682332714229,0.0039191986483381,0.0025673988439881,0.0002490346230847,0.0969988062695945,0.3784860557768924,2068,2,False,False
ADAUSDT,pluto_out_of_bounds,fwd_ret_1d,0.0022192542470006,0.0021963595257565,0.0014948933572792,2.2894721244046123e-05,0.0153152872962887,0.3784860557768924,2980,2,False,False
AAVEUSDT,moon_near_new,fwd_absret_1d,0.0021315913785213,0.0018471400148488,0.0009139573751284,0.0002844513636724,0.3112304483920899,0.3784860557768924,2068,2,False,False
DOGEUSDT,mars_saturn_hard_aspect,fwd_vol_5d,0.0071314826806939,0.0068147931267037,0.0038253066513199,0.0003166895539902,0.0827880174994444,0.3784860557768924,2532,2,False,False
NEARUSDT,harmonic_4_count_q5,fwd_vol_5d,0.0185316355954312,0.0175305688734238,0.0047980725524967,0.0010010667220074,0.2086393465406308,0.3784860557768924,2065,5,False,False
SOLUSDT,mercury_out_of_bounds,fwd_ret_1d,0.002644308304591,0.0029469938709184,0.0038751172859412,-0.0003026855663274,-0.0781100400304186,0.3787375415282392,2133,2,False,False
BTCUSDT,uranus_retrograde,fwd_vol_5d,0.0139808263624836,0.0110005966649981,0.0080860142858261,0.0029802296974855,0.3685659698511227,0.3820598006644518,3219,2,False,False
BCHUSDT,mercury_sign,fwd_absret_1d,0.0270506115174131,0.0259468223152383,0.0031560762954451,0.0011037892021748,0.349734638471145,0.3824701195219123,2390,12,False,False
AVAXUSDT,mars_saturn_hard_aspect,fwd_absret_1d,0.0027729058089817,0.0025985028619492,0.0014308059374067,0.0001744029470325,0.1218914057266514,0.3824701195219123,2091,2,False,False
SOLUSDT,mercury_out_of_bounds,fwd_absret_1d,0.0035887780244137,0.003415815039746,0.0040008141927072,0.0001729629846676,0.0432319463830472,0.3853820598006645,2133,2,False,False
BNBUSDT,aspect_trine_count_q5,fwd_absret_1d,0.0082619519000441,0.0071692820283675,0.0077583348890181,0.0010926698716766,0.1408381936726231,0.3853820598006645,3142,5,False,False
AAVEUSDT,mars_retrograde,fwd_absret_1d,0.003500988365551,0.0034539367574682,0.001961486382597,4.7051608082803505e-05,0.0239877311921518,0.3864541832669322,2068,2,False,False
AAVEUSDT,harmonic_4_count_q5,fwd_ret_1d,0.0109597753672136,0.0106996461102237,0.0024995578913843,0.0002601292569899,0.1040701069123296,0.3864541832669322,2068,5,False,False
DOGEUSDT,moon_void_of_course,fwd_absret_1d,0.001919655227187,0.0017741387826755,0.0008843775341248,0.0001455164445114,0.1645410912155715,0.3864541832669322,2536,2,False,False
DOGEUSDT,harmonic_4_count_q5,fwd_ret_1d,0.008770218640062,0.0083670708903103,0.0019784328342752,0.0004031477497517,0.203771259133717,0.3864541832669322,2536,5,False,False
BCHUSDT,pluto_retrograde,fwd_vol_5d,0.0083123300749593,0.0074672090778312,0.0036416228220921,0.0008451209971281,0.2320726331132262,0.3864541832669322,2386,2,False,False
ADAUSDT,pluto_retrograde,fwd_ret_1d,0.001789171959259,0.0016922995503331,0.0006980578613568,9.687240892596104e-05,0.138774182325901,0.3904382470119522,2980,2,False,False
FILUSDT,moon_out_of_bounds,fwd_vol_5d,0.0032929158959422,0.0030429238340877,0.0013504050710548,0.0002499920618544,0.1851237582062536,0.3904382470119522,2064,2,False,False
LTCUSDT,lunar_8phase,fwd_absret_1d,0.0142645577213013,0.0137682232440771,0.0019276433147934,0.0004963344772241,0.257482529789161,0.3904382470119522,3105,8,False,False
AAVEUSDT,mars_retrograde,fwd_ret_1d,0.0031569655615686,0.0031814395566372,0.0020708913823831,-2.44739950685342e-05,-0.011818096920356,0.3904382470119522,2068,2,False,False
BCHUSDT,n_retrograde,fwd_absret_1d,0.0161517363633216,0.0153451847961561,0.003229323727044,0.0008065515671654,0.249758660121619,0.3904382470119522,2390,7,False,False
AVAXUSDT,jupiter_sign,fwd_absret_1d,0.0455647455673517,0.0440508897681003,0.0054807785277722,0.0015138557992513,0.2762118176423915,0.3904382470119522,2091,7,False,False
ETHUSDT,aspect_trine_count_q5,fwd_absret_1d,0.0044372622944961,0.0050933929294297,0.0069757975775136,-0.0006561306349335,-0.0940581528696592,0.3920265780730897,3223,5,False,False
BNBUSDT,aspect_conjunction_count_q5,fwd_ret_1d,0.009547890894749,0.0084074496154548,0.0083100298397075,0.0011404412792942,0.1372367249326707,0.3920265780730897,3142,5,False,False
DOGEUSDT,venus_out_of_bounds,fwd_vol_5d,0.0058333523338361,0.0059313639182761,0.0033793303329655,-9.80115844399429e-05,-0.0290032564984351,0.3944223107569721,2532,2,False,False
AVAXUSDT,jupiter_sign,fwd_ret_1d,0.0434736396105819,0.0417543780821979,0.0050065134408658,0.001719261528384,0.3434049561018897,0.3944223107569721,2091,7,False,False
AVAXUSDT,moon_void_of_course,fwd_absret_1d,0.002273244075022,0.0021399034636106,0.0010772207349552,0.0001333406114113,0.1237820690639519,0.3944223107569721,2091,2,False,False
UNIUSDT,moon_void_of_course,fwd_vol_5d,0.0022618129444452,0.0022091250642068,0.0010339261261344,5.268788023837616e-05,0.0509590375043137,0.3944223107569721,2092,2,False,False
FILUSDT,moon_out_of_bounds,fwd_absret_1d,0.0021456623805617,0.0020397584583553,0.0008353955410446,0.0001059039222063,0.1267709929046733,0.3944223107569721,2068,2,False,False
LTCUSDT,sun_modality,fwd_ret_1d,0.0047416500722005,0.0045309230147512,0.0008055970692168,0.0002107270574492,0.2615787289968078,0.3944223107569721,3105,3,False,False
FILUSDT,mars_saturn_hard_aspect,fwd_absret_1d,0.0028635572684805,0.0027574100801178,0.0013739338830371,0.0001061471883626,0.0772578576546832,0.3944223107569721,2068,2,False,False
SOLUSDT,venus_out_of_bounds,fwd_ret_1d,0.0036031586854903,0.0033705433858959,0.0041122506939274,0.0002326152995943,0.0565664199261609,0.3953488372093023,2133,2,False,False
BTCUSDT,moon_void_of_course,fwd_vol_5d,0.0005357055651578,0.0009852465115784,0.0015940276300996,-0.0004495409464206,-0.2820157806126291,0.3953488372093023,3219,2,False,False
SOLUSDT,uranus_retrograde,fwd_absret_1d,0.0044614581492887,0.0042691444465509,0.005343593042983,0.0001923137027378,0.0359895862560771,0.3953488372093023,2133,2,False,False
ADAUSDT,mars_sign,fwd_vol_5d,0.0679815093509149,0.0649704883961591,0.008913442979567,0.0030110209547558,0.3378067220105854,0.398406374501992,2976,12,False,False
AVAXUSDT,moon_near_full,fwd_ret_1d,0.0021658739842434,0.0020210694453082,0.0008967432143669,0.0001448045389352,0.1614782655896118,0.398406374501992,2091,2,False,False
XRPUSDT,mercury_out_of_bounds,fwd_absret_1d,0.0018615369098216,0.0018115313933422,0.0008365630643957,5.000551647947019e-05,0.0597749513547904,0.398406374501992,2963,2,False,False
FILUSDT,mercury_out_of_bounds,fwd_vol_5d,0.0068683181423795,0.0067883074659119,0.0033366705704968,8.001067646755313e-05,0.0239791956613924,0.398406374501992,2064,2,False,False
LINKUSDT,pluto_out_of_bounds,fwd_ret_1d,0.0027270021385865,0.0029041248277964,0.0021286562148869,-0.0001771226892098,-0.0832086872324074,0.398406374501992,2706,2,False,False
AVAXUSDT,pluto_retrograde,fwd_vol_5d,0.009846852234102,0.009692440129132,0.0063226782061839,0.00015441210497,0.0244219458803113,0.398406374501992,2087,2,False,False
SOLUSDT,mercury_sign,fwd_absret_1d,0.015852424836781,0.0138390932442841,0.0120481004918459,0.0020133315924969,0.1671078020854454,0.3986710963455149,2133,12,False,False
BTCUSDT,eclipse_window,fwd_ret_1d,0.0008678015578942,0.0011172911581243,0.0015844281685109,-0.0002494896002301,-0.1574634970448862,0.3986710963455149,3223,2,False,False
ETHUSDT,moon_sign,fwd_absret_1d,0.0068848164777306,0.0061032240448695,0.0058594617980983,0.000781592432861,0.1333897992328769,0.4019933554817276,3223,12,False,False
BNBUSDT,moon_near_new,fwd_vol_5d,0.0015646202171479,0.0019122344009103,0.0025413768564971,-0.0003476141837623,-0.1367818326013706,0.4019933554817276,3138,2,False,False
NEARUSDT,sun_modality,fwd_ret_1d,0.0040648810086933,0.0039213370956976,0.0011145366543988,0.0001435439129957,0.1287924559763904,0.4023904382470119,2069,3,False,False
BCHUSDT,saturn_retrograde,fwd_absret_1d,0.0032009779270158,0.0033112191024877,0.0020379724665806,-0.0001102411754719,-0.0540935548834383,0.4023904382470119,2390,2,False,False
AVAXUSDT,jupiter_retrograde,fwd_vol_5d,0.0071438662512749,0.0071792975379225,0.0047881395710672,-3.543128664767591e-05,-0.0073998023912612,0.4023904382470119,2087,2,False,False
AVAXUSDT,moon_decl_q4,fwd_absret_1d,0.0084476720960608,0.0080059091535835,0.0019617423216281,0.0004417629424773,0.2251890768766638,0.4023904382470119,2091,4,False,False
LTCUSDT,saturn_retrograde,fwd_absret_1d,0.0023607820696695,0.0022641508724387,0.0011621723868088,9.66311972308248e-05,0.0831470428377318,0.4023904382470119,3105,2,False,False
AVAXUSDT,venus_sign,fwd_ret_1d,0.031975307781804,0.0309797538895556,0.00490471359488,0.0009955538922483,0.2029790064169363,0.4023904382470119,2091,12,False,False
XRPUSDT,moon_perigee_q4,fwd_absret_1d,0.0046761767684709,0.0045026063675037,0.0010471031882645,0.0001735704009671,0.165762460579324,0.4023904382470119,2963,4,False,False
NEARUSDT,lunar_8phase,fwd_ret_1d,0.015827466840074,0.0153760165219752,0.0025655818047642,0.0004514503180987,0.1759641096847621,0.4023904382470119,2069,8,False,False
UNIUSDT,moon_near_new,fwd_ret_1d,0.0021127602613351,0.0021722788750635,0.0011231929227936,-5.9518613728395085e-05,-0.0529905526651281,0.4023904382470119,2096,2,False,False
BNBUSDT,moon_decl_q4,fwd_vol_5d,0.0152512212442537,0.0133686351181632,0.0087164760828888,0.0018825861260904,0.2159801860508923,0.4053156146179402,3138,4,False,False
LTCUSDT,lunar_8phase,fwd_vol_5d,0.0191270052567313,0.0189107604226721,0.0009882273350704,0.0002162448340592,0.218820939661414,0.4063745019920319,3101,8,False,False
UNIUSDT,sun_modality,fwd_ret_1d,0.004285986114136,0.0040244421693777,0.0009907201579172,0.0002615439447583,0.2639937652102944,0.4063745019920319,2096,3,False,False
UNIUSDT,jupiter_sign,fwd_ret_1d,0.0370766930003557,0.0360304247281517,0.0055898779523444,0.0010462682722039,0.1871719349015745,0.4063745019920319,2096,7,False,False
LINKUSDT,moon_perigee_q4,fwd_vol_5d,0.0076951605038741,0.0074703199837809,0.0016638088738077,0.0002248405200931,0.1351360265188411,0.4063745019920319,2702,4,False,False
ATOMUSDT,pluto_retrograde,fwd_absret_1d,0.0017440470856283,0.0016416782543608,0.000452227282465,0.0001023688312674,0.2263658899778719,0.4063745019920319,2603,2,False,False
NEARUSDT,moon_void_of_course,fwd_vol_5d,0.0023318465291332,0.0021989380277844,0.0010432965512073,0.0001329085013487,0.1273928311129969,0.4063745019920319,2065,2,False,False
FILUSDT,mercury_sign,fwd_ret_1d,0.0312056981453461,0.0300845604056032,0.0042169644696894,0.0011211377397428,0.2658636912407868,0.4063745019920319,2068,12,False,False
ETHUSDT,soft_aspect_count_q5,fwd_absret_1d,0.0056281662871415,0.0056155644435227,0.0070282598438181,1.2601843618864976e-05,0.0017930247171992,0.4086378737541528,3223,5,False,False
BCHUSDT,sun_sign,fwd_ret_1d,0.0229621000439379,0.022377863119716,0.002759482583776,0.0005842369242219,0.2117197360319927,0.4103585657370518,2390,12,False,False
XRPUSDT,moon_near_new,fwd_vol_5d,0.0021103357799719,0.001996920038939,0.0009060261881896,0.0001134157410329,0.1251793187783807,0.4103585657370518,2959,2,False,False
UNIUSDT,sun_element,fwd_absret_1d,0.0087004278492277,0.0086396902626228,0.001690856289584,6.0737586604877464e-05,0.0359211997962388,0.4103585657370518,2096,4,False,False
FILUSDT,sun_element,fwd_absret_1d,0.0066751194969736,0.0062685951033457,0.0012174689371846,0.0004065243936279,0.3339094585591576,0.4103585657370518,2068,4,False,False
UNIUSDT,mercury_out_of_bounds,fwd_vol_5d,0.0060398415139767,0.0058566817975884,0.0034372002925627,0.0001831597163883,0.0532874725935012,0.4103585657370518,2092,2,False,False
BCHUSDT,uranus_retrograde,fwd_vol_5d,0.0075983414044083,0.0079153547634216,0.0041154808957678,-0.0003170133590133,-0.0770294813758811,0.4103585657370518,2386,2,False,False
DOTUSDT,venus_sign,fwd_ret_1d,0.0282628943300683,0.0274496831588443,0.0033069294736092,0.000813211171224,0.245911253237725,0.4103585657370518,2126,12,False,False
ATOMUSDT,jupiter_saturn_aspect,fwd_ret_1d,0.0030357955160573,0.0034801342946654,0.00232690223496,-0.0004443387786081,-0.1909572185424168,0.4103585657370518,2603,2,False,False
ETHUSDT,harmonic_4_count_q5,fwd_absret_1d,0.0036804192518848,0.0047844006583374,0.006438026805988,-0.0011039814064525,-0.1714782245742979,0.4119601328903654,3223,5,False,False
SOLUSDT,venus_retrograde,fwd_vol_5d,0.0099050365767814,0.0097547923313061,0.0063587967616872,0.0001502442454752,0.0236277791390573,0.4119601328903654,2129,2,False,False
ADAUSDT,mars_sign,fwd_ret_1d,0.0244506983000697,0.0234606058062585,0.0040059929050224,0.0009900924938112,0.2471528325898732,0.4143426294820717,2980,12,False,False
NEARUSDT,aspect_square_count_q5,fwd_absret_1d,0.0101698673806682,0.0098372842678313,0.002244915036812,0.0003325831128369,0.1481495323356307,0.4143426294820717,2069,5,False,False
SOLUSDT,mercury_retrograde,fwd_vol_5d,0.0106615514145644,0.0097984240286507,0.0068220895656734,0.0008631273859137,0.1265195036806153,0.4152823920265781,2129,2,False,False
BTCUSDT,jupiter_retrograde,fwd_vol_5d,0.0194743071499072,0.0163456828878964,0.0099341976661944,0.0031286242620108,0.3149347704905614,0.4152823920265781,3219,2,False,False
DOTUSDT,moon_near_full,fwd_ret_1d,0.0020372028822466,0.0021215669480513,0.0010094695833118,-8.436406580476178e-05,-0.0835726674675868,0.4183266932270916,2126,2,False,False
XRPUSDT,neptune_retrograde,fwd_absret_1d,0.0019069467054815,0.00178745121483,0.000858312749244,0.0001194954906515,0.1392213860935603,0.4183266932270916,2963,2,False,False
ATOMUSDT,moon_near_full,fwd_absret_1d,0.0015780103195197,0.0015827698221794,0.000775704095191,-4.759502659718766e-06,-0.0061357193925174,0.4183266932270916,2603,2,False,False
BCHUSDT,mars_out_of_bounds,fwd_vol_5d,0.0055375713440597,0.0059551600572437,0.0036241831788054,-0.000417588713184,-0.1152228495585147,0.4183266932270916,2386,2,False,False
AAVEUSDT,moon_out_of_bounds,fwd_ret_1d,0.0022387230678861,0.0021563076144178,0.0008858837213866,8.241545346830302e-05,0.093031908679051,0.4183266932270916,2068,2,False,False
LINKUSDT,mars_retrograde,fwd_absret_1d,0.002359392439714,0.0023322708975021,0.001205567879963,2.7121542211916167e-05,0.0224969018026152,0.4183266932270916,2706,2,False,False
LINKUSDT,venus_out_of_bounds,fwd_vol_5d,0.0057530778298137,0.0058444034978892,0.0032937786228167,-9.132566807544192e-05,-0.0277267171032104,0.4223107569721115,2702,2,False,False
ATOMUSDT,hard_aspect_count_q5,fwd_ret_1d,0.0084226052996992,0.0084141398264185,0.0022289142169165,8.46547328064301e-06,0.0037980256110323,0.4223107569721115,2603,5,False,False
LTCUSDT,mercury_retrograde,fwd_ret_1d,0.0013999260781713,0.001436782946185,0.0007074148044519,-3.685686801364646e-05,-0.0521007869522869,0.4223107569721115,3105,2,False,False
DOGEUSDT,lunar_8phase,fwd_ret_1d,0.0119352242840948,0.0115381457253234,0.0016470019924757,0.0003970785587713,0.2410917294486526,0.4223107569721115,2536,8,False,False
ATOMUSDT,venus_out_of_bounds,fwd_ret_1d,0.0019715614995645,0.0020406986430376,0.0009735639715019,-6.91371434731673e-05,-0.071014484406715,0.4223107569721115,2603,2,False,False
ATOMUSDT,moon_out_of_bounds,fwd_vol_5d,0.0050002295176305,0.0048395603300871,0.0023652488298408,0.0001606691875433,0.0679290844651575,0.4223107569721115,2599,2,False,False
ETHUSDT,sun_element,fwd_absret_1d,0.0179997859030636,0.0164395002920651,0.0075328209658808,0.0015602856109984,0.2071316467052118,0.4252491694352159,3223,4,False,False
BTCUSDT,jupiter_sign,fwd_ret_1d,0.0301121189945843,0.028357345510283,0.0091335826224124,0.0017547734843013,0.1921232397893194,0.4252491694352159,3223,10,False,False
AAVEUSDT,venus_out_of_bounds,fwd_vol_5d,0.0070889934086615,0.0075328791697208,0.0045826854343952,-0.0004438857610592,-0.0968614947313907,0.4262948207171315,2064,2,False,False
AAVEUSDT,venus_sign,fwd_vol_5d,0.0754397989138178,0.0749439661658875,0.0128867396210973,0.0004958327479302,0.0384761982090899,0.4262948207171315,2064,12,False,False
ADAUSDT,aspect_conjunction_count_q5,fwd_absret_1d,0.0078943788817396,0.0078059812879492,0.0019980647572391,8.839759379038453e-05,0.0442416060190811,0.4262948207171315,2980,5,False,False
XRPUSDT,soft_aspect_count_q5,fwd_ret_1d,0.0077380110443683,0.0077492187199196,0.0022988221407271,-1.1207675551328476e-05,-0.0048753991675856,0.4262948207171315,2963,5,False,False
UNIUSDT,venus_out_of_bounds,fwd_ret_1d,0.0025530490035823,0.0026020524923285,0.0012356860543544,-4.900348874614874e-05,-0.039656908462684,0.4262948207171315,2096,2,False,False
ATOMUSDT,venus_sign,fwd_ret_1d,0.0274238064082756,0.0266225238285314,0.0031739944774647,0.0008012825797441,0.2524524177446615,0.4262948207171315,2603,12,False,False
ATOMUSDT,moon_perigee_q4,fwd_vol_5d,0.0075101838126269,0.0071291218788709,0.0021614150571679,0.000381061933756,0.1763020630823718,0.4262948207171315,2599,4,False,False
FILUSDT,mars_out_of_bounds,fwd_vol_5d,0.009772660807286,0.010126036252404,0.006655910613806,-0.0003533754451179,-0.0530919757823945,0.4262948207171315,2064,2,False,False
FILUSDT,aspect_trine_count_q5,fwd_ret_1d,0.0096137087422726,0.0094825776403875,0.0023730466658189,0.000131131101885,0.0552585432784955,0.4262948207171315,2068,5,False,False
DOGEUSDT,moon_void_of_course,fwd_ret_1d,0.0019881415635626,0.0019821842885831,0.0010009109226483,5.957274979545221e-06,0.0059518533015728,0.4262948207171315,2536,2,False,False
BNBUSDT,jupiter_retrograde,fwd_absret_1d,0.0045105800598015,0.0049910917967531,0.0058216140474244,-0.0004805117369516,-0.082539263688256,0.4285714285714285,3142,2,False,False
ATOMUSDT,moon_decl_sign,fwd_absret_1d,0.0014567211206071,0.0014077650598564,0.0005500750186169,4.895606075070542e-05,0.0889988803232587,0.4302788844621514,2603,2,False,False
DOTUSDT,lunar_4phase,fwd_vol_5d,0.0159635552211813,0.015541944538312,0.0029677372884846,0.0004216106828693,0.1420646916778185,0.4302788844621514,2122,4,False,False
ADAUSDT,venus_sign,fwd_vol_5d,0.0550692586336788,0.0535674256234247,0.0080362703408448,0.001501833010254,0.186881842764906,0.4302788844621514,2976,12,False,False
AAVEUSDT,sun_element,fwd_absret_1d,0.0097310409521688,0.0095938276686981,0.0017818092245282,0.0001372132834706,0.0770078421313736,0.4302788844621514,2068,4,False,False
FILUSDT,saturn_retrograde,fwd_absret_1d,0.0031566056369669,0.0031793146120514,0.0016389709418932,-2.2708975084460847e-05,-0.013855630081049,0.4302788844621514,2068,2,False,False
BNBUSDT,moon_sign,fwd_absret_1d,0.0013492128789396,0.0033640603265098,0.0049468157197886,-0.0020148474475701,-0.4073019012028747,0.4318936877076412,3142,12,False,False
DOTUSDT,uranus_retrograde,fwd_ret_1d,0.0032977827928585,0.0032116436770018,0.0015528982140297,8.61391158566943e-05,0.0554699046456914,0.4342629482071713,2126,2,False,False
LINKUSDT,venus_out_of_bounds,fwd_ret_1d,0.0023886775999713,0.0023939900777236,0.0013619106403834,-5.312477752319848e-06,-0.0039007535404995,0.4342629482071713,2706,2,False,False
ATOMUSDT,mars_out_of_bounds,fwd_ret_1d,0.0025058664177713,0.0027666108587873,0.001851895774127,-0.000260744441016,-0.1407986586820427,0.4342629482071713,2603,2,False,False
LINKUSDT,eclipse_window,fwd_vol_5d,0.0023635104052806,0.002381680695347,0.001006700050829,-1.817029006645184e-05,-0.0180493584474216,0.4342629482071713,2702,2,False,False
UNIUSDT,moon_decl_q4,fwd_absret_1d,0.0080215420512796,0.007828126140808,0.0020023108215927,0.0001934159104715,0.0965963467738394,0.4342629482071713,2096,4,False,False
BCHUSDT,mars_retrograde,fwd_ret_1d,0.0024604055747232,0.002424250878438,0.0011970054528843,3.615469628518711e-05,0.0302042870381807,0.4342629482071713,2390,2,False,False
LINKUSDT,mercury_out_of_bounds,fwd_absret_1d,0.0021743146376655,0.0021784061251096,0.0009779303949657,-4.091487444178241e-06,-0.0041838227600252,0.4342629482071713,2706,2,False,False
XRPUSDT,venus_sign,fwd_vol_5d,0.0488366150487443,0.0477836345814641,0.0065026962138461,0.0010529804672801,0.1619298261293611,0.4342629482071713,2959,12,False,False
AVAXUSDT,jupiter_retrograde,fwd_absret_1d,0.0027264302519942,0.002628172407379,0.0010265120348558,9.825784461526663e-05,0.0957201097297059,0.4342629482071713,2091,2,False,False
SOLUSDT,mars_out_of_bounds,fwd_vol_5d,0.0128970040515212,0.0121422585273431,0.0088038761206511,0.000754745524178,0.0857287760339669,0.4352159468438538,2129,2,False,False
ETHUSDT,soft_aspect_count_q5,fwd_vol_5d,0.0171926206175818,0.0159188207034455,0.0104334181302246,0.0012737999141362,0.1220884563656262,0.4352159468438538,3219,5,False,False
BCHUSDT,moon_void_of_course,fwd_absret_1d,0.0020573461700432,0.0020517949090754,0.0009509325819952,5.551260967813672e-06,0.0058377019285279,0.4382470119521912,2390,2,False,False
FILUSDT,mercury_retrograde,fwd_absret_1d,0.002521846857071,0.0025530232176978,0.0013670118803043,-3.1176360626895046e-05,-0.0228062104478222,0.4382470119521912,2068,2,False,False
AAVEUSDT,mercury_out_of_bounds,fwd_ret_1d,0.0025233689971806,0.0024166041795213,0.0012099319969578,0.0001067648176593,0.0882403456787261,0.4382470119521912,2068,2,False,False
AAVEUSDT,pluto_out_of_bounds,fwd_ret_1d,0.0033549165553397,0.0041494622920735,0.002731821023264,-0.0007945457367337,-0.2908483864672861,0.4382470119521912,2068,2,False,False
DOGEUSDT,soft_aspect_count_q5,fwd_absret_1d,0.0103206299706473,0.0101667125954844,0.0024799935043406,0.0001539173751628,0.0620636202850843,0.4382470119521912,2536,5,False,False
FILUSDT,aspect_trine_count_q5,fwd_absret_1d,0.0099975695035222,0.0098786912037252,0.0021809839609501,0.000118878299797,0.0545067281215648,0.4382470119521912,2068,5,False,False
BNBUSDT,jupiter_saturn_aspect,fwd_vol_5d,0.0150829543797026,0.0152092389259832,0.0108226407332752,-0.0001262845462806,-0.0116685520098976,0.4385382059800664,3138,2,False,False
BTCUSDT,eclipse_window,fwd_absret_1d,0.0003563130561032,0.0009360780286678,0.001407716922205,-0.0005797649725645,-0.4118476970898491,0.4385382059800664,3223,2,False,False
BTCUSDT,jupiter_sign,fwd_absret_1d,0.0288381281058751,0.0280787062592099,0.0074371916833525,0.0007594218466651,0.1021113720068677,0.4418604651162791,3223,10,False,False
BNBUSDT,mars_retrograde,fwd_absret_1d,0.0019179133097642,0.0024489479270163,0.0029455599759203,-0.0005310346172521,-0.180283077443117,0.4418604651162791,3142,2,False,False
SOLUSDT,moon_void_of_course,fwd_absret_1d,0.0005464684965246,0.0013908946690836,0.0021516135739691,-0.000844426172559,-0.392461816924367,0.4418604651162791,2133,2,False,False
FILUSDT,mercury_out_of_bounds,fwd_ret_1d,0.0024374295591482,0.0025920396976193,0.0014582594638329,-0.000154610138471,-0.1060237511263445,0.4422310756972111,2068,2,False,False
ADAUSDT,sun_modality,fwd_ret_1d,0.0040038016518812,0.0038848271958509,0.0009459614302189,0.0001189744560303,0.1257709376192669,0.4422310756972111,2980,3,False,False
XRPUSDT,aspect_conjunction_count_q5,fwd_absret_1d,0.0086956242113351,0.0087693003406149,0.0022492131897939,-7.367612927988189e-05,-0.0327564010446826,0.4422310756972111,2963,5,False,False
BCHUSDT,jupiter_saturn_aspect,fwd_absret_1d,0.0027792314067336,0.0029526972390271,0.001673689989159,-0.0001734658322934,-0.1036427495038428,0.4422310756972111,2390,2,False,False
XRPUSDT,saturn_retrograde,fwd_ret_1d,0.0018237547693763,0.0018213705165965,0.0007290985612075,2.384252779731198e-06,0.0032701378203,0.4422310756972111,2963,2,False,False
BNBUSDT,mercury_retrograde,fwd_absret_1d,0.0041796340850657,0.0042620504406952,0.0042223418554268,-8.241635562956495e-05,-0.0195191101174427,0.4451827242524916,3142,2,False,False
BNBUSDT,moon_perigee_q4,fwd_absret_1d,0.004660692795495,0.0055533981101315,0.0060131627215494,-0.0008927053146364,-0.1484585327181118,0.4451827242524916,3142,4,False,False
SOLUSDT,pluto_out_of_bounds,fwd_absret_1d,0.0039063287825746,0.0035893643194355,0.0032622533875661,0.0003169644631391,0.0971612028505311,0.4451827242524916,2133,2,False,False
LINKUSDT,lunar_4phase,fwd_vol_5d,0.0114544931461046,0.0105275797009263,0.0028691370697979,0.0009269134451782,0.3230634935275375,0.446215139442231,2702,4,False,False
LTCUSDT,n_retrograde,fwd_ret_1d,0.0111589174163925,0.0110359368060382,0.0022543852550744,0.0001229806103542,0.0545517276062019,0.446215139442231,3105,7,False,False
AAVEUSDT,sun_element,fwd_vol_5d,0.022365357790696,0.0219490370495586,0.0030127597498773,0.0004163207411374,0.1381858414546209,0.446215139442231,2064,4,False,False
BCHUSDT,harmonic_4_count_q5,fwd_ret_1d,0.0083307705349055,0.0081930367144585,0.0019838775095283,0.0001377338204469,0.0694265748693902,0.446215139442231,2390,5,False,False
BTCUSDT,mars_saturn_hard_aspect,fwd_vol_5d,0.0090673802859868,0.0086889559258252,0.0057203070877335,0.0003784243601616,0.0661545533059032,0.4485049833887043,3219,2,False,False
SOLUSDT,jupiter_sign,fwd_vol_5d,0.1417652549180608,0.1351737680485379,0.0208163630898871,0.0065914868695228,0.316649303293765,0.4485049833887043,2129,7,False,False
ETHUSDT,mars_out_of_bounds,fwd_vol_5d,0.0105913049825077,0.0105093557318547,0.0074826875337334,8.194925065295455e-05,0.0109518472184641,0.4485049833887043,3219,2,False,False
BTCUSDT,mars_out_of_bounds,fwd_vol_5d,0.0118919920545534,0.0120803352510728,0.0079001003951578,-0.0001883431965193,-0.0238406079794576,0.4485049833887043,3219,2,False,False
ADAUSDT,n_retrograde,fwd_absret_1d,0.0111937867791819,0.0112115035912854,0.0026379986024276,-1.7716812103503454e-05,-0.0067160051135734,0.450199203187251,2980,7,False,False
AAVEUSDT,mars_saturn_hard_aspect,fwd_absret_1d,0.0025133281971943,0.0025095786297871,0.0010604872252859,3.7495674071854126e-06,0.0035357025693303,0.450199203187251,2068,2,False,False
ATOMUSDT,moon_near_full,fwd_ret_1d,0.0015993184428954,0.0015344006018981,0.0007227451868492,6.491784099723718e-05,0.0898212014115849,0.450199203187251,2603,2,False,False
UNIUSDT,n_retrograde,fwd_ret_1d,0.0167381786289978,0.0168489443104156,0.0037238424631511,-0.0001107656814178,-0.0297449966033436,0.450199203187251,2096,7,False,False
BTCUSDT,aspect_opposition_count_q5,fwd_absret_1d,0.0092501557073152,0.0093928254328634,0.0093510303360984,-0.0001426697255482,-0.0152571128977566,0.4518272425249169,3223,5,False,False
ETHUSDT,venus_retrograde,fwd_ret_1d,0.0002433715617986,0.0014049096899228,0.0021711939773304,-0.0011615381281242,-0.5349766719380677,0.4518272425249169,3223,2,False,False
BTCUSDT,moon_near_full,fwd_vol_5d,0.0011859932959161,0.0016629581358188,0.0020823716852784,-0.0004769648399026,-0.2290488500562269,0.4518272425249169,3219,2,False,False
BCHUSDT,n_retrograde,fwd_vol_5d,0.0355944808861114,0.0353148689403315,0.0076163339560912,0.0002796119457799,0.0367121435840303,0.4541832669322709,2386,7,False,False
LTCUSDT,mars_saturn_hard_aspect,fwd_absret_1d,0.0017674757747021,0.0018336309643636,0.0010294091126185,-6.615518966143655e-05,-0.0642652069527082,0.4541832669322709,3105,2,False,False
LINKUSDT,moon_near_new,fwd_ret_1d,0.0015468618714313,0.0015410559345713,0.0007218340883669,5.805936859934902e-06,0.0080433121038522,0.4541832669322709,2706,2,False,False
DOGEUSDT,moon_perigee_q4,fwd_vol_5d,0.008942061390318,0.0086009018841589,0.0025105759086452,0.0003411595061591,0.1358889428454823,0.4541832669322709,2532,4,False,False
DOTUSDT,moon_sign,fwd_ret_1d,0.0256247457134424,0.0252861514833415,0.0028159670550058,0.0003385942301008,0.1202408350264507,0.4541832669322709,2126,12,False,False
SOLUSDT,jupiter_retrograde,fwd_vol_5d,0.0114197688269097,0.0102455329959206,0.0073895470971757,0.0011742358309891,0.1589049796350776,0.4551495016611295,2129,2,False,False
LTCUSDT,aspect_conjunction_count_q5,fwd_ret_1d,0.0081195552136626,0.0079484842180613,0.0018752721495942,0.0001710709956012,0.0912246233904319,0.4581673306772908,3105,5,False,False
ADAUSDT,harmonic_3_count_q5,fwd_absret_1d,0.0078126200850204,0.007840484870592,0.001797650729197,-2.786478557158245e-05,-0.0155006671312775,0.4581673306772908,2980,5,False,False
LTCUSDT,moon_decl_q4,fwd_absret_1d,0.0036673899814419,0.0035936533732769,0.0008419983375164,7.373660816497457e-05,0.0875733417508507,0.4581673306772908,3105,4,False,False
ATOMUSDT,moon_perigee_q4,fwd_ret_1d,0.0051664481486641,0.0051198367498092,0.0012117209015158,4.661139885496577e-05,0.0384671080581806,0.4581673306772908,2603,4,False,False
XRPUSDT,pluto_retrograde,fwd_ret_1d,0.0017702646558509,0.0017339919301199,0.0006918988880297,3.627272573098459e-05,0.0524248938082222,0.4581673306772908,2963,2,False,False
LINKUSDT,saturn_retrograde,fwd_ret_1d,0.001674139079193,0.0017294798041169,0.0007930910610143,-5.5340724923851926e-05,-0.0697785256248762,0.4581673306772908,2706,2,False,False
AVAXUSDT,venus_retrograde,fwd_vol_5d,0.0070337774545511,0.007418497374227,0.0042538748729585,-0.0003847199196758,-0.0904398768570989,0.4581673306772908,2087,2,False,False
BTCUSDT,venus_sign,fwd_vol_5d,0.084830352940421,0.0821144651246153,0.014028108594,0.0027158878158056,0.1936032785608248,0.4584717607973422,3219,12,False,False
ETHUSDT,n_retrograde,fwd_ret_1d,0.0016061683834895,0.0037425587268987,0.0058901618382226,-0.0021363903434091,-0.3627048631407011,0.4617940199335548,3223,7,False,False
DOTUSDT,venus_sign,fwd_absret_1d,0.0295013173311933,0.0288041283238237,0.00379524810525,0.0006971890073696,0.1837005086453251,0.4621513944223107,2126,12,False,False
LINKUSDT,venus_retrograde,fwd_ret_1d,0.0019257187883949,0.0020017599591251,0.0010252248820824,-7.604117073020298e-05,-0.074170235290963,0.4621513944223107,2706,2,False,False
AVAXUSDT,n_retrograde,fwd_absret_1d,0.0192881127863482,0.0195301954132632,0.0044406634584793,-0.0002420826269149,-0.0545149681299773,0.4621513944223107,2091,7,False,False
LTCUSDT,mercury_retrograde,fwd_vol_5d,0.003086261899363,0.0032140305550578,0.0015634739675159,-0.0001277686556947,-0.0817209997412326,0.4621513944223107,3101,2,False,False
LINKUSDT,venus_sign,fwd_vol_5d,0.0628189859202071,0.0626586427074295,0.0107320588225826,0.0001603432127776,0.0149405827370495,0.4621513944223107,2702,12,False,False
ATOMUSDT,jupiter_saturn_aspect,fwd_vol_5d,0.0096411256089827,0.0111727950671426,0.0076953466109899,-0.0015316694581599,-0.1990383975651575,0.4621513944223107,2599,2,False,False
UNIUSDT,aspect_conjunction_count_q5,fwd_ret_1d,0.0126150183085102,0.0123765004822211,0.002879932137034,0.0002385178262891,0.0828206412303758,0.4661354581673306,2096,5,False,False
LINKUSDT,aspect_square_count_q5,fwd_absret_1d,0.0077772193651361,0.0076872432473414,0.0018787156696093,8.99761177946502e-05,0.047892355000881,0.4661354581673306,2706,5,False,False
DOGEUSDT,uranus_retrograde,fwd_vol_5d,0.0117495123596121,0.0109913583591009,0.0051300368280209,0.0007581540005112,0.1477872432357731,0.4661354581673306,2532,2,False,False
NEARUSDT,pluto_retrograde,fwd_ret_1d,0.0027550421483889,0.003590434910562,0.0023190000260747,-0.000835392762173,-0.3602383582492235,0.4661354581673306,2069,2,False,False
ATOMUSDT,venus_retrograde,fwd_ret_1d,0.0020026545519184,0.0021248892440036,0.0010214776345117,-0.0001222346920851,-0.1196645799725079,0.4661354581673306,2603,2,False,False
BTCUSDT,aspect_conjunction_count_q5,fwd_absret_1d,0.00709177510398,0.0071695832321986,0.0068428930618054,-7.780812821858892e-05,-0.0113706479870168,0.4684385382059801,3223,5,False,False
AAVEUSDT,neptune_retrograde,fwd_ret_1d,0.0031708720294365,0.0032501413513338,0.0016346003184395,-7.926932189729471e-05,-0.0484946203687081,0.4701195219123506,2068,2,False,False
DOTUSDT,venus_out_of_bounds,fwd_vol_5d,0.0064147541920285,0.006646980091936,0.0031281014843065,-0.0002322258999074,-0.0742386080095353,0.4701195219123506,2122,2,False,False
BCHUSDT,moon_sign,fwd_vol_5d,0.024897843878987,0.025034292462576,0.0023437413859858,-0.000136448583589,-0.0582182763016915,0.4701195219123506,2386,12,False,False
FILUSDT,pluto_out_of_bounds,fwd_vol_5d,0.0072978606719531,0.0088737564456544,0.0057815620046189,-0.0015758957737013,-0.2725726667710805,0.4701195219123506,2064,2,False,False
LTCUSDT,moon_sign,fwd_absret_1d,0.0139316177599896,0.0138792737056502,0.0015741126126653,5.234405433943157e-05,0.0332530556697592,0.4701195219123506,3105,12,False,False
BCHUSDT,aspect_square_count_q5,fwd_vol_5d,0.0127661405266848,0.0125447141821318,0.0031598936645954,0.0002214263445529,0.0700739860438665,0.4701195219123506,2386,5,False,False
BTCUSDT,uranus_retrograde,fwd_ret_1d,0.008301188816052,0.0081779762498178,0.0063317674121033,0.0001232125662341,0.0194594270785431,0.4717607973421927,3223,2,False,False
BCHUSDT,sun_sign,fwd_vol_5d,0.051622502865787,0.0505670173883102,0.0069113193863661,0.0010554854774768,0.1527183766907063,0.4741035856573705,2386,12,False,False
AAVEUSDT,jupiter_sign,fwd_vol_5d,0.0902239063403874,0.0928636393645424,0.013041323482874,-0.0026397330241549,-0.2024129704030043,0.4741035856573705,2064,7,False,False
NEARUSDT,sun_modality,fwd_absret_1d,0.0042209602064344,0.0042876699084179,0.0011159667406203,-6.670970198353193e-05,-0.0597775001309155,0.4741035856573705,2069,3,False,False
XRPUSDT,mercury_out_of_bounds,fwd_vol_5d,0.0034055070732315,0.0034796791057496,0.0014535138846409,-7.417203251802252e-05,-0.0510294626709716,0.4741035856573705,2959,2,False,False
DOTUSDT,moon_near_new,fwd_vol_5d,0.0023458522158307,0.0026242490887337,0.0013636922619693,-0.000278396872903,-0.2041493382832474,0.4741035856573705,2122,2,False,False
BTCUSDT,n_retrograde,fwd_absret_1d,0.0063496889205425,0.0076537593580507,0.008150110416543,-0.0013040704375082,-0.1600064748645922,0.4750830564784053,3223,7,False,False
UNIUSDT,moon_sign,fwd_absret_1d,0.0258891348833338,0.0257345724705558,0.0027145236724914,0.000154562412778,0.0569390550336285,0.4780876494023904,2096,12,False,False
ADAUSDT,moon_out_of_bounds,fwd_absret_1d,0.0018674353138072,0.0019304904143167,0.0009429891694561,-6.305510050956791e-05,-0.0668672584499895,0.4780876494023904,2980,2,False,False
AVAXUSDT,neptune_retrograde,fwd_ret_1d,0.0029993030593388,0.0034243320812763,0.0022184270411187,-0.0004250290219375,-0.1915902637587603,0.4780876494023904,2091,2,False,False
DOTUSDT,saturn_retrograde,fwd_vol_5d,0.0081922238253705,0.0090647263334996,0.0047700856009623,-0.000872502508129,-0.1829112894647155,0.4780876494023904,2122,2,False,False
BNBUSDT,aspect_trine_count_q5,fwd_ret_1d,0.0057501078636144,0.0077032713117801,0.0085439449880359,-0.0019531634481657,-0.2286020627357498,0.4784053156146179,3142,5,False,False
SOLUSDT,uranus_retrograde,fwd_vol_5d,0.0108228428487242,0.0097961063800015,0.0078791044308084,0.0010267364687226,0.1303113161830939,0.4784053156146179,2129,2,False,False
BTCUSDT,mars_retrograde,fwd_ret_1d,0.0012737755888023,0.0021494487409984,0.0025149696298681,-0.000875673152196,-0.3481843843346816,0.4817275747508305,3223,2,False,False
DOTUSDT,sun_element,fwd_vol_5d,0.0261306107768028,0.0256652093563991,0.0078023597987689,0.0004654014204037,0.0596488027221211,0.4820717131474104,2122,4,False,False
LINKUSDT,n_retrograde,fwd_absret_1d,0.0132524612025639,0.0134951531795912,0.0029092867508524,-0.0002426919770272,-0.0834197512349612,0.4820717131474104,2706,7,False,False
BCHUSDT,saturn_sign,fwd_ret_1d,0.0115742334759316,0.0111957829090744,0.003603833591769,0.0003784505668572,0.1050133301719601,0.4820717131474104,2390,4,False,False
ADAUSDT,moon_decl_sign,fwd_vol_5d,0.0023078487047798,0.0023277228481802,0.0006246294155819,-1.987414340035628e-05,-0.0318174951492488,0.4820717131474104,2976,2,False,False
ADAUSDT,harmonic_4_count_q5,fwd_absret_1d,0.0063215374309883,0.0064187204468298,0.0016447233193702,-9.718301584147118e-05,-0.059087759440706,0.4820717131474104,2980,5,False,False
ATOMUSDT,pluto_out_of_bounds,fwd_absret_1d,0.0030558614194432,0.0034337071852647,0.0020806580570143,-0.0003778457658214,-0.1815991650082452,0.4820717131474104,2603,2,False,False
UNIUSDT,sun_sign,fwd_vol_5d,0.0703794559088585,0.070373189972218,0.006328356999088,6.26593664040942e-06,0.0009901364037004,0.4820717131474104,2092,12,False,False
LTCUSDT,mercury_out_of_bounds,fwd_ret_1d,0.0013504370422485,0.0013990551182408,0.0006766617702521,-4.861807599226115e-05,-0.0718498932991952,0.4820717131474104,3105,2,False,False
XRPUSDT,harmonic_3_count_q5,fwd_ret_1d,0.0073696838978552,0.0074871462343194,0.0021813453679514,-0.0001174623364641,-0.053848573540881,0.4820717131474104,2963,5,False,False
FILUSDT,venus_retrograde,fwd_ret_1d,0.002301403329542,0.0025957983838453,0.0013993820066649,-0.0002943950543033,-0.2103750461998307,0.4820717131474104,2068,2,False,False
BCHUSDT,mercury_retrograde,fwd_vol_5d,0.0049793677890549,0.0053253560928149,0.0023054749417397,-0.0003459883037599,-0.1500724633766247,0.4820717131474104,2386,2,False,False
BTCUSDT,mercury_sign,fwd_ret_1d,0.0074849806840147,0.0088017129390919,0.0085553226627286,-0.0013167322550772,-0.1539079596393913,0.4850498338870432,3223,12,False,False
NEARUSDT,mars_retrograde,fwd_ret_1d,0.003042440357507,0.0032561596243151,0.0017078343505122,-0.0002137192668081,-0.1251405130386663,0.4860557768924303,2069,2,False,False
LINKUSDT,n_retrograde,fwd_ret_1d,0.0118945716650071,0.0120996377246545,0.0025205618574119,-0.0002050660596473,-0.0813572811333215,0.4860557768924303,2706,7,False,False
DOGEUSDT,moon_near_full,fwd_ret_1d,0.0015083412282029,0.0017061218204663,0.0008836057581902,-0.0001977805922634,-0.2238335257892902,0.4860557768924303,2536,2,False,False
BCHUSDT,neptune_retrograde,fwd_ret_1d,0.0024612704327467,0.0028925228433281,0.0016238292323554,-0.0004312524105813,-0.2655774400340115,0.4860557768924303,2390,2,False,False
BNBUSDT,mercury_out_of_bounds,fwd_absret_1d,0.0014213130639244,0.0027498909698282,0.0033585097685534,-0.0013285779059038,-0.39558554164219,0.4883720930232558,3142,2,False,False
ETHUSDT,pluto_out_of_bounds,fwd_absret_1d,0.0007151073404334,0.001521232217616,0.0022969523483154,-0.0008061248771825,-0.3509541143828052,0.4883720930232558,3223,2,False,False
SOLUSDT,harmonic_4_count_q5,fwd_absret_1d,0.0049994365465515,0.0073623267784937,0.008615774474039,-0.0023628902319422,-0.2742516344946172,0.4883720930232558,2133,5,False,False
AAVEUSDT,mars_saturn_hard_aspect,fwd_vol_5d,0.0049590629981236,0.0052921563564052,0.0025700633370509,-0.0003330933582815,-0.1296051165275097,0.4900398406374502,2064,2,False,False
ATOMUSDT,mars_saturn_hard_aspect,fwd_ret_1d,0.0021328499505605,0.0022950933121637,0.0011871695066626,-0.0001622433616031,-0.1366640237073443,0.4900398406374502,2603,2,False,False
LINKUSDT,jupiter_retrograde,fwd_ret_1d,0.001786224468966,0.0018319775572164,0.00085397791571,-4.575308825032409e-05,-0.0535764302666792,0.4900398406374502,2706,2,False,False
LINKUSDT,mars_out_of_bounds,fwd_absret_1d,0.0027933843029286,0.0032506811535947,0.0022143173511286,-0.000457296850666,-0.2065182077144351,0.4900398406374502,2706,2,False,False
ADAUSDT,moon_near_new,fwd_vol_5d,0.0017855866430209,0.0018548949715849,0.0008389970166146,-6.930832856391687e-05,-0.0826085518677724,0.4900398406374502,2976,2,False,False
BNBUSDT,pluto_retrograde,fwd_vol_5d,0.0169730710442725,0.0184841436828374,0.0112804460224578,-0.0015110726385648,-0.1339550435821853,0.4916943521594684,3138,2,False,False
ATOMUSDT,eclipse_window,fwd_vol_5d,0.0027324901067646,0.0029158336079698,0.0013974256229742,-0.0001833435012052,-0.1312009012794576,0.4940239043824701,2599,2,False,False
BCHUSDT,mars_out_of_bounds,fwd_ret_1d,0.0020258449987698,0.0022478676735831,0.0011628087369246,-0.0002220226748133,-0.1909365381967679,0.4940239043824701,2390,2,False,False
AVAXUSDT,sun_modality,fwd_ret_1d,0.0054613784952321,0.0055542329249817,0.0009565194809361,-9.285442974952316e-05,-0.0970753148264676,0.4940239043824701,2091,3,False,False
AAVEUSDT,lunar_4phase,fwd_absret_1d,0.0063883866867685,0.0065469933847055,0.0015430959474156,-0.000158606697937,-0.1027847284562488,0.4940239043824701,2068,4,False,False
NEARUSDT,n_retrograde,fwd_absret_1d,0.0162940768919097,0.0169779992265899,0.0042454268086725,-0.0006839223346802,-0.161096249093992,0.4940239043824701,2069,7,False,False
XRPUSDT,pluto_retrograde,fwd_vol_5d,0.0026037782529352,0.002746213362514,0.0010550474066035,-0.0001424351095788,-0.1350035161333297,0.4940239043824701,2959,2,False,False
XRPUSDT,saturn_retrograde,fwd_vol_5d,0.0029693268399165,0.0031320199535973,0.0014571048389707,-0.0001626931136807,-0.1116550500207427,0.4940239043824701,2959,2,False,False
DOTUSDT,jupiter_sign,fwd_ret_1d,0.0433923348772883,0.0439483145462144,0.0045520060873746,-0.0005559796689261,-0.1221394827366681,0.49800796812749,2126,7,False,False
UNIUSDT,moon_perigee_q4,fwd_absret_1d,0.0061812610496341,0.0062251469286795,0.0013978450530656,-4.388587904542024e-05,-0.0313953817336003,0.49800796812749,2096,4,False,False
UNIUSDT,jupiter_sign,fwd_vol_5d,0.0945971121580399,0.0963182737833064,0.0168672022848127,-0.0017211616252664,-0.1020419152034589,0.49800796812749,2092,7,False,False
AAVEUSDT,eclipse_window,fwd_absret_1d,0.0022467528126397,0.0024008508965633,0.0009745823199001,-0.0001540980839235,-0.1581170525845018,0.49800796812749,2068,2,False,False
BCHUSDT,venus_out_of_bounds,fwd_ret_1d,0.0017710182776256,0.0018809795209551,0.0008687304649595,-0.0001099612433295,-0.1265769392980978,0.49800796812749,2390,2,False,False
BCHUSDT,aspect_square_count_q5,fwd_absret_1d,0.008352672866529,0.0085927668618172,0.0020370100986693,-0.0002400939952881,-0.1178658836522385,0.49800796812749,2390,5,False,False
LTCUSDT,mars_out_of_bounds,fwd_absret_1d,0.0022115297772303,0.0024405969295163,0.0014222491871299,-0.000229067152286,-0.1610597878057157,0.49800796812749,3105,2,False,False
UNIUSDT,harmonic_3_count_q5,fwd_vol_5d,0.018700513120586,0.0206153760041838,0.0085283163357384,-0.0019148628835978,-0.2245300019622234,0.49800796812749,2092,5,False,False
DOTUSDT,mercury_sign,fwd_vol_5d,0.0900262556608736,0.0924698189009246,0.0128442146992561,-0.002443563240051,-0.1902462156905967,0.49800796812749,2122,12,False,False
BTCUSDT,mars_saturn_hard_aspect,fwd_ret_1d,0.0011652049612771,0.0028079448700211,0.0034378806283502,-0.001642739908744,-0.4778350636137015,0.5016611295681063,3223,2,False,False
BNBUSDT,aspect_square_count_q5,fwd_absret_1d,0.0034463124084376,0.0061598847459551,0.0074722675662976,-0.0027135723375175,-0.3631524585330266,0.5016611295681063,3142,5,False,False
AAVEUSDT,aspect_square_count_q5,fwd_absret_1d,0.0100224804348337,0.0102835942528454,0.0024578913311986,-0.0002611138180117,-0.1062348911432118,0.50199203187251,2068,5,False,False
LTCUSDT,jupiter_saturn_aspect,fwd_vol_5d,0.0049134894202597,0.0064983886358627,0.0045523406611369,-0.0015848992156029,-0.348150398570383,0.50199203187251,3101,2,False,False
LTCUSDT,hard_aspect_count_q5,fwd_vol_5d,0.0089530085619744,0.0092214088629002,0.0029343698523558,-0.0002684003009257,-0.0914677816466389,0.50199203187251,3101,5,False,False
AAVEUSDT,venus_retrograde,fwd_vol_5d,0.0057068670915952,0.0062041487511958,0.0041898394895817,-0.0004972816596005,-0.1186875203303347,0.50199203187251,2064,2,False,False
FILUSDT,moon_near_full,fwd_vol_5d,0.0021629584065823,0.0022827442723524,0.0009756929884447,-0.0001197858657701,-0.1227700385149849,0.50199203187251,2064,2,False,False
DOGEUSDT,harmonic_4_count_q5,fwd_absret_1d,0.0084674885507076,0.0086519575781781,0.002229793792073,-0.0001844690274705,-0.0827291869437889,0.50199203187251,2536,5,False,False
LINKUSDT,aspect_conjunction_count_q5,fwd_vol_5d,0.0179950900649478,0.0189037057551857,0.0064369675596372,-0.0009086156902379,-0.1411558597771027,0.50199203187251,2702,5,False,False
DOGEUSDT,venus_out_of_bounds,fwd_ret_1d,0.0019725290179597,0.0023451625945568,0.0014853901500686,-0.000372633576597,-0.2508657921151868,0.50199203187251,2536,2,False,False
BNBUSDT,aspect_trine_count_q5,fwd_vol_5d,0.0201782165455988,0.0204315365397348,0.0126704506515234,-0.000253319994136,-0.0199929742913751,0.5049833887043189,3138,5,False,False
NEARUSDT,aspect_conjunction_count_q5,fwd_ret_1d,0.0132228858275209,0.0134281384310866,0.0035500612778186,-0.0002052526035656,-0.0578166368135995,0.5059760956175299,2069,5,False,False
AAVEUSDT,moon_sign,fwd_vol_5d,0.0375859362110985,0.0376729211426983,0.0044271950807409,-8.698493159980253e-05,-0.019647865073351,0.5059760956175299,2064,12,False,False
XRPUSDT,soft_aspect_count_q5,fwd_absret_1d,0.0079184113633397,0.0082958590413888,0.0024893322672336,-0.0003774476780491,-0.1516260737938996,0.5059760956175299,2963,5,False,False
BNBUSDT,venus_out_of_bounds,fwd_absret_1d,0.0012492947600037,0.0025485957541025,0.0032820939029257,-0.0012993009940987,-0.3958756307796442,0.5083056478405316,3142,2,False,False
ADAUSDT,pluto_retrograde,fwd_vol_5d,0.0047788268682436,0.0056967613817064,0.0031223854332278,-0.0009179345134628,-0.2939850102086428,0.5099601593625498,2976,2,False,False
FILUSDT,jupiter_retrograde,fwd_ret_1d,0.001860890659806,0.0020401689096538,0.0009151954346521,-0.0001792782498478,-0.1958906732483821,0.5099601593625498,2068,2,False,False
NEARUSDT,moon_near_new,fwd_ret_1d,0.0020819611234452,0.0022130443901163,0.0010315045414228,-0.000131083266671,-0.1270796796398308,0.5099601593625498,2069,2,False,False
ATOMUSDT,moon_decl_sign,fwd_vol_5d,0.005477022745167,0.0056755762516685,0.001457109566571,-0.0001985535065015,-0.1362653235259338,0.5099601593625498,2599,2,False,False
FILUSDT,saturn_retrograde,fwd_ret_1d,0.0028227953687616,0.0027798649476506,0.0014562524448198,4.2930421110946946e-05,0.0294800680085775,0.5099601593625498,2068,2,False,False
BNBUSDT,mercury_sign,fwd_absret_1d,0.0218874820809031,0.0222186572947126,0.0101546252796147,-0.0003311752138094,-0.03261323827225,0.5116279069767442,3142,12,False,False
FILUSDT,n_retrograde,fwd_ret_1d,0.0157721673112616,0.0160676860525056,0.0033871959900635,-0.000295518741244,-0.0872458346405068,0.5139442231075697,2068,7,False,False
ATOMUSDT,moon_decl_q4,fwd_vol_5d,0.0113912739311039,0.0114446819793184,0.0019182425988442,-5.3408048214515294e-05,-0.027842176086952,0.5139442231075697,2599,4,False,False
ADAUSDT,n_retrograde,fwd_ret_1d,0.0108059198501844,0.0111836890417821,0.0026421028470619,-0.0003777691915976,-0.1429805020715915,0.5139442231075697,2980,7,False,False
LINKUSDT,harmonic_3_count_q5,fwd_vol_5d,0.0137897620900797,0.0150539209162104,0.0056501648855137,-0.0012641588261306,-0.2237383955593513,0.5139442231075697,2702,5,False,False
ETHUSDT,moon_perigee_q4,fwd_vol_5d,0.0060277188383524,0.0077982175986257,0.0073864201602815,-0.0017704987602733,-0.2396964594288432,0.5149501661129569,3219,4,False,False
AAVEUSDT,aspect_square_count_q5,fwd_vol_5d,0.0142268733691633,0.0149972768037189,0.0040684080646789,-0.0007704034345555,-0.1893623801516032,0.5179282868525896,2064,5,False,False
DOGEUSDT,harmonic_3_count_q5,fwd_absret_1d,0.0094126557229549,0.0098255991807497,0.0024422263913582,-0.0004129434577947,-0.169084839659393,0.5179282868525896,2536,5,False,False
UNIUSDT,aspect_opposition_count_q5,fwd_vol_5d,0.0269841742734138,0.0273202081512124,0.0076747813682592,-0.0003360338777986,-0.0437841629194023,0.5179282868525896,2092,5,False,False
BTCUSDT,pluto_out_of_bounds,fwd_ret_1d,0.0012957488067748,0.0022084345623288,0.0026818207806242,-0.0009126857555539,-0.3403231722820504,0.5182724252491694,3223,2,False,False
SOLUSDT,hard_aspect_count_q5,fwd_vol_5d,0.0147864441398772,0.015032114747077,0.0112425666984038,-0.0002456706071997,-0.0218518256364539,0.5182724252491694,2129,5,False,False
ETHUSDT,moon_near_full,fwd_vol_5d,0.0008507400838806,0.0018706252150167,0.0021873376679687,-0.0010198851311361,-0.4662678040392307,0.5182724252491694,3219,2,False,False
BNBUSDT,moon_out_of_bounds,fwd_ret_1d,0.0014900955605565,0.0036657793822714,0.0045990501949579,-0.0021756838217148,-0.4730724235408607,0.521594684385382,3142,2,False,False
BTCUSDT,sun_modality,fwd_vol_5d,0.0240878914518085,0.0238939053420004,0.0086879092726855,0.000193986109808,0.0223282844835826,0.521594684385382,3219,3,False,False
ATOMUSDT,mars_saturn_hard_aspect,fwd_vol_5d,0.005337716295629,0.006353583489762,0.003653079978335,-0.0010158671941329,-0.2780851227341333,0.5219123505976095,2599,2,False,False
XRPUSDT,mercury_retrograde,fwd_ret_1d,0.0017285370874054,0.0019458941127282,0.0009590040685715,-0.0002173570253227,-0.2266486998814021,0.5219123505976095,2963,2,False,False
XRPUSDT,pluto_out_of_bounds,fwd_absret_1d,0.002139076107833,0.0028636917352001,0.0021665664017992,-0.0007246156273671,-0.334453459060995,0.5219123505976095,2963,2,False,False
FILUSDT,jupiter_saturn_aspect,fwd_absret_1d,0.0029068569217507,0.0034337197752638,0.0018776206624497,-0.000526862853513,-0.2806013291447674,0.5219123505976095,2068,2,False,False
BCHUSDT,lunar_8phase,fwd_vol_5d,0.0239826182551229,0.0242011895841821,0.0028935849939952,-0.0002185713290592,-0.0755365159526363,0.5258964143426295,2386,8,False,False
ATOMUSDT,jupiter_retrograde,fwd_vol_5d,0.0048070185573124,0.005397715304784,0.0025155858579857,-0.0005906967474715,-0.2348147830440388,0.5258964143426295,2599,2,False,False
XRPUSDT,harmonic_3_count_q5,fwd_vol_5d,0.011761234227602,0.0131233892588816,0.005115466950446,-0.0013621550312795,-0.2662816600077571,0.5258964143426295,2959,5,False,False
LTCUSDT,eclipse_window,fwd_ret_1d,0.0013831931311481,0.0015356301319358,0.0007255301866621,-0.0001524370007876,-0.2101042845493728,0.5258964143426295,3105,2,False,False
AAVEUSDT,moon_perigee_q4,fwd_ret_1d,0.0073250943080387,0.0074291042453305,0.0014475818821311,-0.0001040099372917,-0.0718508145035957,0.5258964143426295,2068,4,False,False
LTCUSDT,mercury_sign,fwd_ret_1d,0.0209989375571749,0.0215203591223155,0.003676015228913,-0.0005214215651405,-0.1418442342238909,0.5258964143426295,3105,12,False,False
UNIUSDT,aspect_opposition_count_q5,fwd_absret_1d,0.0147886964244224,0.0152728105757726,0.0044787184744948,-0.0004841141513501,-0.108092114766107,0.5258964143426295,2096,5,False,False
ETHUSDT,venus_out_of_bounds,fwd_vol_5d,0.0075832788037808,0.0086969904737326,0.0052653843912397,-0.0011137116699518,-0.2115157388707969,0.5282392026578073,3219,2,False,False
AVAXUSDT,harmonic_3_count_q5,fwd_vol_5d,0.0188972124669857,0.022091506996484,0.0084011830855936,-0.0031942945294982,-0.3802196068046519,0.5298804780876494,2087,5,False,False
UNIUSDT,mars_saturn_hard_aspect,fwd_ret_1d,0.002184267090329,0.0025207725356382,0.0012632278506665,-0.0003365054453092,-0.2663853913065919,0.5298804780876494,2096,2,False,False
NEARUSDT,harmonic_3_count_q5,fwd_absret_1d,0.0115608754183114,0.0121745414560552,0.003448607545916,-0.0006136660377437,-0.1779460346163473,0.5298804780876494,2069,5,False,False
UNIUSDT,moon_near_full,fwd_vol_5d,0.0025556096433227,0.0028135164576439,0.001272809990153,-0.0002579068143211,-0.2026278991494429,0.5298804780876494,2092,2,False,False
ADAUSDT,moon_void_of_course,fwd_vol_5d,0.0013983967502,0.0015848611052523,0.0007777792899037,-0.0001864643550522,-0.2397394189748787,0.5338645418326693,2976,2,False,False
AAVEUSDT,neptune_retrograde,fwd_vol_5d,0.0065492076726873,0.0079484859439661,0.0045678508884413,-0.0013992782712788,-0.306331862718985,0.5338645418326693,2064,2,False,False
ATOMUSDT,moon_sign,fwd_ret_1d,0.0170658280685262,0.0173809068829025,0.0019738610584647,-0.0003150788143763,-0.1596256296891786,0.5338645418326693,2603,12,False,False
XRPUSDT,mercury_sign,fwd_absret_1d,0.0215048627820638,0.0218446691507537,0.0030530450705223,-0.0003398063686899,-0.1113008032442158,0.5338645418326693,2963,12,False,False
LTCUSDT,mercury_retrograde,fwd_absret_1d,0.0013936275188602,0.001587521498721,0.0006804682683041,-0.0001938939798608,-0.2849419861179795,0.5338645418326693,3105,2,False,False
UNIUSDT,pluto_retrograde,fwd_ret_1d,0.00290428315157,0.0032205083403829,0.0014455392702534,-0.0003162251888128,-0.2187593207048726,0.5338645418326693,2096,2,False,False
XRPUSDT,lunar_4phase,fwd_absret_1d,0.0057510618321358,0.0059282797490445,0.0012357212847645,-0.0001772179169087,-0.1434125308786666,0.5338645418326693,2963,4,False,False
AAVEUSDT,harmonic_4_count_q5,fwd_absret_1d,0.0101331405200895,0.0106629644919664,0.002721201239123,-0.0005298239718769,-0.1947022382099388,0.5338645418326693,2068,5,False,False
ADAUSDT,aspect_square_count_q5,fwd_absret_1d,0.0069362054769355,0.0071598293347325,0.001749697288699,-0.0002236238577969,-0.1278071694122809,0.5338645418326693,2980,5,False,False
LINKUSDT,moon_sign,fwd_absret_1d,0.021021876141985,0.0212149126394515,0.0015844992259784,-0.0001930364974664,-0.1218280793714387,0.5338645418326693,2706,12,False,False
UNIUSDT,mercury_retrograde,fwd_vol_5d,0.0047957451283883,0.0052386540064721,0.0022444018980071,-0.0004429088780838,-0.1973393795813114,0.5338645418326693,2092,2,False,False
BTCUSDT,pluto_out_of_bounds,fwd_vol_5d,0.0073771872628956,0.0086615180046639,0.0057618893015101,-0.0012843307417683,-0.2229009747604291,0.5348837209302325,3219,2,False,False
LTCUSDT,eclipse_window,fwd_absret_1d,0.0014959202157358,0.0018009532665553,0.0009193146036189,-0.0003050330508195,-0.3318048572477026,0.5378486055776892,3105,2,False,False
LINKUSDT,mercury_retrograde,fwd_absret_1d,0.0020659492213045,0.0022499161891798,0.0009581370736833,-0.0001839669678752,-0.1920048528839734,0.5378486055776892,2706,2,False,False
NEARUSDT,harmonic_3_count_q5,fwd_vol_5d,0.0200185175379568,0.022451802894225,0.0084041139737333,-0.0024332853562682,-0.2895350258068115,0.5378486055776892,2065,5,False,False
NEARUSDT,n_retrograde,fwd_ret_1d,0.016183312113276,0.0174552531733546,0.004433895767165,-0.0012719410600785,-0.2868676051200369,0.5378486055776892,2069,7,False,False
BNBUSDT,venus_out_of_bounds,fwd_vol_5d,0.0078037264172361,0.0088270959592584,0.0058657035307314,-0.0010233695420223,-0.1744666324611762,0.5382059800664452,3138,2,False,False
LTCUSDT,eclipse_window,fwd_vol_5d,0.0022205642048049,0.0026801431140212,0.0012931059478998,-0.0004595789092163,-0.3554070027770845,0.5418326693227091,3101,2,False,False
LTCUSDT,moon_near_full,fwd_absret_1d,0.0015548081835076,0.0017595217000378,0.0008300407755103,-0.0002047135165302,-0.2466306747452823,0.5418326693227091,3105,2,False,False
LTCUSDT,pluto_retrograde,fwd_absret_1d,0.0021235939787799,0.0027290097722828,0.0017108511363196,-0.0006054157935028,-0.3538681891431028,0.5418326693227091,3105,2,False,False
AVAXUSDT,moon_sign,fwd_vol_5d,0.0301160169598074,0.0303902971492621,0.0033647336736492,-0.0002742801894547,-0.08151616622817,0.5418326693227091,2087,12,False,False
FILUSDT,moon_out_of_bounds,fwd_ret_1d,0.002294701430637,0.0025077944984809,0.0011073976910158,-0.0002130930678439,-0.1924268666738098,0.5418326693227091,2068,2,False,False
DOTUSDT,moon_void_of_course,fwd_ret_1d,0.0019751227259181,0.0021506682530696,0.0010503515524527,-0.0001755455271515,-0.1671302591418821,0.5418326693227091,2126,2,False,False
DOTUSDT,venus_out_of_bounds,fwd_absret_1d,0.0020393996537993,0.0024280815369506,0.0012454645436627,-0.0003886818831513,-0.3120778388506618,0.5418326693227091,2126,2,False,False
UNIUSDT,mercury_retrograde,fwd_ret_1d,0.0020032253298885,0.0024262150231621,0.0013882998262212,-0.0004229896932736,-0.3046818023632467,0.5418326693227091,2096,2,False,False
ETHUSDT,harmonic_3_count_q5,fwd_vol_5d,0.0127302756430136,0.0153027222566054,0.0105691456586054,-0.0025724466135917,-0.243392105349334,0.5448504983388704,3219,5,False,False
BTCUSDT,mercury_retrograde,fwd_absret_1d,0.000412811380172,0.0026533553939352,0.0033895065934611,-0.0022405440137632,-0.6610236481278967,0.5448504983388704,3223,2,False,False
BTCUSDT,neptune_retrograde,fwd_absret_1d,0.0043236969547679,0.0063506521877558,0.0058825896229374,-0.0020269552329878,-0.3445685255834135,0.5448504983388704,3223,2,False,False
AVAXUSDT,moon_perigee_q4,fwd_vol_5d,0.0122003851577092,0.0124730876202138,0.0029317172390816,-0.0002727024625045,-0.0930179960295164,0.545816733067729,2087,4,False,False
NEARUSDT,moon_decl_q4,fwd_ret_1d,0.0065434076195568,0.0067275569996743,0.0012520796306134,-0.0001841493801175,-0.147074815063763,0.545816733067729,2069,4,False,False
DOTUSDT,venus_retrograde,fwd_ret_1d,0.0027129379822349,0.0031900449767961,0.0014896325691351,-0.0004771069945611,-0.3202850182298272,0.545816733067729,2126,2,False,False
DOGEUSDT,venus_out_of_bounds,fwd_absret_1d,0.0019560756842269,0.0024820071047876,0.0015884066652494,-0.0005259314205606,-0.3311062790573705,0.549800796812749,2536,2,False,False
FILUSDT,hard_aspect_count_q5,fwd_vol_5d,0.0128484888282768,0.0139030996179403,0.0038359787211393,-0.0010546107896634,-0.2749261313290616,0.549800796812749,2064,5,False,False
XRPUSDT,mars_retrograde,fwd_absret_1d,0.0019357143246173,0.002388163991164,0.001620546456862,-0.0004524496665466,-0.279195739579572,0.549800796812749,2963,2,False,False
DOTUSDT,sun_element,fwd_absret_1d,0.0084270696346522,0.0090004689155763,0.0026629724821137,-0.000573399280924,-0.215323021463944,0.549800796812749,2126,4,False,False
DOGEUSDT,pluto_retrograde,fwd_absret_1d,0.0047420426712986,0.0050287460068194,0.0021188805958326,-0.0002867033355208,-0.1353088683169378,0.549800796812749,2536,2,False,False
BTCUSDT,mercury_retrograde,fwd_vol_5d,0.0069264959833146,0.0076371509705318,0.0052908313114221,-0.0007106549872172,-0.1343182092543871,0.5514950166112956,3219,2,False,False
FILUSDT,venus_sign,fwd_ret_1d,0.0317332415088999,0.0326147720331139,0.0041329030807639,-0.0008815305242139,-0.2132957165913077,0.5537848605577689,2068,12,False,False
UNIUSDT,aspect_opposition_count_q5,fwd_ret_1d,0.0139165368322571,0.0145344429871075,0.0043591201888872,-0.0006179061548503,-0.1417501991401003,0.5537848605577689,2096,5,False,False
BCHUSDT,saturn_sign,fwd_vol_5d,0.0263112840755267,0.0293608780431252,0.0096503193658084,-0.0030495939675984,-0.3160096419610032,0.5537848605577689,2386,4,False,False
ATOMUSDT,moon_out_of_bounds,fwd_absret_1d,0.0022691979705682,0.0024619558896149,0.0011161927211562,-0.0001927579190466,-0.1726923275821124,0.5537848605577689,2603,2,False,False
AVAXUSDT,mars_sign,fwd_ret_1d,0.0329573765317206,0.0339891376788507,0.0042575769889374,-0.00103176114713,-0.2423352883132692,0.5537848605577689,2091,12,False,False
UNIUSDT,moon_near_new,fwd_vol_5d,0.0023854405288979,0.0028223050965289,0.0013331708531872,-0.0004368645676309,-0.3276883578623946,0.5537848605577689,2092,2,False,False
FILUSDT,venus_out_of_bounds,fwd_absret_1d,0.0026562379049024,0.0030486671199368,0.0013225836227185,-0.0003924292150344,-0.2967141043435958,0.5537848605577689,2068,2,False,False
SOLUSDT,moon_sign,fwd_ret_1d,0.0049071244205878,0.0086723987021767,0.0086934089696209,-0.0037652742815888,-0.433118273251221,0.5548172757475083,2133,12,False,False
BTCUSDT,aspect_trine_count_q5,fwd_vol_5d,0.0152327077540173,0.0173713794106522,0.0105028461363313,-0.0021386716566349,-0.2036278194380975,0.5548172757475083,3219,5,False,False
DOTUSDT,moon_sign,fwd_absret_1d,0.0231620652664288,0.0232765761153786,0.0030466201901746,-0.0001145108489498,-0.037586191189551,0.5577689243027888,2126,12,False,False
ATOMUSDT,uranus_retrograde,fwd_vol_5d,0.0029958530368795,0.0033854508301924,0.0015331255235692,-0.0003895977933128,-0.2541199577747948,0.5577689243027888,2599,2,False,False
AVAXUSDT,mars_out_of_bounds,fwd_ret_1d,0.0030468582293075,0.0037532296807319,0.0019678371374775,-0.0007063714514243,-0.3589582887585087,0.5577689243027888,2091,2,False,False
ATOMUSDT,mercury_out_of_bounds,fwd_vol_5d,0.0035807028217413,0.0044814516195318,0.0026202714415986,-0.0009007487977905,-0.3437616361001768,0.5577689243027888,2599,2,False,False
NEARUSDT,moon_out_of_bounds,fwd_absret_1d,0.0020883243148707,0.002298333559121,0.0009056642688117,-0.0002100092442503,-0.2318842108300007,0.5577689243027888,2069,2,False,False
AAVEUSDT,mars_retrograde,fwd_vol_5d,0.006081741256523,0.007929044052107,0.0052001199260971,-0.001847302795584,-0.3552423447607832,0.5577689243027888,2064,2,False,False
DOGEUSDT,aspect_trine_count_q5,fwd_vol_5d,0.0180062968945717,0.0193430512093909,0.005783941448262,-0.0013367543148191,-0.2311147729928756,0.5577689243027888,2532,5,False,False
DOGEUSDT,n_retrograde,fwd_absret_1d,0.0169216846226413,0.017199441862864,0.0035968762837359,-0.0002777572402227,-0.0772217942214633,0.5577689243027888,2536,7,False,False
DOGEUSDT,aspect_conjunction_count_q5,fwd_ret_1d,0.0093268260823765,0.0100761526908634,0.0025720381672931,-0.0007493266084869,-0.291335726668293,0.5577689243027888,2536,5,False,False
BTCUSDT,aspect_trine_count_q5,fwd_absret_1d,0.0010479859534147,0.0053901326638557,0.0068681600157189,-0.004342146710441,-0.632213970044853,0.5581395348837209,3223,5,False,False
BNBUSDT,sun_modality,fwd_vol_5d,0.0207871750927037,0.0224617653371165,0.0073380009807159,-0.0016745902444127,-0.2282079613798869,0.5614617940199336,3138,3,False,False
DOGEUSDT,moon_near_new,fwd_vol_5d,0.0020262141919434,0.0023565931541553,0.0010172440989325,-0.0003303789622118,-0.3247784504805718,0.5617529880478087,2532,2,False,False
ADAUSDT,n_retrograde,fwd_vol_5d,0.027968281278302,0.0305900337273142,0.0081631749990949,-0.0026217524490122,-0.3211682279631289,0.5617529880478087,2976,7,False,False
BCHUSDT,soft_aspect_count_q5,fwd_ret_1d,0.008612962041195,0.0097067926384131,0.0028792731996286,-0.0010938305972181,-0.3798981622720555,0.5617529880478087,2390,5,False,False
AVAXUSDT,jupiter_saturn_aspect,fwd_vol_5d,0.0086857564065283,0.0120806803739599,0.0084304761227872,-0.0033949239674316,-0.4026965877117317,0.5617529880478087,2087,2,False,False
XRPUSDT,sun_sign,fwd_vol_5d,0.0384992685824757,0.0397535140309803,0.0049326032001356,-0.0012542454485045,-0.2542765751905719,0.5657370517928287,2959,12,False,False
BCHUSDT,venus_retrograde,fwd_vol_5d,0.0048706630489739,0.0063102579170409,0.0036823155841316,-0.001439594868067,-0.3909482593699226,0.5657370517928287,2386,2,False,False
ATOMUSDT,eclipse_window,fwd_ret_1d,0.0014490740621985,0.0017004511464843,0.0007734946851491,-0.0002513770842858,-0.3249887673595503,0.5657370517928287,2603,2,False,False
LTCUSDT,jupiter_saturn_aspect,fwd_ret_1d,0.0019532221964188,0.0025312292796515,0.0014591371613657,-0.0005780070832326,-0.396129369148306,0.5697211155378487,3105,2,False,False
DOGEUSDT,mars_retrograde,fwd_absret_1d,0.002173467065749,0.0027489265996469,0.0015168737124578,-0.0005754595338978,-0.3793720790146936,0.5697211155378487,2536,2,False,False
AVAXUSDT,harmonic_4_count_q5,fwd_vol_5d,0.0164602345189029,0.0176776483243548,0.0048589070058116,-0.0012174138054519,-0.2505530161404181,0.5697211155378487,2087,5,False,False
UNIUSDT,neptune_retrograde,fwd_vol_5d,0.0051841240008579,0.0060065825115117,0.0028619196667612,-0.0008224585106537,-0.2873800128654626,0.5697211155378487,2092,2,False,False
XRPUSDT,sun_modality,fwd_vol_5d,0.0066777088459656,0.0072449281031327,0.0020656269884392,-0.0005672192571671,-0.2745990734734279,0.5697211155378487,2959,3,False,False
UNIUSDT,saturn_retrograde,fwd_absret_1d,0.0029447537476877,0.0034721310716061,0.001404931548627,-0.0005273773239184,-0.3753758141695907,0.5697211155378487,2096,2,False,False
FILUSDT,moon_near_full,fwd_absret_1d,0.0019824735692368,0.0023844259976414,0.001351572686934,-0.0004019524284045,-0.2973960870105739,0.5697211155378487,2068,2,False,False
ATOMUSDT,mars_retrograde,fwd_ret_1d,0.0020454349452624,0.0025266473785053,0.0014608041617218,-0.0004812124332429,-0.3294161160355203,0.5697211155378487,2603,2,False,False
BNBUSDT,mercury_out_of_bounds,fwd_vol_5d,0.0066070719864528,0.0076028445441225,0.0052564620016232,-0.0009957725576697,-0.1894377924471285,0.5714285714285714,3138,2,False,False
BNBUSDT,venus_sign,fwd_vol_5d,0.1004684063244525,0.1051301866437227,0.0180739558210625,-0.0046617803192701,-0.2579280576661329,0.5714285714285714,3138,12,False,False
SOLUSDT,aspect_conjunction_count_q5,fwd_ret_1d,0.0027240034138538,0.0082709673165886,0.0095087765534368,-0.0055469639027348,-0.5833520087008435,0.5714285714285714,2133,5,False,False
ETHUSDT,aspect_conjunction_count_q5,fwd_vol_5d,0.0231560901721081,0.024910510972846,0.0112567653360908,-0.0017544208007379,-0.1558547902844675,0.5714285714285714,3219,5,False,False
AVAXUSDT,moon_perigee_q4,fwd_absret_1d,0.0071360499804492,0.0076802196720961,0.0021595400191709,-0.0005441696916469,-0.2519840738380313,0.5737051792828686,2091,4,False,False
XRPUSDT,mercury_sign,fwd_vol_5d,0.0430063497568686,0.0444516666764914,0.0071814876663833,-0.0014453169196228,-0.201255921720559,0.5737051792828686,2959,12,False,False
XRPUSDT,mars_retrograde,fwd_vol_5d,0.004410689120738,0.0060741328213621,0.0041095539560472,-0.0016634437006241,-0.4047747561937585,0.5737051792828686,2959,2,False,False
LINKUSDT,sun_modality,fwd_absret_1d,0.0034792181118201,0.0037509503126677,0.0010875672992753,-0.0002717322008475,-0.2498532284196275,0.5737051792828686,2706,3,False,False
DOGEUSDT,sun_sign,fwd_vol_5d,0.0714057430344477,0.0724991404715816,0.0057211492730933,-0.0010933974371338,-0.1911149989174665,0.5737051792828686,2532,12,False,False
DOGEUSDT,moon_decl_sign,fwd_vol_5d,0.0024459324576587,0.0027986414775064,0.0010334972699142,-0.0003527090198476,-0.3412771664862938,0.5737051792828686,2532,2,False,False
ATOMUSDT,sun_modality,fwd_vol_5d,0.0060345804691491,0.0066721470830824,0.0023139156339096,-0.0006375666139333,-0.2755358080433098,0.5737051792828686,2599,3,False,False
SOLUSDT,aspect_conjunction_count_q5,fwd_absret_1d,0.0060809487657498,0.0104464506073096,0.0103857333664737,-0.0043655018415598,-0.4203364064450295,0.574750830564784,2133,5,False,False
UNIUSDT,jupiter_saturn_aspect,fwd_ret_1d,0.0035863575114941,0.0043689730373306,0.0023796083087402,-0.0007826155258365,-0.3288841793676785,0.5776892430278885,2096,2,False,False
DOGEUSDT,neptune_retrograde,fwd_vol_5d,0.0104881959085521,0.0107526413812478,0.004795836327079,-0.0002644454726956,-0.0551406375573132,0.5776892430278885,2532,2,False,False
ATOMUSDT,venus_retrograde,fwd_vol_5d,0.0047238329193832,0.0058068533705414,0.0032117489496436,-0.0010830204511581,-0.3372058240350192,0.5776892430278885,2599,2,False,False
FILUSDT,mercury_out_of_bounds,fwd_absret_1d,0.0020679379658637,0.0024346643125515,0.0011247809504479,-0.0003667263466878,-0.3260424587932481,0.5776892430278885,2068,2,False,False
ADAUSDT,venus_retrograde,fwd_ret_1d,0.0016862621732241,0.0020056797884646,0.0009402950122375,-0.0003194176152404,-0.339699361459309,0.5776892430278885,2980,2,False,False
BCHUSDT,moon_out_of_bounds,fwd_vol_5d,0.0030763095843419,0.0037291926572682,0.0016891508584907,-0.0006528830729262,-0.3865155498956767,0.5776892430278885,2386,2,False,False
UNIUSDT,sun_sign,fwd_ret_1d,0.0282260829805685,0.0295754164607611,0.0034817437059803,-0.0013493334801926,-0.3875453204309599,0.5776892430278885,2096,12,False,False
ADAUSDT,jupiter_retrograde,fwd_vol_5d,0.0039383287336628,0.0048110804832405,0.0025197965840929,-0.0008727517495777,-0.346358017582579,0.5776892430278885,2976,2,False,False
BTCUSDT,mars_sign,fwd_ret_1d,0.0122413726619385,0.0145997742111542,0.0103133123425979,-0.0023584015492157,-0.2286754701954101,0.5780730897009967,3223,12,False,False
BTCUSDT,moon_sign,fwd_vol_5d,0.0259087689735606,0.0287101813694771,0.0105701789439298,-0.0028014123959165,-0.2650297985281807,0.5813953488372093,3219,12,False,False
AVAXUSDT,sun_sign,fwd_absret_1d,0.035681711543681,0.0366259641767175,0.0048758989022582,-0.0009442526330365,-0.1936571393223932,0.5816733067729084,2091,12,False,False
BCHUSDT,moon_decl_sign,fwd_absret_1d,0.0020451586512527,0.0024084557109651,0.0009896003366241,-0.0003632970597124,-0.367114931419438,0.5816733067729084,2390,2,False,False
AVAXUSDT,aspect_conjunction_count_q5,fwd_absret_1d,0.0126897011296483,0.0135203225845546,0.0029073117713746,-0.0008306214549063,-0.2857008536492824,0.5816733067729084,2091,5,False,False
XRPUSDT,n_retrograde,fwd_absret_1d,0.0115170825226553,0.0122635877559256,0.0026930427587991,-0.0007465052332702,-0.2771976905420919,0.5816733067729084,2963,7,False,False
UNIUSDT,mercury_retrograde,fwd_absret_1d,0.0021492014481376,0.0027721593677631,0.0015282769405114,-0.0006229579196255,-0.4076210947847249,0.5816733067729084,2096,2,False,False
DOTUSDT,hard_aspect_count_q5,fwd_vol_5d,0.0153087935869695,0.0166596918477102,0.0044315936601177,-0.0013508982607407,-0.3048335123542904,0.5816733067729084,2122,5,False,False
UNIUSDT,venus_retrograde,fwd_absret_1d,0.0026479495690952,0.0034241595267525,0.001784884248638,-0.0007762099576573,-0.4348797174100603,0.5816733067729084,2096,2,False,False
AAVEUSDT,moon_near_new,fwd_vol_5d,0.0018401267817949,0.0021842758658628,0.0010667626046198,-0.0003441490840678,-0.3226107501120087,0.5816733067729084,2064,2,False,False
AVAXUSDT,moon_perigee_q4,fwd_ret_1d,0.0061135472841704,0.006470843438369,0.0015412850088389,-0.0003572961541986,-0.2318170566440454,0.5816733067729084,2091,4,False,False
ATOMUSDT,moon_perigee_q4,fwd_absret_1d,0.0048939216046001,0.0053243376922945,0.0013169151313899,-0.0004304160876943,-0.3268366179680058,0.5816733067729084,2603,4,False,False
DOTUSDT,eclipse_window,fwd_absret_1d,0.0019222373750675,0.0022940065984997,0.0010805880416144,-0.0003717692234321,-0.3440434366428274,0.5816733067729084,2126,2,False,False
BNBUSDT,mars_out_of_bounds,fwd_ret_1d,2.320129615407396e-05,0.003486461747121,0.0040777322300716,-0.0034632604509669,-0.8493104146041753,0.584717607973422,3142,2,False,False
AVAXUSDT,aspect_conjunction_count_q5,fwd_vol_5d,0.0263286442715571,0.0285808093464676,0.0086734924721001,-0.0022521650749104,-0.2596606940231946,0.5856573705179283,2087,5,False,False
ADAUSDT,moon_sign,fwd_vol_5d,0.0205828938727685,0.0210059596637641,0.0019851411548651,-0.0004230657909955,-0.2131162259967047,0.5856573705179283,2976,12,False,False
LTCUSDT,moon_decl_q4,fwd_ret_1d,0.0042202550026229,0.004474996779676,0.0010852751503995,-0.0002547417770531,-0.2347255227943015,0.5856573705179283,3105,4,False,False
XRPUSDT,mars_sign,fwd_vol_5d,0.0594987036065206,0.0651406414153285,0.0133292971207397,-0.0056419378088078,-0.4232734672880299,0.5856573705179283,2959,12,False,False
BCHUSDT,venus_out_of_bounds,fwd_absret_1d,0.001641526218141,0.0019399310893859,0.0009197411446455,-0.0002984048712448,-0.3244444080621187,0.5856573705179283,2390,2,False,False
ADAUSDT,aspect_trine_count_q5,fwd_ret_1d,0.006307862479885,0.0070114616394972,0.0019516734374991,-0.0007035991596121,-0.3605107012747719,0.5856573705179283,2980,5,False,False
ADAUSDT,uranus_retrograde,fwd_vol_5d,0.0043187087690759,0.0056411774996555,0.0032232994735259,-0.0013224687305796,-0.4102841642365368,0.5856573705179283,2976,2,False,False
AAVEUSDT,venus_sign,fwd_absret_1d,0.0306029235255873,0.0326941347107978,0.0059208752600401,-0.0020912111852104,-0.3531929137781412,0.5856573705179283,2068,12,False,False
BNBUSDT,n_retrograde,fwd_ret_1d,0.0049177689634385,0.009349391441406,0.0094719218583438,-0.0044316224779674,-0.4678694085787535,0.5880398671096345,3142,7,False,False
ADAUSDT,saturn_sign,fwd_ret_1d,0.0113408108084459,0.0122192275507895,0.0033686317192803,-0.0008784167423435,-0.2607636617906161,0.5896414342629482,2980,4,False,False
DOTUSDT,pluto_retrograde,fwd_ret_1d,0.0024426718803045,0.0029990949095102,0.0015103015975053,-0.0005564230292056,-0.3684184868272008,0.5896414342629482,2126,2,False,False
DOTUSDT,n_retrograde,fwd_ret_1d,0.0162496162756574,0.0171031048193914,0.0033680862921781,-0.0008534885437339,-0.2534045952789389,0.5896414342629482,2126,7,False,False
ADAUSDT,venus_retrograde,fwd_absret_1d,0.0013505261229832,0.0017167075439393,0.0008606524111775,-0.0003661814209561,-0.4254695812158318,0.5896414342629482,2980,2,False,False
DOTUSDT,harmonic_3_count_q5,fwd_vol_5d,0.0196033588730716,0.0246023256022544,0.0100509501614063,-0.0049989667291827,-0.4973626024311437,0.5896414342629482,2122,5,False,False
BNBUSDT,neptune_retrograde,fwd_absret_1d,0.0034586436910508,0.0083179556122152,0.008323769207226,-0.0048593119211643,-0.5837874405438748,0.5913621262458472,3142,2,False,False
XRPUSDT,aspect_trine_count_q5,fwd_absret_1d,0.0069484893561427,0.0076245821962471,0.0020838437165292,-0.0006760928401043,-0.324445079418183,0.5936254980079682,2963,5,False,False
XRPUSDT,venus_retrograde,fwd_absret_1d,0.0018893694285124,0.0023380291299478,0.0012093145652984,-0.0004486597014354,-0.3710033057649374,0.5936254980079682,2963,2,False,False
DOTUSDT,mars_saturn_hard_aspect,fwd_ret_1d,0.0021113189371025,0.0027574515528899,0.0014455959068585,-0.0006461326157873,-0.4469662737157663,0.5936254980079682,2126,2,False,False
BCHUSDT,jupiter_retrograde,fwd_vol_5d,0.0081170561651076,0.0091083612032506,0.0045628515461912,-0.0009913050381429,-0.2172555973183883,0.5936254980079682,2386,2,False,False
FILUSDT,hard_aspect_count_q5,fwd_ret_1d,0.0083677668136231,0.0091340168900306,0.0020458034955297,-0.0007662500764075,-0.3745472515233573,0.5936254980079682,2068,5,False,False
BTCUSDT,lunar_8phase,fwd_absret_1d,0.0039091711845422,0.0076960504372479,0.0076175897957876,-0.0037868792527056,-0.4971230210899142,0.5946843853820598,3223,8,False,False
BNBUSDT,n_retrograde,fwd_absret_1d,0.0057736687473224,0.0105029568487644,0.0102664034516913,-0.004729288101442,-0.4606567551816657,0.5946843853820598,3142,7,False,False
SOLUSDT,moon_sign,fwd_absret_1d,0.0113321038874811,0.0139488525333448,0.009061725505813,-0.0026167486458637,-0.2887693568057304,0.5946843853820598,2133,12,False,False
BCHUSDT,jupiter_saturn_aspect,fwd_vol_5d,0.0046068629459415,0.0065503895178871,0.0042527464447647,-0.0019435265719456,-0.4570050430206501,0.5976095617529881,2386,2,False,False
BCHUSDT,hard_aspect_count_q5,fwd_absret_1d,0.0075887825178957,0.0083065902515732,0.0019925309864635,-0.0007178077336774,-0.3602492199890411,0.5976095617529881,2390,5,False,False
DOTUSDT,mars_retrograde,fwd_ret_1d,0.0024174156858367,0.0027779820954591,0.0010800156457036,-0.0003605664096224,-0.3338529502389865,0.5976095617529881,2126,2,False,False
SOLUSDT,sun_element,fwd_ret_1d,0.0006781502098234,0.0070997481119517,0.008179090025902,-0.0064215979021283,-0.785123758485603,0.5980066445182725,2133,4,False,False
ETHUSDT,lunar_8phase,fwd_absret_1d,0.0013301031312065,0.0048324062038652,0.005481036184011,-0.0035023030726587,-0.638985577740839,0.6013289036544851,3223,8,False,False
DOTUSDT,n_retrograde,fwd_absret_1d,0.0166785306170762,0.0181260355495043,0.0039629382953637,-0.0014475049324281,-0.3652605275539051,0.601593625498008,2126,7,False,False
LINKUSDT,jupiter_saturn_aspect,fwd_ret_1d,0.0022163624833137,0.0033173466637349,0.0022659201991953,-0.0011009841804211,-0.4858883295237596,0.601593625498008,2706,2,False,False
NEARUSDT,moon_sign,fwd_ret_1d,0.0237826222486242,0.0245177265197592,0.0025667073089421,-0.000735104271135,-0.2863997264409661,0.601593625498008,2069,12,False,False
FILUSDT,pluto_retrograde,fwd_absret_1d,0.0034588376499364,0.0042807183478085,0.0022146470892851,-0.000821880697872,-0.3711113620984678,0.601593625498008,2068,2,False,False
AVAXUSDT,pluto_out_of_bounds,fwd_absret_1d,0.0032890030550851,0.004487059762821,0.0027896373183709,-0.0011980567077359,-0.4294668342175551,0.601593625498008,2091,2,False,False
LINKUSDT,pluto_out_of_bounds,fwd_absret_1d,0.0023626616073252,0.0033066773971921,0.0020634629488402,-0.0009440157898669,-0.4574910300170713,0.601593625498008,2706,2,False,False
AAVEUSDT,moon_void_of_course,fwd_absret_1d,0.0018845582368563,0.0022576522561646,0.0009946789489593,-0.0003730940193083,-0.3750898917672483,0.601593625498008,2068,2,False,False
SOLUSDT,mars_retrograde,fwd_vol_5d,0.0094391430915603,0.0114668746900995,0.0061271050674266,-0.0020277315985391,-0.3309444796889713,0.6046511627906976,2129,2,False,False
ETHUSDT,moon_perigee_q4,fwd_absret_1d,0.0001065323723374,0.0047765710760123,0.0060094888823786,-0.0046700387036748,-0.7771107984521899,0.6046511627906976,3223,4,False,False
AAVEUSDT,lunar_8phase,fwd_absret_1d,0.0141848976663229,0.0145789453927633,0.0014377184904404,-0.0003940477264403,-0.2740784994144796,0.6055776892430279,2068,8,False,False
NEARUSDT,moon_sign,fwd_absret_1d,0.0249450884061239,0.0259550311985601,0.0027535235244386,-0.0010099427924361,-0.366781973523179,0.6055776892430279,2069,12,False,False
UNIUSDT,saturn_retrograde,fwd_vol_5d,0.0052238977934533,0.0064668683490604,0.0035715054316338,-0.001242970555607,-0.3480242657893448,0.6055776892430279,2092,2,False,False
DOGEUSDT,pluto_retrograde,fwd_ret_1d,0.0042996824106328,0.0052357119635679,0.0017897100263903,-0.0009360295529351,-0.523006263100069,0.6095617529880478,2536,2,False,False
FILUSDT,mars_retrograde,fwd_absret_1d,0.0021148492805145,0.0023678760132978,0.0009302468397031,-0.0002530267327833,-0.2719995618196105,0.6095617529880478,2068,2,False,False
AAVEUSDT,jupiter_retrograde,fwd_vol_5d,0.0038282605885647,0.0054003152923463,0.0033944935706889,-0.0015720547037816,-0.4631190694706661,0.6095617529880478,2064,2,False,False
XRPUSDT,n_retrograde,fwd_vol_5d,0.0228962141070616,0.0253692335239227,0.0062853906529908,-0.0024730194168611,-0.3934551650635002,0.6095617529880478,2959,7,False,False
FILUSDT,moon_sign,fwd_absret_1d,0.0232470069400826,0.0242585429013239,0.0025313512791692,-0.0010115359612413,-0.3996031564506138,0.6095617529880478,2068,12,False,False
AVAXUSDT,neptune_retrograde,fwd_vol_5d,0.0061547065562905,0.0088677240120891,0.0051542583970583,-0.0027130174557986,-0.526364269464453,0.6095617529880478,2087,2,False,False
BCHUSDT,mars_retrograde,fwd_absret_1d,0.002160398328013,0.0026612849065236,0.0012077295353853,-0.0005008865785106,-0.4147340640723607,0.6095617529880478,2390,2,False,False
ATOMUSDT,sun_element,fwd_vol_5d,0.0163424362531965,0.0177059989338958,0.0046543717313452,-0.0013635626806992,-0.2929638540721262,0.6095617529880478,2599,4,False,False
ETHUSDT,mars_sign,fwd_absret_1d,0.0022374483916136,0.0078439590139732,0.0089581288970871,-0.0056065106223595,-0.6258573287757255,0.6112956810631229,3223,12,False,False
DOGEUSDT,moon_decl_sign,fwd_absret_1d,0.0011074586327319,0.0012539747000878,0.0005383555124014,-0.0001465160673559,-0.2721548567457659,0.6135458167330677,2536,2,False,False
ADAUSDT,venus_out_of_bounds,fwd_absret_1d,0.0014559778598523,0.0019679113571442,0.0010414392788042,-0.0005119334972918,-0.4915634619424291,0.6135458167330677,2980,2,False,False
ATOMUSDT,moon_near_full,fwd_vol_5d,0.0017538450437732,0.0021361900187894,0.0009695181408375,-0.0003823449750162,-0.3943659833800738,0.6135458167330677,2599,2,False,False
AAVEUSDT,n_retrograde,fwd_ret_1d,0.0155922786364463,0.0174205464296764,0.0041366802382325,-0.0018282677932301,-0.4419649786639744,0.6135458167330677,2068,7,False,False
FILUSDT,aspect_conjunction_count_q5,fwd_ret_1d,0.0092279780012813,0.0101141930749317,0.0024000926668885,-0.0008862150736503,-0.3692420238087094,0.6135458167330677,2068,5,False,False
AVAXUSDT,venus_sign,fwd_vol_5d,0.0739733392530153,0.0779907392342426,0.0133908709141691,-0.0040173999812272,-0.3000103583237696,0.6135458167330677,2087,12,False,False
LTCUSDT,moon_decl_q4,fwd_vol_5d,0.0060755122133027,0.0066481135093798,0.0017182311592509,-0.000572601296077,-0.3332504436287367,0.6135458167330677,3101,4,False,False
BTCUSDT,sun_sign,fwd_ret_1d,0.0020679685356115,0.0074115454634562,0.0073737247720683,-0.0053435769278447,-0.7246781095066295,0.6146179401993356,3223,12,False,False
DOTUSDT,uranus_retrograde,fwd_vol_5d,0.0062192332464358,0.009385799868429,0.0056871224293984,-0.0031665666219931,-0.5567959299810725,0.6175298804780877,2122,2,False,False
ADAUSDT,moon_near_full,fwd_absret_1d,0.001414412523625,0.0017194615050621,0.0007669330768659,-0.0003050489814371,-0.3977517604060971,0.6175298804780877,2980,2,False,False
DOGEUSDT,mercury_out_of_bounds,fwd_ret_1d,0.001764320056121,0.0023353843519109,0.0012679270527026,-0.0005710642957898,-0.4503920746643927,0.6175298804780877,2536,2,False,False
LINKUSDT,mercury_sign,fwd_absret_1d,0.0248918463211725,0.0265868077939724,0.0042716104547358,-0.0016949614727999,-0.3967968265740998,0.6175298804780877,2706,12,False,False
UNIUSDT,mars_retrograde,fwd_ret_1d,0.0020280248385007,0.002865312235287,0.0016684683717777,-0.0008372873967862,-0.5018299483220877,0.6175298804780877,2096,2,False,False
LINKUSDT,venus_out_of_bounds,fwd_absret_1d,0.0020179478238914,0.0026193767656889,0.0013933461834898,-0.0006014289417975,-0.431643585007132,0.6175298804780877,2706,2,False,False
DOGEUSDT,jupiter_sign,fwd_vol_5d,0.1213809091567491,0.1251344443535758,0.0127240586673296,-0.0037535351968267,-0.2949951186930873,0.6175298804780877,2532,8,False,False
BNBUSDT,neptune_retrograde,fwd_ret_1d,0.0026576040343653,0.0069543200188519,0.0065438204602052,-0.0042967159844866,-0.6566066429566801,0.6179401993355482,3142,2,False,False
SOLUSDT,moon_near_new,fwd_vol_5d,0.0004285063312809,0.0026926523929341,0.003064808516851,-0.0022641460616531,-0.7387561243073857,0.6179401993355482,2129,2,False,False
ETHUSDT,jupiter_sign,fwd_ret_1d,0.0208669971193971,0.0242399298165823,0.0099258512817504,-0.0033729326971852,-0.3398129391064652,0.6179401993355482,3223,10,False,False
BTCUSDT,pluto_retrograde,fwd_absret_1d,0.0024811015040091,0.0064026392579774,0.0061805682947702,-0.0039215377539683,-0.6344946883422605,0.6179401993355482,3223,2,False,False
BTCUSDT,saturn_sign,fwd_ret_1d,0.0147881082836494,0.018825094402082,0.0111435816824247,-0.0040369861184326,-0.3622700702054882,0.6212624584717608,3223,5,False,False
BNBUSDT,aspect_square_count_q5,fwd_vol_5d,0.0109084985374403,0.0149964249425835,0.0104360284565121,-0.0040879264051432,-0.3917128457610048,0.6212624584717608,3138,5,False,False
ADAUSDT,moon_near_new,fwd_ret_1d,0.0012674296046462,0.0015328720584701,0.00069354491024,-0.0002654424538239,-0.3827328986266203,0.6215139442231076,2980,2,False,False
AVAXUSDT,jupiter_saturn_aspect,fwd_ret_1d,0.0030077279825772,0.004350726481085,0.0032020198104255,-0.0013429984985077,-0.4194222953071863,0.6215139442231076,2091,2,False,False
FILUSDT,hard_aspect_count_q5,fwd_absret_1d,0.008626482416541,0.009606299034189,0.0024062532799479,-0.0009798166176479,-0.4071959613782546,0.6215139442231076,2068,5,False,False
BCHUSDT,moon_out_of_bounds,fwd_ret_1d,0.0016292449190742,0.0019225133106286,0.0007885617301827,-0.0002932683915544,-0.3719028965385524,0.6215139442231076,2390,2,False,False
ADAUSDT,mars_retrograde,fwd_vol_5d,0.0038227156219573,0.0052617987779124,0.0031840363272746,-0.0014390831559551,-0.4519681963512314,0.6215139442231076,2976,2,False,False
FILUSDT,lunar_4phase,fwd_ret_1d,0.0043514592003547,0.0045776595133218,0.0007292694929981,-0.000226200312967,-0.3101738316752229,0.6215139442231076,2068,4,False,False
AAVEUSDT,mars_sign,fwd_vol_5d,0.0778950035693749,0.0823996324378287,0.0129944617866657,-0.0045046288684538,-0.3466575947821273,0.6215139442231076,2064,12,False,False
AAVEUSDT,moon_near_full,fwd_absret_1d,0.0015191126032019,0.0019905438733369,0.0010134861068134,-0.000471431270135,-0.4651580983356876,0.6215139442231076,2068,2,False,False
AAVEUSDT,pluto_out_of_bounds,fwd_absret_1d,0.0029080054968889,0.0043228468690864,0.0028430245561121,-0.0014148413721974,-0.4976535883785256,0.6215139442231076,2068,2,False,False
AVAXUSDT,harmonic_3_count_q5,fwd_ret_1d,0.0107264899674546,0.012333550954033,0.0033665992861726,-0.0016070609865784,-0.4773544012734129,0.6215139442231076,2091,5,False,False
BNBUSDT,mars_sign,fwd_absret_1d,0.0117957708718603,0.0174311893144949,0.0123775013935906,-0.0056354184426345,-0.4552953187751412,0.6245847176079734,3142,12,False,False
BNBUSDT,sun_element,fwd_vol_5d,0.019297678858003,0.0221134229867938,0.0087337605101682,-0.0028157441287908,-0.3223976803019278,0.6245847176079734,3138,4,False,False
BCHUSDT,mars_sign,fwd_absret_1d,0.0251608216048507,0.0266204392526391,0.0035995995915255,-0.0014596176477883,-0.405494447555977,0.6254980079681275,2390,12,False,False
DOTUSDT,jupiter_retrograde,fwd_vol_5d,0.007004955493231,0.0089040665198582,0.0043927096188273,-0.0018991110266271,-0.4323324761754052,0.6254980079681275,2122,2,False,False
LINKUSDT,jupiter_sign,fwd_ret_1d,0.0325214868651964,0.0335578996004351,0.0023952063694323,-0.0010364127352387,-0.432702897113784,0.6254980079681275,2706,8,False,False
BNBUSDT,lunar_8phase,fwd_vol_5d,0.0182957636697631,0.0226765507892976,0.0085377607206791,-0.0043807871195345,-0.5131072728384016,0.627906976744186,3138,8,False,False
BNBUSDT,sun_sign,fwd_vol_5d,0.0881851088221465,0.0939304635879021,0.0170577705033984,-0.0057453547657555,-0.3368174501240291,0.627906976744186,3138,12,False,False
UNIUSDT,aspect_conjunction_count_q5,fwd_absret_1d,0.0123438622863755,0.0133638728980067,0.0030794952604245,-0.0010200106116312,-0.3312265567476944,0.6294820717131474,2096,5,False,False
DOTUSDT,sun_element,fwd_ret_1d,0.0065201389614038,0.0074798027174151,0.0023347765655445,-0.0009596637560113,-0.4110302331167451,0.6294820717131474,2126,4,False,False
DOGEUSDT,neptune_retrograde,fwd_ret_1d,0.0043255766847379,0.0051518994720642,0.0016363014582864,-0.0008263227873263,-0.5049942253254773,0.6294820717131474,2536,2,False,False
UNIUSDT,pluto_out_of_bounds,fwd_absret_1d,0.0028591763140608,0.0043383012870854,0.0028882258378884,-0.0014791249730245,-0.512122339472558,0.6294820717131474,2096,2,False,False
ETHUSDT,moon_near_new,fwd_vol_5d,0.00014013347572,0.0020411369504998,0.0023184089816986,-0.0019010034747797,-0.8199603649684659,0.6312292358803987,3219,2,False,False
SOLUSDT,saturn_retrograde,fwd_vol_5d,0.007357212474448,0.010672760274771,0.007702035423305,-0.0033155478003229,-0.4304768308765097,0.6312292358803987,2129,2,False,False
AVAXUSDT,moon_void_of_course,fwd_ret_1d,0.0018651914315206,0.0024173162435328,0.0011730729211334,-0.0005521248120121,-0.4706653798458701,0.6334661354581673,2091,2,False,False
FILUSDT,mars_retrograde,fwd_ret_1d,0.0018162290881022,0.0024513467883119,0.0011563893499671,-0.0006351177002096,-0.5492247920025415,0.6334661354581673,2068,2,False,False
LINKUSDT,lunar_4phase,fwd_ret_1d,0.004324801173043,0.0047803856580307,0.0011408702310806,-0.0004555844849877,-0.399330679840907,0.6334661354581673,2706,4,False,False
AAVEUSDT,venus_retrograde,fwd_ret_1d,0.0021691140406953,0.0028816887820395,0.0015438900395763,-0.0007125747413442,-0.4615450084384128,0.6334661354581673,2068,2,False,False
BCHUSDT,n_retrograde,fwd_ret_1d,0.0129663322368606,0.014288669249105,0.0031497467086653,-0.0013223370122444,-0.4198232856649951,0.6374501992031872,2390,7,False,False
ATOMUSDT,moon_decl_q4,fwd_absret_1d,0.0039106434340678,0.004280681547392,0.0009235475149563,-0.0003700381133242,-0.400670357866456,0.6374501992031872,2603,4,False,False
FILUSDT,lunar_4phase,fwd_absret_1d,0.0071002170361768,0.007425886705148,0.0008993904434061,-0.0003256696689711,-0.3621004329752752,0.6374501992031872,2068,4,False,False
FILUSDT,pluto_retrograde,fwd_vol_5d,0.0071290610003613,0.0106443368792637,0.0066492002263935,-0.0035152758789024,-0.5286764963023336,0.6374501992031872,2064,2,False,False
AAVEUSDT,jupiter_retrograde,fwd_ret_1d,0.0021161380033537,0.0027524027740699,0.0014010462013533,-0.0006362647707161,-0.4541354668400949,0.6374501992031872,2068,2,False,False
AAVEUSDT,pluto_retrograde,fwd_vol_5d,0.0053207916887978,0.0076622393678812,0.0041673291887335,-0.0023414476790833,-0.5618581045657554,0.6374501992031872,2064,2,False,False
ATOMUSDT,lunar_4phase,fwd_ret_1d,0.0037177373620657,0.0041746220001766,0.0010287277294978,-0.0004568846381109,-0.444125909130445,0.6374501992031872,2603,4,False,False
DOTUSDT,mars_retrograde,fwd_vol_5d,0.0060652399954038,0.0072946458546614,0.003266728427147,-0.0012294058592576,-0.3763416172097648,0.6374501992031872,2122,2,False,False
BNBUSDT,mercury_sign,fwd_vol_5d,0.0896797149036126,0.0965308141455785,0.0163152138150309,-0.0068510992419659,-0.419920898349128,0.6378737541528239,3138,12,False,False
AAVEUSDT,harmonic_4_count_q5,fwd_vol_5d,0.0137704834763926,0.0155690333718355,0.0045571098211301,-0.0017985498954429,-0.3946689823237345,0.6414342629482072,2064,5,False,False
LTCUSDT,aspect_square_count_q5,fwd_absret_1d,0.0060725351841102,0.006667374717953,0.0015818674068778,-0.0005948395338428,-0.3760362791827757,0.6414342629482072,3105,5,False,False
AAVEUSDT,hard_aspect_count_q5,fwd_absret_1d,0.0087292685344789,0.0097829550375907,0.0023118639191353,-0.0010536865031118,-0.4557735835532756,0.6414342629482072,2068,5,False,False
FILUSDT,mercury_sign,fwd_absret_1d,0.0301995950669214,0.0317538912813042,0.0047084438915455,-0.0015542962143827,-0.3301082587335623,0.6414342629482072,2068,12,False,False
ATOMUSDT,uranus_retrograde,fwd_absret_1d,0.0013114405943964,0.0015498754842507,0.0004537339983304,-0.0002384348898542,-0.5254948730568745,0.6454183266932271,2603,2,False,False
UNIUSDT,jupiter_retrograde,fwd_vol_5d,0.0047095331446069,0.0063940769672529,0.0032114180881632,-0.0016845438226459,-0.5245482763066238,0.6454183266932271,2092,2,False,False
BCHUSDT,moon_near_full,fwd_vol_5d,0.0018782707948323,0.0023915194039369,0.0010623950097854,-0.0005132486091046,-0.4831052521681867,0.6454183266932271,2386,2,False,False
LINKUSDT,harmonic_3_count_q5,fwd_absret_1d,0.0077865390334934,0.0090050133329724,0.0026371579679662,-0.0012184742994789,-0.4620406946720032,0.6454183266932271,2706,5,False,False
ATOMUSDT,mars_saturn_hard_aspect,fwd_absret_1d,0.001893812208286,0.0025072542705382,0.0012047484646687,-0.0006134420622522,-0.5091868387821078,0.6454183266932271,2603,2,False,False
BNBUSDT,harmonic_3_count_q5,fwd_ret_1d,0.0002150769273425,0.0067401229052018,0.0077705147610509,-0.0065250459778593,-0.839718625922388,0.6478405315614618,3142,5,False,False
DOTUSDT,mars_out_of_bounds,fwd_absret_1d,0.0023337963181853,0.0034634671400317,0.0019137032043268,-0.0011296708218463,-0.5903061766799528,0.649402390438247,2126,2,False,False
UNIUSDT,venus_out_of_bounds,fwd_vol_5d,0.0060568410555054,0.0081369487005627,0.0041230622614206,-0.0020801076450573,-0.5045055139042731,0.649402390438247,2092,2,False,False
ADAUSDT,moon_decl_q4,fwd_ret_1d,0.0043603032610323,0.0048515431727713,0.0011264446584068,-0.000491239911739,-0.4360976884863457,0.649402390438247,2980,4,False,False
NEARUSDT,aspect_conjunction_count_q5,fwd_vol_5d,0.0254111437521951,0.0296632559509033,0.0086204982544501,-0.0042521121987082,-0.4932559665577511,0.649402390438247,2065,5,False,False
BCHUSDT,mars_sign,fwd_vol_5d,0.0618811483515465,0.0662287533446909,0.0105041891819949,-0.0043476049931443,-0.4138924878272881,0.649402390438247,2386,12,False,False
UNIUSDT,n_retrograde,fwd_vol_5d,0.035677791907078,0.0394765185561865,0.0099854144268476,-0.0037987266491085,-0.3804275402826506,0.649402390438247,2092,7,False,False
AAVEUSDT,jupiter_saturn_aspect,fwd_vol_5d,0.0055732961462555,0.0105810158643282,0.008361693775439,-0.0050077197180727,-0.5988881980803926,0.6533864541832669,2064,2,False,False
LINKUSDT,lunar_8phase,fwd_ret_1d,0.0104256711563286,0.0109685367459186,0.0015338667711937,-0.0005428655895899,-0.3539196492061977,0.6533864541832669,2706,8,False,False
AAVEUSDT,neptune_retrograde,fwd_absret_1d,0.0025212653948435,0.0034881639436453,0.0016568812905502,-0.0009668985488017,-0.5835653732807085,0.6533864541832669,2068,2,False,False
DOGEUSDT,mars_saturn_hard_aspect,fwd_absret_1d,0.0018623439009815,0.0027012512483302,0.0016081857739078,-0.0008389073473487,-0.5216482827790355,0.6533864541832669,2536,2,False,False
ADAUSDT,mars_saturn_hard_aspect,fwd_vol_5d,0.0033970462584438,0.0049912491895839,0.0027758873427328,-0.0015942029311401,-0.5743039015303399,0.6573705179282868,2976,2,False,False
UNIUSDT,mars_retrograde,fwd_vol_5d,0.0051411647175889,0.0077496450859346,0.0048015771205413,-0.0026084803683457,-0.5432549145543235,0.6573705179282868,2092,2,False,False
ETHUSDT,eclipse_window,fwd_vol_5d,0.0011304483816527,0.0027403746824274,0.0023938205505286,-0.0016099263007746,-0.6725342467375681,0.6578073089700996,3219,2,False,False
ETHUSDT,n_retrograde,fwd_vol_5d,0.0444332113502459,0.0499823645084047,0.0128961886664151,-0.0055491531581587,-0.4302940428136056,0.6578073089700996,3219,7,False,False
SOLUSDT,eclipse_window,fwd_vol_5d,0.0018638388586336,0.0037824387489973,0.0034479464107362,-0.0019185998903637,-0.5564471316577129,0.6578073089700996,2129,2,False,False
BTCUSDT,aspect_square_count_q5,fwd_vol_5d,0.0096600742502523,0.0140662369007726,0.0099156994079493,-0.0044061626505202,-0.4443622652566353,0.6611295681063123,3219,5,False,False
LTCUSDT,pluto_out_of_bounds,fwd_absret_1d,0.0019900293757508,0.0029967465354385,0.001660437188428,-0.0010067171596876,-0.6062964421079513,0.6613545816733067,3105,2,False,False
XRPUSDT,moon_decl_q4,fwd_absret_1d,0.0044413305489193,0.0048965012190755,0.0011111969532908,-0.0004551706701562,-0.409621956583103,0.6613545816733067,2963,4,False,False
FILUSDT,aspect_conjunction_count_q5,fwd_absret_1d,0.0092461996690687,0.0102188987028569,0.0025155785759997,-0.0009726990337882,-0.3866701056641282,0.6613545816733067,2068,5,False,False
AVAXUSDT,venus_out_of_bounds,fwd_absret_1d,0.0021530886892341,0.0029405601541819,0.0015119656719303,-0.0007874714649477,-0.5208262856539433,0.6613545816733067,2091,2,False,False
AAVEUSDT,sun_sign,fwd_vol_5d,0.067042843209324,0.069196367491977,0.0073746303710712,-0.0021535242826529,-0.292017928261287,0.6613545816733067,2064,12,False,False
NEARUSDT,aspect_square_count_q5,fwd_vol_5d,0.0143070468187166,0.0165276631986314,0.0040829571006345,-0.0022206163799148,-0.5438745314198214,0.6653386454183267,2065,5,False,False
DOGEUSDT,saturn_retrograde,fwd_vol_5d,0.006123206835283,0.0097694539916019,0.0055841864892139,-0.0036462471563189,-0.6529594173406873,0.6653386454183267,2532,2,False,False
AVAXUSDT,sun_sign,fwd_vol_5d,0.078674438295297,0.0826389152981081,0.0088618030759982,-0.0039644770028111,-0.4473668585063357,0.6653386454183267,2087,12,False,False
DOGEUSDT,aspect_square_count_q5,fwd_vol_5d,0.0129131484514966,0.0146365703831353,0.0036999011447182,-0.0017234219316387,-0.4658021563897642,0.6653386454183267,2532,5,False,False
DOTUSDT,n_retrograde,fwd_vol_5d,0.0432053212665748,0.0481063629489745,0.0108720189354061,-0.0049010416823997,-0.4507940715996055,0.6653386454183267,2122,7,False,False
AVAXUSDT,sun_sign,fwd_ret_1d,0.0311133182627967,0.0332891451336938,0.0045222087522507,-0.002175826870897,-0.4811425102421758,0.6693227091633466,2091,12,False,False
LINKUSDT,sun_sign,fwd_ret_1d,0.0208248437703463,0.022085489393882,0.0025350233283908,-0.0012606456235356,-0.4972915276231144,0.6693227091633466,2706,12,False,False
XRPUSDT,moon_decl_sign,fwd_ret_1d,0.0009052502111639,0.0013031839361371,0.0007314704138669,-0.0003979337249731,-0.5440188932173681,0.6693227091633466,2963,2,False,False
ADAUSDT,hard_aspect_count_q5,fwd_absret_1d,0.0057628706967332,0.0066248893923946,0.001673774938215,-0.0008620186956613,-0.5150146987985463,0.6693227091633466,2980,5,False,False
ADAUSDT,lunar_8phase,fwd_vol_5d,0.0183545413694021,0.0196203941422985,0.001995835967978,-0.0012658527728963,-0.634246898646065,0.6693227091633466,2976,8,False,False
ADAUSDT,moon_decl_sign,fwd_absret_1d,0.0012183145641694,0.0014866838423248,0.0005910050220068,-0.0002683692781553,-0.4540896746428392,0.6693227091633466,2980,2,False,False
LINKUSDT,jupiter_saturn_aspect,fwd_absret_1d,0.0020691019270636,0.0034842598942367,0.0022152594651839,-0.0014151579671731,-0.6388226703979764,0.6693227091633466,2706,2,False,False
UNIUSDT,venus_retrograde,fwd_ret_1d,0.0019208099035115,0.0027521697900271,0.0013545371736935,-0.0008313598865156,-0.6137593730622308,0.6693227091633466,2096,2,False,False
UNIUSDT,moon_near_full,fwd_ret_1d,0.0014695102370138,0.0021024334020753,0.0009863050320043,-0.0006329231650614,-0.6417113818990233,0.6693227091633466,2096,2,False,False
BCHUSDT,jupiter_retrograde,fwd_ret_1d,0.0015656419739732,0.0032574181974884,0.002490548847875,-0.0016917762235152,-0.6792784750874103,0.6693227091633466,2390,2,False,False
FILUSDT,neptune_retrograde,fwd_ret_1d,0.0024302045934599,0.0039565195336004,0.0025248904290657,-0.0015263149401404,-0.604507396665626,0.6733067729083665,2068,2,False,False
NEARUSDT,jupiter_saturn_aspect,fwd_vol_5d,0.007106062849539,0.0128499807164664,0.0091824921001256,-0.0057439178669273,-0.6255293012284493,0.6733067729083665,2065,2,False,False
UNIUSDT,eclipse_window,fwd_absret_1d,0.0018164198327218,0.0023142487781994,0.0009376860999748,-0.0004978289454775,-0.5309121522553588,0.6733067729083665,2096,2,False,False
LTCUSDT,venus_out_of_bounds,fwd_absret_1d,0.001331608450407,0.0019355486209799,0.0010498657765986,-0.0006039401705729,-0.5752546506750362,0.6733067729083665,3105,2,False,False
LINKUSDT,moon_near_new,fwd_absret_1d,0.0010046540744131,0.0014057195953214,0.0006377676791911,-0.0004010655209083,-0.6288583350869152,0.6733067729083665,2706,2,False,False
DOTUSDT,mars_sign,fwd_ret_1d,0.0313188802213772,0.0332461971241739,0.0042726436581158,-0.0019273169027967,-0.4510829961529256,0.6733067729083665,2126,12,False,False
LINKUSDT,eclipse_window,fwd_absret_1d,0.0011408746298772,0.0015389075221976,0.0007163634279218,-0.0003980328923203,-0.5556298336935316,0.6772908366533864,2706,2,False,False
AVAXUSDT,n_retrograde,fwd_ret_1d,0.0160103963319124,0.0182296534243545,0.0041821496223077,-0.002219257092442,-0.5306498554247057,0.6772908366533864,2091,7,False,False
BCHUSDT,sun_sign,fwd_absret_1d,0.0214188886691704,0.0227423789697436,0.0028179801210864,-0.0013234903005732,-0.4696592040056611,0.6772908366533864,2390,12,False,False
AAVEUSDT,aspect_conjunction_count_q5,fwd_ret_1d,0.0112224469118835,0.0133800567730142,0.0036639833644862,-0.0021576098611306,-0.5888699938006363,0.6772908366533864,2068,5,False,False
BCHUSDT,jupiter_saturn_aspect,fwd_ret_1d,0.0018364100663878,0.0026381115418617,0.0014070406406824,-0.0008017014754738,-0.5697784785271047,0.6812749003984063,2390,2,False,False
DOTUSDT,moon_near_new,fwd_absret_1d,0.0014385863641,0.0020952137426387,0.00104341847995,-0.0006566273785386,-0.6293039572866965,0.6812749003984063,2126,2,False,False
AAVEUSDT,aspect_conjunction_count_q5,fwd_absret_1d,0.0109827194041165,0.013371216385702,0.0039095860637421,-0.0023884969815855,-0.6109334703580592,0.6812749003984063,2068,5,False,False
BTCUSDT,neptune_retrograde,fwd_ret_1d,0.0059787731909284,0.0092225304061979,0.0058580129412972,-0.0032437572152694,-0.5537299503730948,0.6843853820598007,3223,2,False,False
ADAUSDT,jupiter_retrograde,fwd_absret_1d,0.0011604045243268,0.0015854362230256,0.0007711927080035,-0.0004250316986987,-0.5511355259038248,0.6852589641434262,2980,2,False,False
AAVEUSDT,moon_sign,fwd_absret_1d,0.0251639062794452,0.0265836054147657,0.0026076298122769,-0.0014196991353204,-0.5444404449728236,0.6852589641434262,2068,12,False,False
AAVEUSDT,moon_near_full,fwd_ret_1d,0.0017327735195213,0.0021402102965971,0.0009131110034523,-0.0004074367770758,-0.446207279876595,0.6852589641434262,2068,2,False,False
NEARUSDT,venus_out_of_bounds,fwd_ret_1d,0.001957726049958,0.0027757692793217,0.0014101467298321,-0.0008180432293637,-0.5801121344734583,0.6852589641434262,2069,2,False,False
DOTUSDT,sun_sign,fwd_absret_1d,0.0276632092442484,0.029801014424719,0.0036828619486816,-0.0021378051804706,-0.5804738842399209,0.6852589641434262,2126,12,False,False
XRPUSDT,moon_void_of_course,fwd_absret_1d,0.0010853195963294,0.0015005183275764,0.0007126689367478,-0.000415198731247,-0.5825969252170684,0.6852589641434262,2963,2,False,False
DOTUSDT,pluto_out_of_bounds,fwd_vol_5d,0.0091214094183285,0.0142935815568014,0.0086337902345307,-0.0051721721384729,-0.5990615938046399,0.6852589641434262,2122,2,False,False
XRPUSDT,pluto_out_of_bounds,fwd_ret_1d,0.0016043744946656,0.0027753366056014,0.0021463512204273,-0.0011709621109358,-0.5455594125470045,0.6852589641434262,2963,2,False,False
ADAUSDT,jupiter_saturn_aspect,fwd_ret_1d,0.0015593985933254,0.0025343594345236,0.0016753194791194,-0.0009749608411981,-0.5819551753260733,0.6852589641434262,2980,2,False,False
LINKUSDT,n_retrograde,fwd_vol_5d,0.0266299963368399,0.0306006590712748,0.0076244308185946,-0.0039706627344348,-0.5207815283405947,0.6852589641434262,2702,7,False,False
XRPUSDT,venus_retrograde,fwd_vol_5d,0.0038276141431796,0.0050822808332859,0.0024877944896089,-0.0012546666901062,-0.5043289127565711,0.6852589641434262,2959,2,False,False
LTCUSDT,jupiter_saturn_aspect,fwd_absret_1d,0.00158963056436,0.0026129175876046,0.0016489407953642,-0.0010232870232445,-0.6205723250473345,0.6852589641434262,3105,2,False,False
BNBUSDT,lunar_4phase,fwd_vol_5d,0.0157940405942222,0.0198504854275718,0.0077128119751651,-0.0040564448333495,-0.5259359162924104,0.6877076411960132,3138,4,False,False
BNBUSDT,mars_retrograde,fwd_vol_5d,0.0064589043825953,0.0102757261415302,0.0065332765715475,-0.0038168217589348,-0.5842124877365746,0.6877076411960132,3138,2,False,False
FILUSDT,mars_out_of_bounds,fwd_absret_1d,0.0025441747478075,0.0038660562124656,0.0021869125804679,-0.0013218814646581,-0.6044509855877591,0.6892430278884463,2068,2,False,False
BCHUSDT,moon_near_full,fwd_ret_1d,0.0013980254482343,0.0019443701744355,0.0010231229938533,-0.0005463447262011,-0.533997114211549,0.6892430278884463,2390,2,False,False
DOGEUSDT,neptune_retrograde,fwd_absret_1d,0.003538185447306,0.0046727610200996,0.0018224170669967,-0.0011345755727936,-0.6225663671287677,0.6932270916334662,2536,2,False,False
XRPUSDT,hard_aspect_count_q5,fwd_absret_1d,0.0060499998659101,0.0069856510910395,0.0016924157099024,-0.0009356512251293,-0.5528495272496158,0.6932270916334662,2963,5,False,False
DOTUSDT,hard_aspect_count_q5,fwd_ret_1d,0.0086292148939964,0.0098690548583452,0.0025390863522457,-0.0012398399643488,-0.4883016141818818,0.6932270916334662,2126,5,False,False
ATOMUSDT,lunar_8phase,fwd_absret_1d,0.0087529387401132,0.0099674666652034,0.0018818308095779,-0.0012145279250901,-0.645396981975516,0.6932270916334662,2603,8,False,False
NEARUSDT,venus_out_of_bounds,fwd_absret_1d,0.0017922367436797,0.0027240570605651,0.0014837667579757,-0.0009318203168853,-0.6280099698126487,0.6932270916334662,2069,2,False,False
NEARUSDT,mercury_retrograde,fwd_ret_1d,0.0025014864215283,0.0030499065674985,0.0010911495905237,-0.0005484201459701,-0.5026076632691183,0.6972111553784861,2069,2,False,False
UNIUSDT,sun_element,fwd_vol_5d,0.0182978309656677,0.0202492675338369,0.0041893343835595,-0.0019514365681691,-0.4658106490203592,0.6972111553784861,2092,4,False,False
UNIUSDT,venus_sign,fwd_vol_5d,0.0647314886931009,0.0719575993327982,0.0113954000355686,-0.0072261106396973,-0.6341252274726966,0.6972111553784861,2092,12,False,False
LINKUSDT,venus_retrograde,fwd_absret_1d,0.0015171114667502,0.0023517473362718,0.0013595582725347,-0.0008346358695216,-0.6139022404428136,0.6972111553784861,2706,2,False,False
SOLUSDT,moon_sign,fwd_vol_5d,0.0186355222520906,0.0238811117480797,0.0103155945636101,-0.0052455894959891,-0.5085106305451081,0.6976744186046512,2129,12,False,False
BTCUSDT,sun_sign,fwd_absret_1d,0.0094063867846805,0.0154621581698134,0.0096800992351614,-0.0060557713851329,-0.6255898041970753,0.7009966777408638,3223,12,False,False
AAVEUSDT,harmonic_3_count_q5,fwd_absret_1d,0.0103036060368923,0.0125442063588323,0.0035012982255309,-0.0022406003219399,-0.6399341551661707,0.701195219123506,2068,5,False,False
FILUSDT,n_retrograde,fwd_absret_1d,0.0148253692122868,0.0167865427322601,0.0032782861144062,-0.0019611735199733,-0.5982313475797878,0.701195219123506,2068,7,False,False
XRPUSDT,eclipse_window,fwd_vol_5d,0.0017618106642983,0.0025610637022823,0.0012124816130041,-0.000799253037984,-0.6591877595601181,0.7051792828685259,2959,2,False,False
LINKUSDT,jupiter_retrograde,fwd_absret_1d,0.0017009855301387,0.0025627849142033,0.0012431550374958,-0.0008617993840646,-0.6932356448481563,0.7051792828685259,2706,2,False,False
XRPUSDT,mars_sign,fwd_ret_1d,0.0205354062503995,0.0231987330537272,0.0038804558066536,-0.0026633268033276,-0.6863438049625368,0.7051792828685259,2963,12,False,False
FILUSDT,venus_sign,fwd_absret_1d,0.0326765007176715,0.0353168066153375,0.0046598244070956,-0.002640305897666,-0.5666105988126072,0.7051792828685259,2068,12,False,False
BCHUSDT,sun_element,fwd_ret_1d,0.0054501266197268,0.0061773024758636,0.0014014179882204,-0.0007271758561367,-0.5188857730163322,0.7051792828685259,2390,4,False,False
BCHUSDT,sun_modality,fwd_absret_1d,0.0031014124164616,0.0035724089257533,0.0008387295025859,-0.0004709965092917,-0.5615594871047045,0.7051792828685259,2390,3,False,False
ATOMUSDT,neptune_retrograde,fwd_vol_5d,0.0027725228678818,0.0035290091149825,0.0014924710784484,-0.0007564862471006,-0.5068682790738542,0.7051792828685259,2599,2,False,False
BNBUSDT,mars_out_of_bounds,fwd_vol_5d,0.0078198262733586,0.0122881412846857,0.0075604650845307,-0.0044683150113271,-0.5910106007194761,0.707641196013289,3138,2,False,False
DOGEUSDT,moon_sign,fwd_absret_1d,0.0184133256183746,0.0197428601628574,0.0020698143815279,-0.0013295345444827,-0.6423448191046148,0.7091633466135459,2536,12,False,False
AVAXUSDT,venus_sign,fwd_absret_1d,0.0303053505861343,0.0330516738270687,0.0048961872468754,-0.0027463232409344,-0.5609105825531869,0.7091633466135459,2091,12,False,False
DOGEUSDT,moon_out_of_bounds,fwd_ret_1d,0.0014442922202332,0.0018323375826108,0.0007314681496806,-0.0003880453623776,-0.5305020629360904,0.7091633466135459,2536,2,False,False
BCHUSDT,sun_modality,fwd_vol_5d,0.0063408682261421,0.0075904075370634,0.0020532305022263,-0.0012495393109213,-0.6085723495566855,0.7131474103585658,2386,3,False,False
UNIUSDT,eclipse_window,fwd_vol_5d,0.0025245493746348,0.003533155345274,0.001711314654631,-0.0010086059706391,-0.5893749392665555,0.7131474103585658,2092,2,False,False
LINKUSDT,moon_void_of_course,fwd_vol_5d,0.0012549221363109,0.0017453968034678,0.0007618869707527,-0.0004904746671569,-0.6437630330812975,0.7131474103585658,2702,2,False,False
ATOMUSDT,sun_sign,fwd_absret_1d,0.0202976468715643,0.0216592160782419,0.0022713201604567,-0.0013615692066775,-0.5994615952353437,0.7131474103585658,2603,12,False,False
DOTUSDT,neptune_retrograde,fwd_absret_1d,0.0026672787760894,0.0036802183216464,0.0015023193052308,-0.0010129395455569,-0.674250501893987,0.7131474103585658,2126,2,False,False
SOLUSDT,jupiter_saturn_aspect,fwd_absret_1d,5.57432866667984e-05,0.0064016709596158,0.0069020208159614,-0.006345927672949,-0.9194303874415504,0.7142857142857143,2133,2,False,False
LTCUSDT,moon_sign,fwd_vol_5d,0.0192087852798565,0.0207606104234924,0.0026427059233653,-0.0015518251436358,-0.5872106805057222,0.7171314741035857,3101,12,False,False
DOTUSDT,neptune_retrograde,fwd_vol_5d,0.0049854627801962,0.0088114311110669,0.0053830119836109,-0.0038259683308706,-0.7107486185279086,0.7171314741035857,2122,2,False,False
NEARUSDT,moon_decl_q4,fwd_absret_1d,0.006054230827024,0.0073284411157273,0.0018782469297159,-0.0012742102887033,-0.6784040311973422,0.7171314741035857,2069,4,False,False
NEARUSDT,moon_near_new,fwd_vol_5d,0.0018328201284966,0.002517844813718,0.0011045088834562,-0.0006850246852213,-0.6202074926529697,0.7171314741035857,2065,2,False,False
XRPUSDT,aspect_square_count_q5,fwd_ret_1d,0.005875774978925,0.0069471869663609,0.0017519821949402,-0.0010714119874358,-0.6115427374377108,0.7171314741035857,2963,5,False,False
ETHUSDT,aspect_trine_count_q5,fwd_vol_5d,0.0095392826238129,0.0163377431151652,0.0102004672035847,-0.0067984604913522,-0.6664852065759361,0.717607973421927,3219,5,False,False
SOLUSDT,venus_out_of_bounds,fwd_vol_5d,0.005051795901604,0.0110592613455329,0.0082861688106126,-0.0060074654439288,-0.72499916200533,0.717607973421927,2129,2,False,False
SOLUSDT,mercury_sign,fwd_ret_1d,0.0010284960248094,0.0107492864940548,0.0107090467992925,-0.0097207904692453,-0.9077176196379628,0.7209302325581395,2133,12,False,False
AVAXUSDT,moon_void_of_course,fwd_vol_5d,0.0015563471292694,0.0022458453827634,0.0010199568830803,-0.0006894982534939,-0.6760072557299344,0.7211155378486056,2087,2,False,False
AVAXUSDT,aspect_square_count_q5,fwd_vol_5d,0.0146522614599956,0.0168903639015742,0.0041221515934761,-0.0022381024415786,-0.5429452049072324,0.7211155378486056,2087,5,False,False
AVAXUSDT,mercury_out_of_bounds,fwd_vol_5d,0.003921092290772,0.0062632759709122,0.0037821204464047,-0.0023421836801401,-0.6192779191806478,0.7211155378486056,2087,2,False,False
FILUSDT,mars_sign,fwd_ret_1d,0.0295288596445805,0.0336181478603191,0.0056798005435046,-0.0040892882157386,-0.7199703905826575,0.7211155378486056,2068,12,False,False
BCHUSDT,harmonic_3_count_q5,fwd_absret_1d,0.007890148177444,0.0093479031319567,0.0022106240293371,-0.0014577549545126,-0.6594314253200937,0.7211155378486056,2390,5,False,False
UNIUSDT,jupiter_saturn_aspect,fwd_vol_5d,0.0061605051116421,0.0104570214588009,0.0060006046834407,-0.0042965163471587,-0.7160138975685885,0.7250996015936255,2092,2,False,False
DOTUSDT,lunar_4phase,fwd_ret_1d,0.0051320874067133,0.0064586223047127,0.0017568284441518,-0.0013265348979993,-0.7550736683568628,0.7250996015936255,2126,4,False,False
AVAXUSDT,pluto_out_of_bounds,fwd_ret_1d,0.0025429385532929,0.0047579902679685,0.0028626417447598,-0.0022150517146755,-0.7737788770565751,0.7250996015936255,2091,2,False,False
FILUSDT,moon_decl_sign,fwd_absret_1d,0.0019878923150757,0.0024682342054972,0.0008324444938794,-0.0004803418904214,-0.5770257283856569,0.7250996015936255,2068,2,False,False
FILUSDT,jupiter_saturn_aspect,fwd_ret_1d,0.0020770752425489,0.0031317773196373,0.0016655972319118,-0.0010547020770884,-0.6332275635915829,0.7250996015936255,2068,2,False,False
LINKUSDT,jupiter_saturn_aspect,fwd_vol_5d,0.0043809393546796,0.008240401042212,0.0065192861972936,-0.0038594616875324,-0.5920067888927207,0.7250996015936255,2702,2,False,False
BCHUSDT,jupiter_sign,fwd_absret_1d,0.0245907431280377,0.0283433562360485,0.0049683781136134,-0.0037526131080108,-0.7552994200921652,0.7250996015936255,2390,8,False,False
DOGEUSDT,moon_near_full,fwd_vol_5d,0.0015208925966758,0.0022073481232608,0.0009324256914019,-0.000686455526585,-0.7362040030802557,0.7250996015936255,2532,2,False,False
ADAUSDT,moon_near_new,fwd_absret_1d,0.0011630923565181,0.0016178890234088,0.0007047188386081,-0.0004547966668907,-0.645359031112242,0.7250996015936255,2980,2,False,False
ETHUSDT,pluto_retrograde,fwd_vol_5d,0.0056965938990622,0.0107120821336903,0.0069669463101131,-0.005015488234628,-0.7198976440148043,0.7275747508305648,3219,2,False,False
LINKUSDT,sun_sign,fwd_vol_5d,0.0497678158331009,0.0540612091081776,0.0062249376170687,-0.0042933932750766,-0.6897086427507665,0.7290836653386454,2702,12,False,False
AVAXUSDT,mars_retrograde,fwd_ret_1d,0.0019454388594274,0.0032294501198314,0.001680897854406,-0.0012840112604039,-0.7638841688317325,0.7290836653386454,2091,2,False,False
UNIUSDT,moon_out_of_bounds,fwd_absret_1d,0.0018816501255783,0.0028017003788661,0.0013461077682431,-0.0009200502532878,-0.6834892978060952,0.7290836653386454,2096,2,False,False
LTCUSDT,mars_saturn_hard_aspect,fwd_vol_5d,0.0025891286050103,0.0040122999892452,0.0022910463712492,-0.0014231713842349,-0.6211883801631204,0.7290836653386454,3101,2,False,False
DOGEUSDT,moon_out_of_bounds,fwd_absret_1d,0.0016573584935963,0.0023105027079217,0.0009914415892468,-0.0006531442143253,-0.6587823442241796,0.7290836653386454,2536,2,False,False
ATOMUSDT,sun_sign,fwd_vol_5d,0.044494138306943,0.0478968109587375,0.0058337216507307,-0.0034026726517945,-0.583276483780868,0.7290836653386454,2599,12,False,False
BNBUSDT,moon_sign,fwd_vol_5d,0.010935693729583,0.0162841837498539,0.0085322650865558,-0.0053484900202709,-0.6268546471555837,0.7308970099667774,3138,12,False,False
NEARUSDT,moon_near_new,fwd_absret_1d,0.0014506397769131,0.0019848423711304,0.0008221606906648,-0.0005342025942173,-0.6497544826490665,0.7330677290836654,2069,2,False,False
FILUSDT,eclipse_window,fwd_absret_1d,0.001574085906002,0.0023585360754001,0.0010824232292943,-0.0007844501693981,-0.7247166802855042,0.7330677290836654,2068,2,False,False
LINKUSDT,mars_sign,fwd_absret_1d,0.0265660171066868,0.029828028060976,0.0044941106051283,-0.0032620109542891,-0.7258412711442302,0.7330677290836654,2706,12,False,False
DOTUSDT,jupiter_sign,fwd_vol_5d,0.1301579802595688,0.1392857031022802,0.0131527618191139,-0.0091277228427114,-0.6939776579430454,0.7330677290836654,2122,7,False,False
XRPUSDT,moon_void_of_course,fwd_vol_5d,0.0011486819861846,0.001611547009269,0.000672507383783,-0.0004628650230843,-0.6882675703582566,0.7330677290836654,2959,2,False,False
BCHUSDT,mercury_retrograde,fwd_absret_1d,0.0012681335080248,0.0019987373634793,0.001033645946056,-0.0007306038554544,-0.706822155344559,0.7330677290836654,2390,2,False,False
BCHUSDT,moon_perigee_q4,fwd_ret_1d,0.005432345654661,0.0063717640316537,0.0014601110900749,-0.0009394183769926,-0.643388289684482,0.7330677290836654,2390,4,False,False
UNIUSDT,venus_out_of_bounds,fwd_absret_1d,0.0020944777352524,0.0030963271807733,0.001339200532971,-0.0010018494455208,-0.748095166373757,0.7330677290836654,2096,2,False,False
DOTUSDT,pluto_out_of_bounds,fwd_ret_1d,0.0024103766139674,0.0042733311414901,0.0027926578374898,-0.0018629545275227,-0.6670901470683552,0.7330677290836654,2126,2,False,False
AAVEUSDT,moon_decl_sign,fwd_vol_5d,0.0043305533618554,0.0057273133057978,0.0020606656188795,-0.0013967599439423,-0.6778197933451389,0.7330677290836654,2064,2,False,False
BCHUSDT,jupiter_sign,fwd_ret_1d,0.0235380772961997,0.0260762859721415,0.0039686222592156,-0.0025382086759418,-0.6395692283506776,0.7330677290836654,2390,8,False,False
UNIUSDT,jupiter_saturn_aspect,fwd_absret_1d,0.0028214873911223,0.0047084629346231,0.0025965414076618,-0.0018869755435007,-0.7267265362811961,0.7370517928286853,2096,2,False,False
AVAXUSDT,mars_retrograde,fwd_vol_5d,0.0047280888159329,0.0073713509197903,0.0038611230606276,-0.0026432621038574,-0.6845837499485791,0.7370517928286853,2087,2,False,False
LINKUSDT,pluto_out_of_bounds,fwd_vol_5d,0.004015571575114,0.0075490628809462,0.004785295822774,-0.0035334913058321,-0.738406033126656,0.7370517928286853,2702,2,False,False
BNBUSDT,mars_sign,fwd_ret_1d,0.0104907361400896,0.018102947110631,0.0105341678730207,-0.0076122109705413,-0.7226210045538687,0.7375415282392026,3142,12,False,False
ADAUSDT,eclipse_window,fwd_absret_1d,0.000972192822246,0.0014987022772534,0.0007905966923624,-0.0005265094550073,-0.6659646569403889,0.7410358565737052,2980,2,False,False
LTCUSDT,mercury_out_of_bounds,fwd_vol_5d,0.0023224968807147,0.0037049246843636,0.0021081922032142,-0.0013824278036489,-0.655740876728992,0.7410358565737052,3101,2,False,False
DOGEUSDT,mercury_retrograde,fwd_absret_1d,0.0017369933863681,0.0027492864209101,0.001254951772752,-0.001012293034542,-0.8066389932436666,0.7410358565737052,2536,2,False,False
LINKUSDT,neptune_retrograde,fwd_vol_5d,0.00466929338215,0.0070805760406501,0.0034024367003884,-0.0024112826585,-0.7086928783200594,0.7410358565737052,2702,2,False,False
XRPUSDT,moon_near_full,fwd_vol_5d,0.00139374589139,0.0020249459679987,0.0009244841763866,-0.0006312000766087,-0.6827591999202955,0.7410358565737052,2959,2,False,False
XRPUSDT,neptune_retrograde,fwd_vol_5d,0.0019945250400959,0.0026353719751723,0.0010689759593675,-0.0006408469350764,-0.5994961153809022,0.7410358565737052,2959,2,False,False
XRPUSDT,moon_sign,fwd_ret_1d,0.0160351033902899,0.0172341829044398,0.0019522686768982,-0.0011990795141499,-0.6141979986356205,0.7410358565737052,2963,12,False,False
AVAXUSDT,mars_out_of_bounds,fwd_absret_1d,0.0023550671538012,0.003963866604731,0.0020253621923487,-0.0016087994509297,-0.7943267910339082,0.7410358565737052,2091,2,False,False
XRPUSDT,lunar_8phase,fwd_absret_1d,0.0127028360958397,0.0139326375045643,0.0017381972774495,-0.0012298014087246,-0.7075154383679292,0.7410358565737052,2963,8,False,False
BNBUSDT,harmonic_3_count_q5,fwd_vol_5d,0.0101468774359378,0.0184800964668764,0.0109031607138491,-0.0083332190309385,-0.7642938822642297,0.7441860465116279,3138,5,False,False
BCHUSDT,sun_element,fwd_absret_1d,0.0056599469174163,0.0065261623807031,0.0012443573628163,-0.0008662154632868,-0.6961147088215369,0.7450199203187251,2390,4,False,False
XRPUSDT,aspect_trine_count_q5,fwd_vol_5d,0.0092553313099498,0.0123450140384388,0.0042632892084612,-0.003089682728489,-0.7247180703474356,0.7450199203187251,2959,5,False,False
NEARUSDT,aspect_conjunction_count_q5,fwd_absret_1d,0.0104018056281674,0.0130603588873429,0.0035550351143208,-0.0026585532591754,-0.7478275667280911,0.7450199203187251,2069,5,False,False
ATOMUSDT,moon_sign,fwd_vol_5d,0.0307629407237398,0.0324523591230978,0.0025138794203469,-0.001689418399358,-0.6720363696381464,0.7450199203187251,2599,12,False,False
BNBUSDT,mars_saturn_hard_aspect,fwd_vol_5d,0.0048121037204682,0.0088265262719423,0.0054220692309979,-0.0040144225514741,-0.7403857052439811,0.7475083056478405,3138,2,False,False
ADAUSDT,harmonic_4_count_q5,fwd_ret_1d,0.0055208751591976,0.0067086971830163,0.0015922293592285,-0.0011878220238186,-0.7460118838621195,0.749003984063745,2980,5,False,False
FILUSDT,pluto_out_of_bounds,fwd_ret_1d,0.0016346284744804,0.0030066284059356,0.0018130837484317,-0.0013719999314552,-0.7567217634827709,0.749003984063745,2068,2,False,False
LTCUSDT,sun_modality,fwd_absret_1d,0.0035279758892256,0.0042760014953731,0.0009180469602637,-0.0007480256061474,-0.8148010270983517,0.749003984063745,3105,3,False,False
LINKUSDT,saturn_retrograde,fwd_absret_1d,0.0018155846551142,0.0025456171860237,0.0010351879831451,-0.0007300325309094,-0.705217354524783,0.749003984063745,2706,2,False,False
AAVEUSDT,saturn_retrograde,fwd_vol_5d,0.003759593541521,0.0068342846247156,0.0041084632080854,-0.0030746910831945,-0.7483798509241939,0.749003984063745,2064,2,False,False
ATOMUSDT,neptune_retrograde,fwd_ret_1d,0.0013771706255896,0.0018088539230045,0.0005635477332162,-0.0004316832974149,-0.766010174419873,0.749003984063745,2603,2,False,False
AVAXUSDT,jupiter_saturn_aspect,fwd_absret_1d,0.0025022088648473,0.0047486564424305,0.0034672700815634,-0.0022464475775832,-0.6479009493746336,0.749003984063745,2091,2,False,False
LTCUSDT,uranus_retrograde,fwd_vol_5d,0.0036919431558514,0.0064546168082853,0.004112689333375,-0.0027626736524339,-0.6717438222270924,0.7529880478087649,3101,2,False,False
BCHUSDT,sun_element,fwd_vol_5d,0.0111207133175702,0.0147436042113135,0.0040976515849474,-0.0036228908937433,-0.8841383457421956,0.7529880478087649,2386,4,False,False
BCHUSDT,jupiter_retrograde,fwd_absret_1d,0.0023851128728901,0.003787489249488,0.0021858680345129,-0.0014023763765979,-0.641564977599595,0.7529880478087649,2390,2,False,False
BTCUSDT,moon_perigee_q4,fwd_vol_5d,0.0089778609979349,0.0153276645089624,0.0085508953948541,-0.0063498035110274,-0.7425893099860336,0.7541528239202658,3219,4,False,False
ETHUSDT,saturn_retrograde,fwd_vol_5d,0.0073663815120796,0.0126574788994255,0.0072227815327556,-0.0052910973873458,-0.7325567530113468,0.7541528239202658,3219,2,False,False
DOTUSDT,jupiter_sign,fwd_absret_1d,0.0391891179997474,0.0434385086420078,0.0054361328031022,-0.0042493906422603,-0.7816936775045903,0.7569721115537849,2126,7,False,False
DOTUSDT,mars_out_of_bounds,fwd_vol_5d,0.005245772634782,0.0095468492808029,0.0052968059474317,-0.0043010766460208,-0.81201325642415,0.7569721115537849,2122,2,False,False
LTCUSDT,moon_decl_sign,fwd_ret_1d,0.0012167836491254,0.0016965319380209,0.0006296069298262,-0.0004797482888955,-0.7619806361215866,0.7569721115537849,3105,2,False,False
LINKUSDT,jupiter_sign,fwd_vol_5d,0.0885912546470523,0.0952560925838009,0.0096607621748445,-0.0066648379367485,-0.6898873832235538,0.7569721115537849,2702,8,False,False
XRPUSDT,moon_out_of_bounds,fwd_ret_1d,0.0014011033726013,0.0021606200551756,0.0010028808477297,-0.0007595166825742,-0.7573349160008195,0.7569721115537849,2963,2,False,False
BCHUSDT,venus_sign,fwd_ret_1d,0.0237498669430556,0.0255560836856234,0.0025991926592155,-0.0018062167425678,-0.6949145290033671,0.7569721115537849,2390,12,False,False
LTCUSDT,n_retrograde,fwd_vol_5d,0.0217093736714127,0.0267438413691109,0.0066134040478166,-0.0050344676976981,-0.7612520966959861,0.7569721115537849,3101,7,False,False
DOGEUSDT,lunar_4phase,fwd_ret_1d,0.0035093465754205,0.0041407834115208,0.0009866760298464,-0.0006314368361003,-0.6399636932485081,0.7569721115537849,2536,4,False,False
DOTUSDT,moon_out_of_bounds,fwd_ret_1d,0.001268146265056,0.00208522088872,0.0009691741200645,-0.000817074623664,-0.8430627755615004,0.7569721115537849,2126,2,False,False
ETHUSDT,sun_element,fwd_vol_5d,0.0292070150960475,0.0352179188875953,0.0081574120934277,-0.0060109037915478,-0.7368640596679815,0.7574750830564784,3219,4,False,False
BNBUSDT,venus_sign,fwd_ret_1d,0.0013124280853773,0.0109649579546204,0.0098723195882072,-0.009652529869243,-0.9777367702696076,0.7574750830564784,3142,12,False,False
BNBUSDT,pluto_out_of_bounds,fwd_absret_1d,0.0005292927088151,0.0033398481993767,0.0034541832787477,-0.0028105554905615,-0.8136671576907393,0.760797342192691,3142,2,False,False
ETHUSDT,mars_retrograde,fwd_vol_5d,0.003883650141955,0.0086683618697172,0.0060377525734376,-0.0047847117277622,-0.7924656848000029,0.760797342192691,3219,2,False,False
DOGEUSDT,aspect_conjunction_count_q5,fwd_vol_5d,0.017853062820417,0.0220066598519204,0.0058376093964939,-0.0041535970315033,-0.7115236305460949,0.7609561752988048,2532,5,False,False
ATOMUSDT,n_retrograde,fwd_absret_1d,0.0111137712687954,0.0135594693935561,0.0029545485050514,-0.0024456981247606,-0.8277738952598711,0.7609561752988048,2603,7,False,False
ADAUSDT,sun_modality,fwd_absret_1d,0.0031996015828277,0.0040056397775998,0.0011394590995505,-0.000806038194772,-0.7073866846910619,0.7609561752988048,2980,3,False,False
ADAUSDT,saturn_retrograde,fwd_absret_1d,0.0007887284816686,0.0014978789220496,0.0009231488372946,-0.0007091504403809,-0.7681864632567444,0.7609561752988048,2980,2,False,False
ATOMUSDT,venus_retrograde,fwd_absret_1d,0.0012211476685929,0.0020517408131746,0.0010733388544871,-0.0008305931445816,-0.7738405640579612,0.7609561752988048,2603,2,False,False
DOGEUSDT,moon_near_full,fwd_absret_1d,0.0011328679683475,0.0017735226790462,0.0008060714219991,-0.0006406547106986,-0.7947865328233046,0.7609561752988048,2536,2,False,False
BCHUSDT,mars_sign,fwd_ret_1d,0.0213130762696996,0.0241533350363651,0.0032829265759416,-0.0028402587666655,-0.865160612326788,0.7609561752988048,2390,12,False,False
DOGEUSDT,n_retrograde,fwd_ret_1d,0.0140325100268193,0.0164801012356027,0.0033641099442911,-0.0024475912087834,-0.7275598150223804,0.7609561752988048,2536,7,False,False
XRPUSDT,lunar_4phase,fwd_ret_1d,0.0052264210158164,0.0061202151985063,0.0012930966704551,-0.0008937941826898,-0.6912044575717479,0.7609561752988048,2963,4,False,False
ADAUSDT,eclipse_window,fwd_vol_5d,0.0015078626026975,0.0024120100891794,0.0012701856653626,-0.0009041474864818,-0.7118230910153684,0.7609561752988048,2976,2,False,False
AVAXUSDT,mercury_out_of_bounds,fwd_absret_1d,0.0018406560923653,0.002912167975972,0.0013281118688967,-0.0010715118836066,-0.8067933949695913,0.7609561752988048,2091,2,False,False
FILUSDT,moon_decl_q4,fwd_absret_1d,0.0057664857806838,0.0068375579254526,0.0014306527921002,-0.0010710721447688,-0.748659738185994,0.7609561752988048,2068,4,False,False
UNIUSDT,mars_out_of_bounds,fwd_absret_1d,0.0022738966712455,0.0035883255035544,0.0019461663804653,-0.0013144288323088,-0.6753938643183066,0.7609561752988048,2096,2,False,False
LINKUSDT,moon_decl_sign,fwd_vol_5d,0.0017030466182595,0.002379364166639,0.0008105460325252,-0.0006763175483794,-0.8343974570727463,0.7649402390438247,2702,2,False,False
XRPUSDT,mercury_out_of_bounds,fwd_ret_1d,0.0012011457143068,0.0018899612151454,0.0009236652223503,-0.0006888155008386,-0.7457415134521143,0.7649402390438247,2963,2,False,False
ADAUSDT,lunar_4phase,fwd_ret_1d,0.0037044395835949,0.0044366198370129,0.0008983316410297,-0.0007321802534179,-0.8150444891139144,0.7649402390438247,2980,4,False,False
DOTUSDT,mars_out_of_bounds,fwd_ret_1d,0.0020029919247363,0.00332271793517,0.001888537678083,-0.0013197260104337,-0.6988084091461572,0.7649402390438247,2126,2,False,False
XRPUSDT,jupiter_retrograde,fwd_vol_5d,0.0028041352430347,0.0053421760778401,0.0029701606841297,-0.0025380408348053,-0.8545129724350127,0.7649402390438247,2959,2,False,False
NEARUSDT,harmonic_3_count_q5,fwd_ret_1d,0.0095075729761776,0.0120800099067666,0.0033283910047649,-0.0025724369305889,-0.7728770228336289,0.7649402390438247,2069,5,False,False
BTCUSDT,lunar_8phase,fwd_ret_1d,0.0012743434418704,0.0085941781900432,0.0077504862523984,-0.0073198347481727,-0.9444355502091912,0.7674418604651163,3223,8,False,False
ETHUSDT,mercury_out_of_bounds,fwd_vol_5d,0.0044370068166417,0.0082852822994294,0.0048785608328177,-0.0038482754827877,-0.788813671626403,0.7674418604651163,3219,2,False,False
XRPUSDT,moon_out_of_bounds,fwd_absret_1d,0.0012814076895905,0.0021349393384449,0.0011619690870888,-0.0008535316488544,-0.7345562445149453,0.7689243027888446,2963,2,False,False
DOGEUSDT,mars_sign,fwd_vol_5d,0.0779532743777238,0.0870757251677542,0.013691647984213,-0.0091224507900304,-0.6662785079304485,0.7689243027888446,2532,12,False,False
ATOMUSDT,pluto_retrograde,fwd_ret_1d,0.0014697534117628,0.0018500802262927,0.0005183021796455,-0.0003803268145299,-0.7337935850279087,0.7689243027888446,2603,2,False,False
ADAUSDT,moon_out_of_bounds,fwd_ret_1d,0.0012955699993152,0.0019805792664226,0.0009523692623194,-0.0006850092671074,-0.7192685591711875,0.7689243027888446,2980,2,False,False
AVAXUSDT,neptune_retrograde,fwd_absret_1d,0.0023814908116044,0.0041068455320995,0.0021319504230574,-0.0017253547204951,-0.8092846352500072,0.7729083665338645,2091,2,False,False
ADAUSDT,moon_sign,fwd_absret_1d,0.0146858423575435,0.0162791630485972,0.0018028767171548,-0.0015933206910537,-0.8837657483137057,0.7729083665338645,2980,12,False,False
ADAUSDT,uranus_retrograde,fwd_absret_1d,0.0008401993009023,0.0015633896835265,0.000873522897595,-0.0007231903826241,-0.8279008880193469,0.7729083665338645,2980,2,False,False
AAVEUSDT,sun_modality,fwd_vol_5d,0.007734148561835,0.0092599287171972,0.0019455087946228,-0.0015257801553622,-0.7842576500190138,0.7729083665338645,2064,3,False,False
NEARUSDT,mercury_retrograde,fwd_absret_1d,0.0019244403529103,0.0033328905809367,0.0016091395653658,-0.0014084502280263,-0.875281584233592,0.7729083665338645,2069,2,False,False
LTCUSDT,pluto_out_of_bounds,fwd_vol_5d,0.0037212949385118,0.0072506796524259,0.0051281404012886,-0.0035293847139141,-0.6882387059892608,0.7729083665338645,3101,2,False,False
AVAXUSDT,venus_out_of_bounds,fwd_ret_1d,0.0016327431920929,0.0027048023951646,0.0013627684190165,-0.0010720592030716,-0.7866774633985646,0.7729083665338645,2091,2,False,False
ATOMUSDT,harmonic_3_count_q5,fwd_vol_5d,0.0149693476557274,0.0213744783224454,0.0080106520332069,-0.0064051306667179,-0.7995766936532005,0.7729083665338645,2599,5,False,False
LINKUSDT,moon_decl_q4,fwd_vol_5d,0.0063611194255077,0.0075648988735465,0.0014281511768428,-0.0012037794480387,-0.8428935728638525,0.7768924302788844,2702,4,False,False
XRPUSDT,sun_modality,fwd_ret_1d,0.0026637059934145,0.0037887487812614,0.0012967888436393,-0.0011250427878469,-0.8675605079155324,0.7768924302788844,2963,3,False,False
DOGEUSDT,aspect_trine_count_q5,fwd_ret_1d,0.0073971328019677,0.0097420690961249,0.0028741254977703,-0.0023449362941572,-0.815878184851828,0.7768924302788844,2536,5,False,False
LINKUSDT,venus_sign,fwd_absret_1d,0.0219334917928236,0.0248987507416135,0.003698839126365,-0.0029652589487898,-0.8016728620754734,0.7768924302788844,2706,12,False,False
FILUSDT,sun_modality,fwd_absret_1d,0.0043504108582263,0.0053985517553405,0.0013271213168602,-0.0010481408971141,-0.7897852922699559,0.7808764940239044,2068,3,False,False
LTCUSDT,saturn_retrograde,fwd_ret_1d,0.0013910611829358,0.0022390851054802,0.0011222901707214,-0.0008480239225443,-0.7556191301213855,0.7808764940239044,3105,2,False,False
LTCUSDT,moon_sign,fwd_ret_1d,0.0143062356373333,0.0155234189974935,0.0016156262942263,-0.0012171833601602,-0.7533817470723505,0.7808764940239044,3105,12,False,False
DOGEUSDT,venus_retrograde,fwd_ret_1d,0.0015525962579067,0.0028052223503898,0.0016383506159879,-0.0012526260924831,-0.7645653380047535,0.7808764940239044,2536,2,False,False
AVAXUSDT,pluto_out_of_bounds,fwd_vol_5d,0.0052325356397471,0.010721433702895,0.0076171064142067,-0.0054888980631478,-0.7206014678894986,0.7808764940239044,2087,2,False,False
LINKUSDT,moon_near_full,fwd_ret_1d,0.0010438321954681,0.0016151788808843,0.0007665778463298,-0.0005713466854162,-0.7453211544680538,0.7808764940239044,2706,2,False,False
LINKUSDT,mercury_out_of_bounds,fwd_ret_1d,0.0011033191805847,0.0018045531426012,0.0008662899797912,-0.0007012339620164,-0.8094679361123319,0.7808764940239044,2706,2,False,False
NEARUSDT,venus_out_of_bounds,fwd_vol_5d,0.0034058806008174,0.0062341951215338,0.0036001223185216,-0.0028283145207163,-0.7856162292501703,0.7808764940239044,2065,2,False,False
AAVEUSDT,lunar_8phase,fwd_vol_5d,0.016790890291444,0.0182445981908207,0.0019072066655967,-0.0014537078993767,-0.7622183403610518,0.7808764940239044,2064,8,False,False
DOTUSDT,jupiter_saturn_aspect,fwd_vol_5d,0.0073252738859444,0.0180129317191309,0.0138258717899259,-0.0106876578331865,-0.7730187286254129,0.7848605577689243,2122,2,False,False
FILUSDT,sun_sign,fwd_ret_1d,0.0281566047785597,0.0301240049531144,0.0025888291296062,-0.0019674001745547,-0.7599575236755624,0.7848605577689243,2068,12,False,False
NEARUSDT,mars_out_of_bounds,fwd_ret_1d,0.0020439595234925,0.0035986978353598,0.0020150124356402,-0.0015547383118672,-0.7715775269512318,0.7848605577689243,2069,2,False,False
LINKUSDT,pluto_retrograde,fwd_ret_1d,0.0011956425476659,0.0019899308585188,0.0008548944441402,-0.0007942883108529,-0.9291068813199876,0.7888446215139442,2706,2,False,False
ADAUSDT,venus_out_of_bounds,fwd_ret_1d,0.001113475380917,0.0019611681878909,0.0010243079804332,-0.0008476928069738,-0.827576103249084,0.7888446215139442,2980,2,False,False
LINKUSDT,pluto_retrograde,fwd_absret_1d,0.0019354848094895,0.0029496011626003,0.0011659868643356,-0.0010141163531108,-0.8697493806575953,0.7888446215139442,2706,2,False,False
ATOMUSDT,moon_out_of_bounds,fwd_ret_1d,0.0011456644870032,0.0019903515750506,0.0009777657628126,-0.0008446870880473,-0.8638951374381395,0.7888446215139442,2603,2,False,False
DOGEUSDT,moon_sign,fwd_vol_5d,0.0211562052386975,0.0233885403646723,0.0024694904066266,-0.0022323351259747,-0.9039659032424514,0.7888446215139442,2532,12,False,False
BCHUSDT,pluto_out_of_bounds,fwd_ret_1d,0.001537779321208,0.002780307419509,0.0016520494068006,-0.001242528098301,-0.7521131590775458,0.7888446215139442,2390,2,False,False
AVAXUSDT,saturn_retrograde,fwd_ret_1d,0.001536179488749,0.0034178230484235,0.0018975997975149,-0.0018816435596744,-0.9915913577449944,0.7928286852589641,2091,2,False,False
BCHUSDT,pluto_retrograde,fwd_absret_1d,0.0014525426456698,0.002837392844285,0.0014312090584861,-0.0013848501986152,-0.967608603651548,0.7928286852589641,2390,2,False,False
BCHUSDT,aspect_square_count_q5,fwd_ret_1d,0.006331822318295,0.0079322771093764,0.0017970759122319,-0.0016004547910814,-0.8905883052506278,0.7928286852589641,2390,5,False,False
BCHUSDT,moon_perigee_q4,fwd_vol_5d,0.0072982406446765,0.0091407483763609,0.0023627916266569,-0.0018425077316844,-0.7798011940186995,0.7928286852589641,2386,4,False,False
BNBUSDT,venus_sign,fwd_absret_1d,0.0025545931865855,0.0133731172041715,0.0109783392937779,-0.0108185240175859,-0.9854426728929192,0.7940199335548173,3142,12,False,False
DOGEUSDT,pluto_retrograde,fwd_vol_5d,0.0058348376018681,0.0107066865295987,0.0048936944355597,-0.0048718489277306,-0.995535988583512,0.796812749003984,2532,2,False,False
DOTUSDT,harmonic_4_count_q5,fwd_absret_1d,0.008390465685716,0.0104815443755972,0.0025713011992567,-0.0020910786898811,-0.8132375508888546,0.796812749003984,2126,5,False,False
DOTUSDT,moon_near_new,fwd_ret_1d,0.0014499380088096,0.0021989162471267,0.0009208923085944,-0.0007489782383171,-0.8133179431808517,0.796812749003984,2126,2,False,False
LINKUSDT,harmonic_4_count_q5,fwd_vol_5d,0.009053091932883,0.011753457026905,0.0037652585861139,-0.002700365094022,-0.7171791876342316,0.796812749003984,2702,5,False,False
ETHUSDT,mercury_retrograde,fwd_vol_5d,0.0036831034984279,0.009022399815188,0.0059251080910292,-0.0053392963167601,-0.9011306181644106,0.7973421926910299,3219,2,False,False
SOLUSDT,mercury_out_of_bounds,fwd_vol_5d,0.0025857679694787,0.0085296619280253,0.0061691639097596,-0.0059438939585465,-0.9634845248872812,0.8006644518272426,2129,2,False,False
BTCUSDT,moon_out_of_bounds,fwd_vol_5d,0.005348936709465,0.0116021125903752,0.0068094017364498,-0.0062531758809102,-0.91831501840136,0.8006644518272426,3219,2,False,False
LINKUSDT,sun_element,fwd_vol_5d,0.0116876672334362,0.0145485140207081,0.0033311732756092,-0.0028608467872719,-0.8588105602968578,0.8007968127490039,2702,4,False,False
AVAXUSDT,mars_saturn_hard_aspect,fwd_vol_5d,0.0034186466254513,0.0062594570327176,0.0036256863406099,-0.0028408104072663,-0.7835234878007836,0.8007968127490039,2087,2,False,False
BCHUSDT,eclipse_window,fwd_vol_5d,0.0020274460203899,0.0034609868246814,0.001600659197555,-0.0014335408042915,-0.8955940193147945,0.8047808764940239,2386,2,False,False
UNIUSDT,moon_void_of_course,fwd_absret_1d,0.0012889626977217,0.0021056763771884,0.000944819309157,-0.0008167136794667,-0.8644125618002638,0.8047808764940239,2096,2,False,False
DOGEUSDT,moon_void_of_course,fwd_vol_5d,0.0011837463296588,0.0019302347987654,0.0008989495437026,-0.0007464884691066,-0.830400854348194,0.8047808764940239,2532,2,False,False
FILUSDT,mars_saturn_hard_aspect,fwd_ret_1d,0.0014208891510864,0.0025405049442044,0.0012659265153862,-0.001119615793118,-0.8844240005324866,0.8047808764940239,2068,2,False,False
ADAUSDT,moon_near_full,fwd_vol_5d,0.0011428538306941,0.0018881916798937,0.0008404374740956,-0.0007453378491996,-0.8868450921963752,0.8047808764940239,2976,2,False,False
ADAUSDT,moon_void_of_course,fwd_absret_1d,0.0008647842121906,0.001488335810086,0.000731771692569,-0.0006235515978953,-0.8521122150902741,0.8047808764940239,2980,2,False,False
AVAXUSDT,moon_near_full,fwd_vol_5d,0.0013661882459959,0.0023040635037775,0.0010963043012977,-0.0009378752577816,-0.8554880763227967,0.8047808764940239,2087,2,False,False
DOTUSDT,saturn_retrograde,fwd_ret_1d,0.0015564470688318,0.0029717667162577,0.0015267298429191,-0.0014153196474258,-0.9270269091745452,0.8087649402390438,2126,2,False,False
UNIUSDT,jupiter_retrograde,fwd_absret_1d,0.0021862188110863,0.0035890064697747,0.0015926822144064,-0.0014027876586883,-0.8807705931538138,0.8087649402390438,2096,2,False,False
ETHUSDT,moon_decl_sign,fwd_vol_5d,0.0092348342991963,0.0143305643045858,0.0057194777464022,-0.0050957300053894,-0.890943234912466,0.8106312292358804,3219,2,False,False
XRPUSDT,hard_aspect_count_q5,fwd_ret_1d,0.0050452926520494,0.0065415265369826,0.0016360206586676,-0.0014962338849331,-0.9145568407135328,0.8127490039840638,2963,5,False,False
LTCUSDT,n_retrograde,fwd_absret_1d,0.0095641397392256,0.0120076277011973,0.0026624158450106,-0.0024434879619717,-0.9177709660009664,0.8127490039840638,3105,7,False,False
DOGEUSDT,moon_out_of_bounds,fwd_vol_5d,0.0025990488028442,0.0039916451212001,0.0015658587127142,-0.0013925963183559,-0.8893499183856699,0.8127490039840638,2532,2,False,False
ATOMUSDT,moon_void_of_course,fwd_vol_5d,0.001243287665522,0.0019479660307,0.0008557998045235,-0.0007046783651779,-0.823414963935747,0.8127490039840638,2599,2,False,False
LINKUSDT,lunar_4phase,fwd_absret_1d,0.0036667044152614,0.0043865682911459,0.0007852893553502,-0.0007198638758845,-0.9166861501178076,0.8127490039840638,2706,4,False,False
LINKUSDT,harmonic_3_count_q5,fwd_ret_1d,0.0066831308340298,0.0090389923254954,0.0025231465372009,-0.0023558614914655,-0.9336998294514391,0.8127490039840638,2706,5,False,False
ATOMUSDT,lunar_4phase,fwd_absret_1d,0.0026636738800584,0.003359188000842,0.0007847943841375,-0.0006955141207836,-0.8862373824807406,0.8127490039840638,2603,4,False,False
ATOMUSDT,harmonic_3_count_q5,fwd_absret_1d,0.0080409130349781,0.0114288352320088,0.003637856516242,-0.0033879221970306,-0.931296267982118,0.8167330677290837,2603,5,False,False
BCHUSDT,lunar_4phase,fwd_absret_1d,0.006850385623074,0.0085307372276574,0.0016000935255794,-0.0016803516045833,-1.0501583674459791,0.8167330677290837,2390,4,False,False
AAVEUSDT,sun_modality,fwd_absret_1d,0.0025952068261179,0.0035716312420621,0.0010928975487819,-0.0009764244159442,-0.8934272174298556,0.8167330677290837,2068,3,False,False
DOGEUSDT,soft_aspect_count_q5,fwd_ret_1d,0.0077847986245365,0.0099224644283406,0.0025710671929928,-0.002137665803804,-0.8314313253383789,0.8167330677290837,2536,5,False,False
UNIUSDT,moon_perigee_q4,fwd_vol_5d,0.0072324187734514,0.0091220449177728,0.0021606918581602,-0.0018896261443214,-0.8745467972144546,0.8167330677290837,2092,4,False,False
AAVEUSDT,jupiter_retrograde,fwd_absret_1d,0.0015760927116876,0.0028955505774213,0.0017482495440029,-0.0013194578657337,-0.7547308507872117,0.8167330677290837,2068,2,False,False
ETHUSDT,uranus_retrograde,fwd_vol_5d,0.0039350979017169,0.0102000194745354,0.0061348019460744,-0.0062649215728184,-1.021210077829375,0.8172757475083057,3219,2,False,False
BCHUSDT,pluto_out_of_bounds,fwd_absret_1d,0.0017925610728877,0.0031534922367894,0.0016655730218715,-0.0013609311639016,-0.8170948652689045,0.8207171314741036,2390,2,False,False
UNIUSDT,mars_out_of_bounds,fwd_ret_1d,0.0017140058103123,0.0033444143901227,0.0020030964934381,-0.0016304085798104,-0.8139441036172761,0.8207171314741036,2096,2,False,False
DOGEUSDT,saturn_retrograde,fwd_absret_1d,0.0023859019835405,0.0041377897056478,0.001764055953277,-0.0017518877221073,-0.9931021285650612,0.8207171314741036,2536,2,False,False
LINKUSDT,jupiter_sign,fwd_absret_1d,0.0343821558968712,0.0367532299332769,0.0024438940715935,-0.0023710740364057,-0.970203276797357,0.8207171314741036,2706,8,False,False
LINKUSDT,moon_out_of_bounds,fwd_absret_1d,0.0014155014224211,0.0024221731626285,0.0010083590154935,-0.0010066717402074,-0.9983267117561964,0.8207171314741036,2706,2,False,False
ADAUSDT,mars_retrograde,fwd_absret_1d,0.0010596393437883,0.0019310769591832,0.0011015582640713,-0.0008714376153949,-0.791095345401061,0.8207171314741036,2980,2,False,False
LTCUSDT,aspect_conjunction_count_q5,fwd_absret_1d,0.0063887201246774,0.0079578625541495,0.0018386909488987,-0.0015691424294721,-0.8534019436011892,0.8247011952191236,3105,5,False,False
NEARUSDT,moon_decl_sign,fwd_absret_1d,0.0016565755978495,0.0027390686515056,0.0010658085209483,-0.0010824930536561,-1.0156543435146397,0.8247011952191236,2069,2,False,False
LTCUSDT,mars_sign,fwd_ret_1d,0.0176969297136543,0.021641805107172,0.0035643492715619,-0.0039448753935176,-1.1067589321259028,0.8247011952191236,3105,12,False,False
BCHUSDT,moon_sign,fwd_absret_1d,0.021958058478198,0.0242729656442853,0.0024678851218342,-0.0023149071660873,-0.938012529678375,0.8247011952191236,2390,12,False,False
AAVEUSDT,mars_out_of_bounds,fwd_vol_5d,0.0037600769311517,0.0083784711738449,0.0053880540951108,-0.0046183942426932,-0.8571543939924484,0.8247011952191236,2064,2,False,False
BTCUSDT,sun_element,fwd_absret_1d,0.0036447381260047,0.0096453826638876,0.0060146105655767,-0.0060006445378828,-0.9976779830478476,0.8272425249169435,3223,4,False,False
BTCUSDT,mercury_out_of_bounds,fwd_vol_5d,0.003501759505583,0.0082630877700686,0.0048605658196054,-0.0047613282644856,-0.9795831269850136,0.8272425249169435,3219,2,False,False
LINKUSDT,neptune_retrograde,fwd_absret_1d,0.0017723473763722,0.0029288518457469,0.0011607071358394,-0.0011565044693747,-0.9963792188960252,0.8286852589641435,2706,2,False,False
ATOMUSDT,harmonic_4_count_q5,fwd_vol_5d,0.0101824041958966,0.0149379721156231,0.005689366679647,-0.0047555679197265,-0.8358694715070694,0.8286852589641435,2599,5,False,False
UNIUSDT,moon_near_new,fwd_absret_1d,0.0011223895256669,0.0020363352775994,0.0010230592138145,-0.0009139457519324,-0.8933458978632481,0.8286852589641435,2096,2,False,False
XRPUSDT,sun_element,fwd_ret_1d,0.0042329623963598,0.0055022406513402,0.0014426296051003,-0.0012692782549804,-0.8798365502086669,0.8286852589641435,2963,4,False,False
ATOMUSDT,moon_void_of_course,fwd_ret_1d,0.0011166553367125,0.0018669374568522,0.0008519613127632,-0.0007502821201397,-0.880652805355987,0.8286852589641435,2603,2,False,False
DOTUSDT,jupiter_saturn_aspect,fwd_absret_1d,0.0016716943217956,0.0051278845424207,0.004524188196527,-0.0034561902206251,-0.7639359970211306,0.8286852589641435,2126,2,False,False
NEARUSDT,moon_near_full,fwd_absret_1d,0.0012101537083472,0.0021028410013905,0.0009737847933903,-0.0008926872930433,-0.9167192783276804,0.8286852589641435,2069,2,False,False
ETHUSDT,jupiter_sign,fwd_vol_5d,0.1281055599612699,0.1391105870429926,0.0107942934236817,-0.0110050270817227,-1.0195226912748805,0.8305647840531561,3219,10,False,False
AAVEUSDT,sun_modality,fwd_ret_1d,0.0025238658453991,0.0035106844864354,0.0009590439000155,-0.0009868186410363,-1.0289608651077842,0.8326693227091634,2068,3,False,False
BCHUSDT,mercury_retrograde,fwd_ret_1d,0.0011794719804192,0.0020131995192391,0.0008935405190811,-0.0008337275388199,-0.9330606962035324,0.8326693227091634,2390,2,False,False
AAVEUSDT,mercury_retrograde,fwd_vol_5d,0.002185662249863,0.0042350817392959,0.0021593473009268,-0.0020494194894329,-0.9490921115623016,0.8326693227091634,2064,2,False,False
DOGEUSDT,lunar_8phase,fwd_absret_1d,0.0103395585123801,0.0119878025575346,0.0017048304467006,-0.0016482440451544,-0.9668081939434372,0.8326693227091634,2536,8,False,False
LINKUSDT,neptune_retrograde,fwd_ret_1d,0.0010483207229906,0.0020081792570935,0.0009481726142462,-0.0009598585341028,-1.0123246755717097,0.8326693227091634,2706,2,False,False
AVAXUSDT,lunar_8phase,fwd_vol_5d,0.0197518900896594,0.0229953049399883,0.0031984207181661,-0.0032434148503288,-1.014067609025672,0.8326693227091634,2087,8,False,False
AAVEUSDT,n_retrograde,fwd_vol_5d,0.0288088377363252,0.0385251126031338,0.0102926793887615,-0.0097162748668085,-0.9439985935457852,0.8326693227091634,2064,7,False,False
NEARUSDT,mercury_retrograde,fwd_vol_5d,0.0032939606272374,0.0076224053606612,0.004535379927682,-0.0043284447334237,-0.9543731291406904,0.8326693227091634,2065,2,False,False
FILUSDT,mars_sign,fwd_vol_5d,0.0719832020120006,0.0866188225175027,0.0140706450809368,-0.014635620505502,-1.0401527734738114,0.8326693227091634,2064,12,False,False
XRPUSDT,moon_decl_sign,fwd_vol_5d,0.0019193454672162,0.0033107478538733,0.0015139105983854,-0.001391402386657,-0.9190783049811658,0.8366533864541833,2959,2,False,False
ATOMUSDT,mercury_retrograde,fwd_vol_5d,0.0022586329075567,0.0053411225031611,0.0031613435395421,-0.0030824895956043,-0.9750568253809012,0.8366533864541833,2599,2,False,False
DOTUSDT,moon_decl_sign,fwd_vol_5d,0.0025806048690668,0.004289599635931,0.001730293328493,-0.0017089947668642,-0.9876907797781797,0.8366533864541833,2122,2,False,False
FILUSDT,neptune_retrograde,fwd_absret_1d,0.0023061051088733,0.0041758074107343,0.0020418646448715,-0.0018697023018609,-0.9156837631509988,0.8366533864541833,2068,2,False,False
XRPUSDT,sun_modality,fwd_absret_1d,0.0023093843218259,0.0036808956078811,0.001491542834168,-0.0013715112860551,-0.9195252423442494,0.8366533864541833,2963,3,False,False
AVAXUSDT,moon_near_full,fwd_absret_1d,0.001013461701728,0.0018708534648311,0.0008806674039809,-0.0008573917631031,-0.973570452621973,0.8366533864541833,2091,2,False,False
BCHUSDT,moon_decl_sign,fwd_vol_5d,0.0015251439761779,0.0027439875282311,0.0012113652748061,-0.0012188435520532,-1.006173428777115,0.8366533864541833,2386,2,False,False
LTCUSDT,mars_retrograde,fwd_ret_1d,0.0008571208749465,0.0020184321477704,0.0011491182567866,-0.0011613112728238,-1.0106107582619748,0.8366533864541833,3105,2,False,False
DOTUSDT,harmonic_4_count_q5,fwd_vol_5d,0.0136832335107472,0.018814610254109,0.0054559241839341,-0.0051313767433618,-0.9405146718262783,0.8366533864541833,2122,5,False,False
BTCUSDT,jupiter_saturn_aspect,fwd_vol_5d,0.0068919486963687,0.0151145668181744,0.0087027965533947,-0.0082226181218056,-0.94482481250216,0.840531561461794,3219,2,False,False
AAVEUSDT,sun_sign,fwd_absret_1d,0.0278536717014182,0.0322708648806537,0.004165582086902,-0.0044171931792354,-1.0604023848490614,0.8406374501992032,2068,12,False,False
DOGEUSDT,mars_sign,fwd_absret_1d,0.0314049818645427,0.0354888893132949,0.0041682938234415,-0.0040839074487522,-0.9797551760351512,0.8406374501992032,2536,12,False,False
NEARUSDT,harmonic_4_count_q5,fwd_absret_1d,0.0075950807080259,0.0104614987852099,0.0025680204048996,-0.0028664180771839,-1.116197547229348,0.8406374501992032,2069,5,False,False
DOTUSDT,harmonic_3_count_q5,fwd_ret_1d,0.008444349530839,0.0123795377896492,0.0038966274943705,-0.0039351882588102,-1.0098959329562331,0.8406374501992032,2126,5,False,False
LINKUSDT,moon_perigee_q4,fwd_absret_1d,0.0030302594393767,0.0042332529485567,0.0011816081751448,-0.00120299350918,-1.0180984987113642,0.8406374501992032,2706,4,False,False
BTCUSDT,saturn_retrograde,fwd_vol_5d,0.0028839633419133,0.0127394399004459,0.0084867462264013,-0.0098554765585326,-1.1612785743343308,0.8438538205980066,3219,2,False,False
SOLUSDT,jupiter_saturn_aspect,fwd_vol_5d,0.007321390828568,0.0189388639347503,0.0128137648524096,-0.0116174731061822,-0.9066401046057574,0.8438538205980066,2129,2,False,False
BTCUSDT,sun_element,fwd_vol_5d,0.0105011661690341,0.0207617500215679,0.0094310146889994,-0.0102605838525338,-1.0879618143848282,0.8438538205980066,3219,4,False,False
ATOMUSDT,eclipse_window,fwd_absret_1d,0.0008221583262591,0.0016229816316046,0.0008716078822422,-0.0008008233053454,-0.9187885076089184,0.8446215139442231,2603,2,False,False
XRPUSDT,moon_perigee_q4,fwd_ret_1d,0.0031017015629422,0.0043465665190769,0.0012284059873815,-0.0012448649561347,-1.013398639311625,0.8446215139442231,2963,4,False,False
XRPUSDT,uranus_retrograde,fwd_ret_1d,0.0010766183005587,0.0017989841477742,0.0006727536658009,-0.0007223658472155,-1.073744944006395,0.8446215139442231,2963,2,False,False
DOTUSDT,harmonic_3_count_q5,fwd_absret_1d,0.0077228476819835,0.0119567632190124,0.0042426217539099,-0.0042339155370289,-0.9979479158440252,0.8446215139442231,2126,5,False,False
SOLUSDT,n_retrograde,fwd_vol_5d,0.0383055016520272,0.0564956618407907,0.0179522388049318,-0.0181901601887634,-1.0132530202175245,0.8471760797342193,2129,7,False,False
XRPUSDT,venus_out_of_bounds,fwd_vol_5d,0.0020430568793273,0.00439726808127,0.002426817095518,-0.0023542112019427,-0.9700818435351556,0.848605577689243,2959,2,False,False
FILUSDT,moon_near_new,fwd_vol_5d,0.0012364715767923,0.0021425102797669,0.0009530700687907,-0.0009060387029745,-0.950652772176758,0.848605577689243,2064,2,False,False
XRPUSDT,lunar_8phase,fwd_ret_1d,0.0123583825754091,0.0139950288603972,0.0015479759753042,-0.0016366462849881,-1.0572814508095942,0.848605577689243,2963,8,False,False
XRPUSDT,moon_sign,fwd_absret_1d,0.0145610097296377,0.0166044403223306,0.0019167961064767,-0.0020434305926928,-1.0660657050523976,0.848605577689243,2963,12,False,False
UNIUSDT,moon_out_of_bounds,fwd_ret_1d,0.0012795380967708,0.0020981983954321,0.000856142160299,-0.0008186602986612,-0.9562200492208404,0.848605577689243,2096,2,False,False
NEARUSDT,moon_void_of_course,fwd_ret_1d,0.0011610707883416,0.0022769947460889,0.0010920854562509,-0.0011159239577472,-1.0218284213564963,0.848605577689243,2069,2,False,False
LINKUSDT,venus_sign,fwd_ret_1d,0.0198217839815235,0.0232963924824066,0.0033881505648411,-0.0034746085008831,-1.0255177372986792,0.848605577689243,2706,12,False,False
ADAUSDT,jupiter_sign,fwd_absret_1d,0.0270767941257936,0.0310716521886737,0.0035609758366915,-0.0039948580628801,-1.1218436310962565,0.848605577689243,2980,9,False,False
UNIUSDT,n_retrograde,fwd_absret_1d,0.0144444761432223,0.0182536961773565,0.0041740131399235,-0.0038092200341342,-0.9126037476259574,0.848605577689243,2096,7,False,False
AAVEUSDT,sun_sign,fwd_ret_1d,0.0224893551474342,0.0274727055804155,0.0048381223148953,-0.0049833504329813,-1.030017454837553,0.852589641434263,2068,12,False,False
XRPUSDT,moon_decl_sign,fwd_absret_1d,0.0007770049205915,0.0014119418621474,0.0006200961257079,-0.0006349369415559,-1.023933089133713,0.852589641434263,2963,2,False,False
BCHUSDT,jupiter_sign,fwd_vol_5d,0.0574418279803521,0.0687986624689516,0.0112078591713876,-0.0113568344885994,-1.0132920404274974,0.852589641434263,2386,8,False,False
XRPUSDT,n_retrograde,fwd_ret_1d,0.008858655668804,0.0117566770925251,0.0024728792570768,-0.002898021423721,-1.1719219268096397,0.852589641434263,2963,7,False,False
AAVEUSDT,n_retrograde,fwd_absret_1d,0.0142862996371439,0.0186210117476002,0.0042561882614438,-0.0043347121104562,-1.018449336398889,0.852589641434263,2068,7,False,False
DOTUSDT,mars_saturn_hard_aspect,fwd_vol_5d,0.0036160052189478,0.0083952548809827,0.0044417852266584,-0.0047792496620349,-1.075974955599191,0.852589641434263,2122,2,False,False
AVAXUSDT,hard_aspect_count_q5,fwd_ret_1d,0.0074367694541141,0.0100624811574733,0.0025721435377696,-0.0026257117033591,-1.0208262738073943,0.852589641434263,2091,5,False,False
ETHUSDT,moon_out_of_bounds,fwd_vol_5d,0.0017173671229806,0.0090608263604998,0.0060028861830721,-0.0073434592375191,-1.2233214179918015,0.8538205980066446,3219,2,False,False
FILUSDT,mars_retrograde,fwd_vol_5d,0.002647237300707,0.00622262266476,0.003873445924734,-0.003575385364053,-0.9230502848180228,0.8565737051792829,2064,2,False,False
LTCUSDT,moon_near_full,fwd_ret_1d,0.0007017149488082,0.0014379712377378,0.0007287720904828,-0.0007362562889296,-1.0102696008046748,0.8565737051792829,3105,2,False,False
BCHUSDT,venus_sign,fwd_absret_1d,0.022988319613261,0.0266359935168497,0.0032656888552294,-0.0036476739035886,-1.1169692108749096,0.8565737051792829,2390,12,False,False
LINKUSDT,moon_near_full,fwd_vol_5d,0.0010844949124197,0.0019856926791918,0.0008484004692621,-0.0009011977667721,-1.0622315750908116,0.8565737051792829,2702,2,False,False
FILUSDT,jupiter_sign,fwd_absret_1d,0.0187461920980686,0.0219917320965622,0.0032409604519521,-0.0032455399984936,-1.001413021420448,0.8565737051792829,2068,7,False,False
XRPUSDT,sun_sign,fwd_absret_1d,0.0200464821987535,0.0227190680852475,0.0025141449278447,-0.0026725858864939,-1.0630198191418587,0.8565737051792829,2963,12,False,False
NEARUSDT,venus_retrograde,fwd_ret_1d,0.0011994726512831,0.0027230811608482,0.0014920160534816,-0.0015236085095651,-1.0211743405908662,0.8565737051792829,2069,2,False,False
NEARUSDT,uranus_retrograde,fwd_ret_1d,0.001538097121073,0.0032321974581953,0.0022297180244584,-0.0016941003371222,-0.7597823215936724,0.8565737051792829,2069,2,False,False
BNBUSDT,jupiter_retrograde,fwd_vol_5d,0.0099688494631586,0.0200202638265272,0.0098868086728,-0.0100514143633685,-1.0166490215413295,0.8604651162790697,3138,2,False,False
UNIUSDT,neptune_retrograde,fwd_absret_1d,0.0019498380583445,0.0035485466893717,0.0014782216436784,-0.0015987086310272,-1.081508066036021,0.8605577689243028,2096,2,False,False
LTCUSDT,aspect_square_count_q5,fwd_ret_1d,0.004875482165999,0.0064550448445836,0.0015872403267203,-0.0015795626785846,-0.9951628949905014,0.8605577689243028,3105,5,False,False
FILUSDT,harmonic_4_count_q5,fwd_vol_5d,0.0103914001496795,0.0144389238720899,0.0034768737165701,-0.0040475237224103,-1.164127331723497,0.8605577689243028,2064,5,False,False
SOLUSDT,pluto_out_of_bounds,fwd_vol_5d,0.0041655959621604,0.0116307576325137,0.0078531338139204,-0.0074651616703532,-0.95059651945832,0.8637873754152824,2129,2,False,False
FILUSDT,jupiter_retrograde,fwd_vol_5d,0.0020542246447282,0.0044982057827867,0.0024819583652871,-0.0024439811380585,-0.9846986848128376,0.8645418326693227,2064,2,False,False
AAVEUSDT,aspect_square_count_q5,fwd_ret_1d,0.0076242540018499,0.0102336447376639,0.0023932361625373,-0.002609390735814,-1.090318948317884,0.8645418326693227,2068,5,False,False
UNIUSDT,pluto_out_of_bounds,fwd_ret_1d,0.0016286969384736,0.0043595630491207,0.0031047044844302,-0.002730866110647,-0.8795897079229511,0.8645418326693227,2096,2,False,False
XRPUSDT,mars_sign,fwd_absret_1d,0.0220425004441181,0.0269975419607441,0.0047179120365552,-0.0049550415166259,-1.0502615305739946,0.8645418326693227,2963,12,False,False
ATOMUSDT,mercury_retrograde,fwd_absret_1d,0.0013975422917089,0.0025802668385988,0.0011986000887133,-0.0011827245468898,-0.9867549302115702,0.8685258964143426,2603,2,False,False
DOGEUSDT,jupiter_retrograde,fwd_absret_1d,0.0013413416869647,0.0027860512775703,0.0014145581901642,-0.0014447095906056,-1.02131506547492,0.8685258964143426,2536,2,False,False
ADAUSDT,lunar_8phase,fwd_ret_1d,0.0087012601782508,0.0100844627416576,0.0012026892774438,-0.0013832025634067,-1.1500913738472789,0.8685258964143426,2980,8,False,False
UNIUSDT,harmonic_4_count_q5,fwd_vol_5d,0.0117700010933563,0.0159678950977009,0.0041938909715534,-0.0041978940043445,-1.0009544913824084,0.8685258964143426,2092,5,False,False
BCHUSDT,moon_near_full,fwd_absret_1d,0.0011595674587089,0.0021454189506395,0.0009555469599776,-0.0009858514919306,-1.0317143303492184,0.8685258964143426,2390,2,False,False
BCHUSDT,moon_decl_sign,fwd_ret_1d,0.0011876172843311,0.0023181288597563,0.0009312240257503,-0.0011305115754252,-1.2140060223578262,0.8685258964143426,2390,2,False,False
ADAUSDT,uranus_retrograde,fwd_ret_1d,0.000918273908061,0.0016780912347963,0.000694187727039,-0.0007598173267352,-1.0945415730355468,0.8685258964143426,2980,2,False,False
XRPUSDT,harmonic_3_count_q5,fwd_absret_1d,0.0056207726375877,0.0079508735725552,0.0021794948145909,-0.0023301009349675,-1.0691013896285744,0.8685258964143426,2963,5,False,False
XRPUSDT,jupiter_saturn_aspect,fwd_vol_5d,0.0026643058111264,0.0083646201558725,0.0056663088987471,-0.005700314344746,-1.006001339956328,0.8685258964143426,2959,2,False,False
UNIUSDT,lunar_4phase,fwd_vol_5d,0.0153190006965183,0.0174688889096771,0.0022348432887762,-0.0021498882131587,-0.9619861150693996,0.8725099601593626,2092,4,False,False
AAVEUSDT,mars_sign,fwd_absret_1d,0.0297306084279902,0.0354432105523041,0.0050250394750582,-0.0057126021243139,-1.1368273130327278,0.8725099601593626,2068,12,False,False
ATOMUSDT,aspect_square_count_q5,fwd_absret_1d,0.006232114140413,0.0085238768089985,0.0021211435152073,-0.0022917626685855,-1.0804373453068927,0.8725099601593626,2603,5,False,False
BCHUSDT,saturn_retrograde,fwd_ret_1d,0.0010806527558139,0.0029884013209619,0.0018541711087564,-0.0019077485651479,-1.0288956375916565,0.8725099601593626,2390,2,False,False
LTCUSDT,jupiter_retrograde,fwd_absret_1d,0.0011025061400438,0.0021859317948229,0.0009517794786327,-0.001083425654779,-1.1383158379663083,0.8725099601593626,3105,2,False,False
NEARUSDT,moon_near_full,fwd_ret_1d,0.0010383764585611,0.0022548730667569,0.0010147248567748,-0.0012164966081957,-1.1988438048736476,0.8764940239043825,2069,2,False,False
BCHUSDT,pluto_retrograde,fwd_ret_1d,0.0011640196433805,0.0026850898268466,0.0013965145764656,-0.0015210701834661,-1.0891903379309662,0.8764940239043825,2390,2,False,False
LINKUSDT,aspect_square_count_q5,fwd_vol_5d,0.0088301606510353,0.0126402520098722,0.0032827166992039,-0.0038100913588369,-1.1606518953526597,0.8764940239043825,2702,5,False,False
BTCUSDT,lunar_8phase,fwd_vol_5d,0.0189836881097402,0.0278408443165645,0.0075148484623306,-0.0088571562068242,-1.178620733501425,0.8803986710963455,3219,8,False,False
FILUSDT,jupiter_saturn_aspect,fwd_vol_5d,0.0033186095035888,0.0079038021762342,0.0046815625619564,-0.0045851926726454,-0.9794150162396223,0.8804780876494024,2064,2,False,False
AAVEUSDT,mars_out_of_bounds,fwd_ret_1d,0.0015955301997837,0.0035322101565281,0.0023083209713223,-0.0019366799567443,-0.8389994202733956,0.8804780876494024,2068,2,False,False
SOLUSDT,harmonic_4_count_q5,fwd_vol_5d,0.0007006378913665,0.0166958384731999,0.0113562348796893,-0.0159952005818333,-1.408495047107635,0.8837209302325582,2129,5,False,False
FILUSDT,mercury_retrograde,fwd_ret_1d,0.0017915377253157,0.0034556714409982,0.0013986809999962,-0.0016641337156824,-1.1897878899384005,0.8844621513944223,2068,2,False,False
FILUSDT,n_retrograde,fwd_vol_5d,0.0286907744771154,0.0382646771786821,0.0082170973639234,-0.0095739027015667,-1.1651197834895122,0.8844621513944223,2064,7,False,False
LINKUSDT,mars_sign,fwd_vol_5d,0.0531739873682601,0.0727939954792307,0.0160205047814739,-0.0196200081109705,-1.2246810183945676,0.8844621513944223,2702,12,False,False
LTCUSDT,mars_retrograde,fwd_vol_5d,0.0027007310589175,0.0054938315796854,0.0027490841458644,-0.0027931005207679,-1.0160112868751727,0.8844621513944223,3101,2,False,False
XRPUSDT,moon_near_full,fwd_ret_1d,0.0009853806471743,0.0018409485904848,0.0008396753462476,-0.0008555679433104,-1.0189270735812843,0.8844621513944223,2963,2,False,False
FILUSDT,sun_sign,fwd_absret_1d,0.0288735784615718,0.0318133530069354,0.0025735992947625,-0.0029397745453635,-1.1422813766487088,0.8844621513944223,2068,12,False,False
ATOMUSDT,venus_out_of_bounds,fwd_absret_1d,0.0009866515831032,0.0021439626587736,0.0009764207870563,-0.0011573110756703,-1.1852585391585289,0.8844621513944223,2603,2,False,False
BNBUSDT,mars_sign,fwd_vol_5d,0.087224292093063,0.109207938353578,0.0184342763838293,-0.021983646260515,-1.1925418607588631,0.8870431893687708,3138,12,False,False
DOGEUSDT,saturn_retrograde,fwd_ret_1d,0.0027410070775238,0.0044832720296779,0.0016200639196603,-0.001742264952154,-1.0754297599068736,0.8884462151394422,2536,2,False,False
ATOMUSDT,harmonic_4_count_q5,fwd_ret_1d,0.0060343052272278,0.0085706798941283,0.0023471578341193,-0.0025363746669004,-1.0806152999302294,0.8884462151394422,2603,5,False,False
FILUSDT,uranus_retrograde,fwd_ret_1d,0.0015083256633757,0.0037922090752854,0.0020718501928318,-0.0022838834119096,-1.102340033951981,0.8884462151394422,2068,2,False,False
AVAXUSDT,mercury_out_of_bounds,fwd_ret_1d,0.0012953573546878,0.0025658481430785,0.0011970763063963,-0.0012704907883907,-1.06132815560891,0.8884462151394422,2091,2,False,False
XRPUSDT,moon_void_of_course,fwd_ret_1d,0.0007075166801803,0.0015284573491697,0.0007239781831955,-0.0008209406689893,-1.1339301211617263,0.8884462151394422,2963,2,False,False
ADAUSDT,mars_retrograde,fwd_ret_1d,0.0008336861831432,0.0018752084320482,0.0008472850889861,-0.001041522248905,-1.229246522149116,0.8884462151394422,2980,2,False,False
UNIUSDT,sun_element,fwd_ret_1d,0.0058828821526786,0.0081862811557283,0.0017173772636741,-0.0023033990030496,-1.3412306380030723,0.8884462151394422,2096,4,False,False
AVAXUSDT,mercury_retrograde,fwd_vol_5d,0.0036270170468682,0.0082856455835472,0.003984986709715,-0.0046586285366789,-1.1690449369182578,0.8884462151394422,2087,2,False,False
LTCUSDT,uranus_retrograde,fwd_absret_1d,0.001054019919206,0.0023955879187678,0.0014603970967741,-0.0013415679995618,-0.9186323380984636,0.8884462151394422,3105,2,False,False
UNIUSDT,uranus_retrograde,fwd_absret_1d,0.0015723485514992,0.0036708145353221,0.0015919663319239,-0.0020984659838229,-1.3181597762101802,0.8884462151394422,2096,2,False,False
LINKUSDT,mars_sign,fwd_ret_1d,0.0200587761858559,0.0250355750258389,0.0039904414439165,-0.0049767988399829,-1.247180020037656,0.8884462151394422,2706,12,False,False
NEARUSDT,venus_retrograde,fwd_absret_1d,0.0012111380201572,0.0025813336181876,0.0014420937106908,-0.0013701955980304,-0.9501432451113112,0.8924302788844621,2069,2,False,False
FILUSDT,mars_saturn_hard_aspect,fwd_vol_5d,0.0025537112035208,0.0049629738035388,0.0021931864179846,-0.002409262600018,-1.0985215758503393,0.8924302788844621,2064,2,False,False
ADAUSDT,venus_retrograde,fwd_vol_5d,0.0016726821696834,0.0046252813666416,0.0028591140370151,-0.0029525991969581,-1.032697247725238,0.8924302788844621,2976,2,False,False
BCHUSDT,mars_saturn_hard_aspect,fwd_vol_5d,0.0024449670223472,0.0057708889042122,0.0032978487497328,-0.0033259218818649,-1.008512559023342,0.8924302788844621,2386,2,False,False
AVAXUSDT,mercury_retrograde,fwd_absret_1d,0.0013849079057481,0.0027325499302123,0.001157794170414,-0.0013476420244641,-1.1639737518994508,0.8924302788844621,2091,2,False,False
XRPUSDT,uranus_retrograde,fwd_vol_5d,0.0017303593604963,0.0026959905669357,0.0009246748893213,-0.0009656312064393,-1.0442926671751918,0.8924302788844621,2959,2,False,False
FILUSDT,venus_out_of_bounds,fwd_vol_5d,0.0034761728701182,0.0066408864281487,0.0030684771001257,-0.0031647135580304,-1.0313629382799585,0.896414342629482,2064,2,False,False
FILUSDT,sun_element,fwd_vol_5d,0.0084359164104078,0.0110921283665526,0.0019129721103205,-0.0026562119561447,-1.38852623193744,0.896414342629482,2064,4,False,False
AAVEUSDT,mars_out_of_bounds,fwd_absret_1d,0.0014243796176542,0.0035461434108696,0.0020858048095284,-0.0021217637932154,-1.017239860375597,0.896414342629482,2068,2,False,False
ADAUSDT,saturn_retrograde,fwd_ret_1d,0.000888644473916,0.0016201681017771,0.0007594535670946,-0.0007315236278611,-0.963223638095014,0.896414342629482,2980,2,False,False
LINKUSDT,mars_out_of_bounds,fwd_ret_1d,0.0011276561556602,0.0027992543786172,0.0020192484546762,-0.0016715982229569,-0.8278318693699191,0.896414342629482,2706,2,False,False
ATOMUSDT,mars_retrograde,fwd_absret_1d,0.0012353784462706,0.0025378455342629,0.0014509127042998,-0.0013024670879923,-0.8976881132355033,0.896414342629482,2603,2,False,False
ATOMUSDT,aspect_square_count_q5,fwd_vol_5d,0.0091534123781875,0.0143660365309106,0.0041080711450553,-0.0052126241527231,-1.268873875029484,0.900398406374502,2599,5,False,False
NEARUSDT,uranus_retrograde,fwd_vol_5d,0.003152266503274,0.0109607762900229,0.0079652529001637,-0.0078085097867488,-0.9803216400810552,0.900398406374502,2065,2,False,False
DOGEUSDT,jupiter_retrograde,fwd_ret_1d,0.0009587679993537,0.0021777734375906,0.0012292350601748,-0.0012190054382369,-0.9916780587624776,0.900398406374502,2536,2,False,False
LTCUSDT,moon_decl_sign,fwd_vol_5d,0.0013388337865283,0.0026519056363145,0.0011869755060442,-0.0013130718497862,-1.1062333157676465,0.900398406374502,3101,2,False,False
LTCUSDT,hard_aspect_count_q5,fwd_ret_1d,0.0045263392581122,0.0063469934417174,0.0015896520715108,-0.0018206541836052,-1.1453161457366867,0.900398406374502,3105,5,False,False
DOTUSDT,venus_out_of_bounds,fwd_ret_1d,0.0006869483421428,0.0021496781118136,0.0011711817067571,-0.0014627297696708,-1.248934952818692,0.900398406374502,2126,2,False,False
NEARUSDT,jupiter_saturn_aspect,fwd_absret_1d,0.0013406621368658,0.0042431290695715,0.0030061200569754,-0.0029024669327057,-0.9655192998598944,0.900398406374502,2069,2,False,False
ATOMUSDT,saturn_retrograde,fwd_absret_1d,0.0009416681669635,0.001558091178349,0.0005035146061786,-0.0006164230113854,-1.2242405757872517,0.900398406374502,2603,2,False,False
ATOMUSDT,n_retrograde,fwd_ret_1d,0.009913811990199,0.0130383917360136,0.0027752998383577,-0.0031245797458145,-1.1258530349151428,0.900398406374502,2603,7,False,False
ADAUSDT,mars_out_of_bounds,fwd_vol_5d,0.0022973970910446,0.0060987895505714,0.0033762577072569,-0.0038013924595267,-1.1259189283318212,0.900398406374502,2976,2,False,False
DOGEUSDT,aspect_trine_count_q5,fwd_absret_1d,0.0068982296680596,0.0100592323849844,0.0025159820685407,-0.0031610027169247,-1.2563693344436844,0.900398406374502,2536,5,False,False
ATOMUSDT,saturn_retrograde,fwd_vol_5d,0.0016093685238061,0.0035869276373566,0.0017208638990547,-0.0019775591135505,-1.149166482391073,0.900398406374502,2599,2,False,False
FILUSDT,sun_modality,fwd_vol_5d,0.0057268979361952,0.009227295773538,0.0027725072473508,-0.0035003978373428,-1.262538751048355,0.904382470119522,2064,3,False,False
ATOMUSDT,mars_sign,fwd_ret_1d,0.0221368488536969,0.0287589245620664,0.004971587050186,-0.0066220757083694,-1.3319842620721511,0.904382470119522,2603,12,False,False
ADAUSDT,venus_out_of_bounds,fwd_vol_5d,0.0020739548094615,0.0053957460947866,0.0036298677870362,-0.0033217912853251,-0.9151273490424732,0.904382470119522,2976,2,False,False
AVAXUSDT,hard_aspect_count_q5,fwd_absret_1d,0.0071950939272357,0.0101399422395531,0.002436093691847,-0.0029448483123174,-1.2088403340860907,0.904382470119522,2091,5,False,False
XRPUSDT,mercury_retrograde,fwd_vol_5d,0.0016089479229458,0.004541775125137,0.0025437715029838,-0.0029328272021912,-1.1529444365388035,0.904382470119522,2959,2,False,False
ATOMUSDT,moon_void_of_course,fwd_absret_1d,0.0008896068279242,0.0018437906952778,0.0007765535080671,-0.0009541838673536,-1.228741944297783,0.904382470119522,2603,2,False,False
DOGEUSDT,mercury_out_of_bounds,fwd_vol_5d,0.0021628917198383,0.0052070598071223,0.0028810788088842,-0.0030441680872839,-1.0566070174466855,0.904382470119522,2532,2,False,False
DOGEUSDT,harmonic_3_count_q5,fwd_ret_1d,0.006232764081939,0.0090605956861633,0.0022190494661468,-0.0028278316042242,-1.2743436536070218,0.904382470119522,2536,5,False,False
ADAUSDT,jupiter_sign,fwd_vol_5d,0.0793193811820967,0.0913584931317308,0.009873378560249,-0.012039111949634,-1.2193507902253835,0.904382470119522,2976,9,False,False
XRPUSDT,harmonic_4_count_q5,fwd_vol_5d,0.0068101685928408,0.0102740481913659,0.0028810432187623,-0.003463879598525,-1.2023004639316308,0.9083665338645418,2959,5,False,False
DOTUSDT,moon_perigee_q4,fwd_absret_1d,0.0042054978290779,0.0058338982731209,0.0013947279201992,-0.0016284004440429,-1.1675398624058468,0.9083665338645418,2126,4,False,False
NEARUSDT,pluto_out_of_bounds,fwd_absret_1d,0.0009517735144524,0.003873733754149,0.0031423864146693,-0.0029219602396966,-0.929853892588232,0.9083665338645418,2069,2,False,False
DOGEUSDT,jupiter_saturn_aspect,fwd_ret_1d,0.0014941618583308,0.0036610444930447,0.0022017003918499,-0.0021668826347139,-0.984185969505726,0.9083665338645418,2536,2,False,False
NEARUSDT,hard_aspect_count_q5,fwd_ret_1d,0.0069421437648206,0.0098878539866683,0.002320627415197,-0.0029457102218476,-1.2693593993404948,0.9083665338645418,2069,5,False,False
XRPUSDT,sun_sign,fwd_ret_1d,0.0175908047481332,0.0214402897627726,0.0025500522401551,-0.0038494850146394,-1.5095710409466774,0.9083665338645418,2963,12,False,False
DOTUSDT,aspect_square_count_q5,fwd_vol_5d,0.0118061816722132,0.0165320274142958,0.0041802948779957,-0.0047258457420826,-1.1305053542893566,0.9083665338645418,2122,5,False,False
ETHUSDT,sun_element,fwd_ret_1d,0.0008092192149011,0.012544279590377,0.0082671092503369,-0.0117350603754758,-1.4194877580694396,0.9102990033222592,3223,4,False,False
AAVEUSDT,moon_decl_q4,fwd_vol_5d,0.0091686272904974,0.0128491014694175,0.0027973139192219,-0.0036804741789201,-1.3157172506201544,0.9123505976095616,2064,4,False,False
UNIUSDT,harmonic_3_count_q5,fwd_absret_1d,0.0071060628536974,0.0115896751956822,0.0037427657301062,-0.0044836123419848,-1.1979409520396471,0.9123505976095616,2096,5,False,False
LTCUSDT,mars_sign,fwd_absret_1d,0.021135696017596,0.0266537056385515,0.0044086599952662,-0.0055180096209555,-1.251629662273912,0.9123505976095616,3105,12,False,False
AVAXUSDT,saturn_retrograde,fwd_absret_1d,0.0014029148051417,0.0036576693310446,0.0017600114062889,-0.0022547545259028,-1.2811022234549827,0.9123505976095616,2091,2,False,False
XRPUSDT,mercury_retrograde,fwd_absret_1d,0.0007968838377658,0.0018854098221916,0.0009308002024974,-0.0010885259844258,-1.169451813079969,0.9123505976095616,2963,2,False,False
ATOMUSDT,harmonic_3_count_q5,fwd_ret_1d,0.0067762901448888,0.0103239603889118,0.0028995553793996,-0.003547670244023,-1.2235221541992125,0.9123505976095616,2603,5,False,False
BTCUSDT,mars_sign,fwd_absret_1d,0.0019999617535715,0.0199177071644269,0.011758215548383,-0.0179177454108554,-1.523849034500764,0.9136212624584718,3223,12,False,False
ETHUSDT,sun_sign,fwd_vol_5d,0.0637099311436464,0.0763020556662603,0.0095530291839573,-0.0125921245226139,-1.318128970417077,0.9136212624584718,3219,12,False,False
NEARUSDT,pluto_out_of_bounds,fwd_ret_1d,0.0013087988569207,0.0040755083186141,0.0022204673508042,-0.0027667094616933,-1.2460032167062876,0.9163346613545816,2069,2,False,False
DOGEUSDT,moon_decl_q4,fwd_absret_1d,0.0035527611886238,0.0053478251615074,0.0013647894235407,-0.0017950639728836,-1.3152680859927257,0.9163346613545816,2536,4,False,False
XRPUSDT,jupiter_retrograde,fwd_ret_1d,0.0006418620490551,0.0016138285292458,0.0008676415382098,-0.0009719664801907,-1.1202396812353286,0.9163346613545816,2963,2,False,False
ATOMUSDT,mercury_retrograde,fwd_ret_1d,0.0009067363352578,0.0021903129071925,0.0011006410766565,-0.0012835765719347,-1.1662081301144451,0.9163346613545816,2603,2,False,False
AAVEUSDT,pluto_retrograde,fwd_absret_1d,0.0011861275174868,0.0033306146907423,0.0015671180653334,-0.0021444871732554,-1.3684273193539385,0.9163346613545816,2068,2,False,False
DOTUSDT,jupiter_saturn_aspect,fwd_ret_1d,0.0012020806278081,0.0048105327654759,0.0042803279087366,-0.0036084521376677,-0.84303170565566,0.9203187250996016,2126,2,False,False
XRPUSDT,jupiter_saturn_aspect,fwd_ret_1d,0.0011613240581153,0.0032670080691947,0.0017401133718213,-0.0021056840110793,-1.2100843802351835,0.9203187250996016,2963,2,False,False
FILUSDT,uranus_retrograde,fwd_vol_5d,0.0022695101877804,0.0109361859743711,0.0064074045331336,-0.0086666757865906,-1.352603186169071,0.9203187250996016,2064,2,False,False
XRPUSDT,pluto_out_of_bounds,fwd_vol_5d,0.0024349908367884,0.0065278439379891,0.0045561406625022,-0.0040928531012006,-0.8983157905736882,0.9203187250996016,2959,2,False,False
ATOMUSDT,hard_aspect_count_q5,fwd_absret_1d,0.0057404235840572,0.0084453522979337,0.0022032268541875,-0.0027049287138764,-1.2277123024056356,0.9203187250996016,2603,5,False,False
BCHUSDT,aspect_conjunction_count_q5,fwd_ret_1d,0.0065028557158777,0.0094803851353809,0.0024496282872299,-0.0029775294195031,-1.215502545845477,0.9243027888446216,2390,5,False,False
FILUSDT,uranus_retrograde,fwd_absret_1d,0.0014737077835613,0.0041725244269068,0.0021450887083414,-0.0026988166433455,-1.2581375459442932,0.9243027888446216,2068,2,False,False
FILUSDT,sun_modality,fwd_ret_1d,0.002653649877891,0.0044442561191052,0.0013540740998475,-0.0017906062412141,-1.3223842339320904,0.9243027888446216,2068,3,False,False
XRPUSDT,moon_near_new,fwd_absret_1d,0.0006662954295133,0.0016941071028235,0.0008945967472451,-0.0010278116733101,-1.1489105862224585,0.9243027888446216,2963,2,False,False
ADAUSDT,moon_void_of_course,fwd_ret_1d,0.0006759478827757,0.0015534501257008,0.0007068345232789,-0.0008775022429251,-1.2414535708505188,0.9243027888446216,2980,2,False,False
DOGEUSDT,jupiter_saturn_aspect,fwd_absret_1d,0.0014700598766666,0.0040875266667062,0.0024165520222047,-0.0026174667900396,-1.0831410894484226,0.9243027888446216,2536,2,False,False
DOTUSDT,mars_sign,fwd_vol_5d,0.0757423836899776,0.0955915290493429,0.0160425516359085,-0.0198491453593652,-1.2372810641255017,0.9243027888446216,2122,12,False,False
DOGEUSDT,hard_aspect_count_q5,fwd_absret_1d,0.0053026689066181,0.0078453033907532,0.0019537702289987,-0.002542634484135,-1.3013989293091086,0.9282868525896414,2536,5,False,False
XRPUSDT,uranus_retrograde,fwd_absret_1d,0.0007226026330046,0.0018992688461194,0.0008533899201339,-0.0011766662131147,-1.3788142856551755,0.9282868525896414,2963,2,False,False
AAVEUSDT,lunar_4phase,fwd_vol_5d,0.0066881618560693,0.008837658108391,0.0014941218069077,-0.0021494962523216,-1.4386352186173528,0.9282868525896414,2064,4,False,False
ATOMUSDT,mars_retrograde,fwd_vol_5d,0.0024995914036641,0.0073419916076031,0.0042612008843735,-0.004842400203939,-1.1363933161885804,0.9282868525896414,2599,2,False,False
NEARUSDT,uranus_retrograde,fwd_absret_1d,0.0009770832922662,0.003132956370891,0.002340043730871,-0.0021558730786248,-0.921296063908338,0.9282868525896414,2069,2,False,False
DOGEUSDT,harmonic_4_count_q5,fwd_vol_5d,0.0090248805291453,0.0141392880684174,0.0036086380638846,-0.005114407539272,-1.4172680797382156,0.9282868525896414,2532,5,False,False
ADAUSDT,lunar_8phase,fwd_absret_1d,0.0095515645352581,0.0113769409788026,0.0012777036323087,-0.0018253764435444,-1.4286383769967843,0.9282868525896414,2980,8,False,False
ETHUSDT,mars_sign,fwd_vol_5d,0.0702481010698732,0.0913639283316602,0.014005173685728,-0.021115827261787,-1.5077162008569127,0.9302325581395348,3219,12,False,False
ETHUSDT,venus_sign,fwd_vol_5d,0.0643403134105975,0.0817793124512734,0.0123224485927386,-0.0174389990406758,-1.4152218943686488,0.9302325581395348,3219,12,False,False
BCHUSDT,hard_aspect_count_q5,fwd_ret_1d,0.0056838889827193,0.0079242863772085,0.0018310713181314,-0.0022403973944892,-1.223544584148384,0.9322709163346612,2390,5,False,False
BCHUSDT,harmonic_4_count_q5,fwd_vol_5d,0.0079055020868153,0.0122297696390637,0.0031995005598297,-0.0043242675522484,-1.3515445524655691,0.9322709163346612,2386,5,False,False
AVAXUSDT,lunar_4phase,fwd_vol_5d,0.0086784649560394,0.0126184319766175,0.0027569417082627,-0.0039399670205781,-1.429107843945243,0.9322709163346612,2087,4,False,False
DOGEUSDT,mars_sign,fwd_ret_1d,0.0267465299192708,0.0321256973068108,0.0042264412898537,-0.0053791673875399,-1.272741538005873,0.9362549800796812,2536,12,False,False
AAVEUSDT,uranus_retrograde,fwd_ret_1d,0.0010900288842344,0.0033487888859428,0.0020604412414586,-0.0022587600017084,-1.096250626448076,0.9362549800796812,2068,2,False,False
BCHUSDT,aspect_conjunction_count_q5,fwd_absret_1d,0.0069159939527164,0.0102409576259542,0.0025722332797359,-0.0033249636732377,-1.292636907947565,0.9362549800796812,2390,5,False,False
UNIUSDT,pluto_out_of_bounds,fwd_vol_5d,0.0027316044400335,0.0114868501091156,0.0082441847634794,-0.0087552456690821,-1.0619904721042477,0.9362549800796812,2092,2,False,False
ADAUSDT,moon_decl_sign,fwd_ret_1d,0.0005103389233022,0.0014010014112005,0.0006454443691621,-0.0008906624878983,-1.3799213850985492,0.9362549800796812,2980,2,False,False
SOLUSDT,venus_sign,fwd_vol_5d,0.0738294025278136,0.0951466704449521,0.014502155694803,-0.0213172679171384,-1.4699378744621854,0.9368770764119602,2129,12,False,False
ETHUSDT,jupiter_saturn_aspect,fwd_vol_5d,0.0015510006161483,0.0141432009283673,0.0087567664921255,-0.012592200312219,-1.4379965851027778,0.9401993355481728,3219,2,False,False
NEARUSDT,pluto_out_of_bounds,fwd_vol_5d,0.0043015134087548,0.0126406705270648,0.0087228615001849,-0.00833915711831,-0.9560116388565026,0.9402390438247012,2065,2,False,False
AAVEUSDT,venus_sign,fwd_ret_1d,0.0245016934465927,0.0326032309218707,0.0059702265488313,-0.008101537475278,-1.356989958256077,0.9402390438247012,2068,12,False,False
DOTUSDT,mercury_retrograde,fwd_absret_1d,0.0010691134236763,0.0027341767417581,0.0012053204387084,-0.0016650633180817,-1.3814279295437455,0.9402390438247012,2126,2,False,False
BCHUSDT,moon_void_of_course,fwd_vol_5d,0.0007273379881955,0.0019133311949233,0.0008952581579898,-0.0011859932067277,-1.3247499574766997,0.9402390438247012,2386,2,False,False
ETHUSDT,pluto_out_of_bounds,fwd_vol_5d,0.0008397283910794,0.0086456181670832,0.0063871409095274,-0.0078058897760037,-1.2221258128750565,0.9435215946843852,3219,2,False,False
UNIUSDT,uranus_retrograde,fwd_ret_1d,0.0012666922712369,0.0031735040452513,0.0015048702589443,-0.0019068117740143,-1.2670937994029792,0.9442231075697212,2096,2,False,False
DOTUSDT,pluto_out_of_bounds,fwd_absret_1d,0.0013727441549245,0.0043820173043203,0.003202246311128,-0.0030092731493958,-0.9397381890763172,0.9442231075697212,2126,2,False,False
AVAXUSDT,pluto_retrograde,fwd_absret_1d,0.0012966522162929,0.0038481666192327,0.0021290910072459,-0.0025515144029397,-1.1984055140227576,0.9442231075697212,2091,2,False,False
BCHUSDT,hard_aspect_count_q5,fwd_vol_5d,0.007267180687035,0.0117731250542054,0.003360779117579,-0.0045059443671704,-1.3407439791569182,0.9442231075697212,2386,5,False,False
LTCUSDT,venus_out_of_bounds,fwd_vol_5d,0.0015744259606857,0.0043545677601792,0.002800495029591,-0.0027801417994934,-0.9927322741577488,0.9442231075697212,3101,2,False,False
ATOMUSDT,saturn_retrograde,fwd_ret_1d,0.0011378506646496,0.0017781426891492,0.0004613563218371,-0.0006402920244996,-1.3878470808634022,0.9442231075697212,2603,2,False,False
NEARUSDT,mars_retrograde,fwd_absret_1d,0.0008193223224883,0.0031833914042744,0.002000798225256,-0.0023640690817861,-1.1815629641932406,0.9442231075697212,2069,2,False,False
LINKUSDT,uranus_retrograde,fwd_vol_5d,0.002370600569504,0.0068226923446135,0.0033937885779001,-0.0044520917751095,-1.3118353347350478,0.9442231075697212,2702,2,False,False
DOGEUSDT,aspect_conjunction_count_q5,fwd_absret_1d,0.0067841127031177,0.0104756777674533,0.00247619169134,-0.0036915650643355,-1.4908236213076769,0.9482071713147412,2536,5,False,False
XRPUSDT,aspect_square_count_q5,fwd_vol_5d,0.0070672626530772,0.0110160874414276,0.0030297925599921,-0.0039488247883503,-1.303331733166771,0.9482071713147412,2959,5,False,False
ADAUSDT,mercury_retrograde,fwd_vol_5d,0.0020876828434518,0.0052984820883986,0.0028771660720153,-0.0032107992449467,-1.1159589556461589,0.9482071713147412,2976,2,False,False
NEARUSDT,hard_aspect_count_q5,fwd_absret_1d,0.0064351553291213,0.0096841411723711,0.0024135097545612,-0.0032489858432498,-1.346166443748387,0.9482071713147412,2069,5,False,False
ATOMUSDT,mars_out_of_bounds,fwd_vol_5d,0.0022406408590251,0.0083981734659927,0.0062572469096028,-0.0061575326069676,-0.9840641892391854,0.9482071713147412,2599,2,False,False
ATOMUSDT,mars_sign,fwd_absret_1d,0.0221390311280543,0.0295597377894355,0.0045997491200415,-0.0074207066613812,-1.6132850874515132,0.9482071713147412,2603,12,False,False
LTCUSDT,moon_decl_sign,fwd_absret_1d,0.0005585803246568,0.0011849665018228,0.000495334740342,-0.000626386177166,-1.26457146279185,0.9482071713147412,3105,2,False,False
BTCUSDT,sun_sign,fwd_vol_5d,0.0548379635772513,0.0738048026656725,0.0106826859398825,-0.0189668390884211,-1.775474744381529,0.9501661129568106,3219,12,False,False
ATOMUSDT,moon_near_new,fwd_vol_5d,0.0007513287088828,0.0020317136672347,0.0008795542997139,-0.0012803849583518,-1.4557201968864042,0.952191235059761,2599,2,False,False
FILUSDT,mars_sign,fwd_absret_1d,0.0249752772915538,0.0344012268782662,0.0057333766415229,-0.0094259495867123,-1.6440485556882083,0.952191235059761,2068,12,False,False
AVAXUSDT,mercury_retrograde,fwd_ret_1d,0.0008007103376468,0.0019138559883052,0.0007414945684332,-0.0011131456506583,-1.5012188868901035,0.952191235059761,2091,2,False,False
AVAXUSDT,mars_out_of_bounds,fwd_vol_5d,0.0025207508298751,0.009259837074373,0.0053443536850746,-0.0067390862444979,-1.26097310200829,0.952191235059761,2087,2,False,False
DOTUSDT,mars_sign,fwd_absret_1d,0.0243295706954231,0.0321118623174361,0.0055072649642467,-0.0077822916220129,-1.4130955515189034,0.952191235059761,2126,12,False,False
UNIUSDT,uranus_retrograde,fwd_vol_5d,0.0018829989426003,0.0060906696735271,0.0032297055635383,-0.0042076707309267,-1.302803196188895,0.9561752988047808,2092,2,False,False
DOTUSDT,moon_void_of_course,fwd_vol_5d,0.0007585061984454,0.0021685528554972,0.0009757372943182,-0.0014100466570518,-1.445108909193621,0.9561752988047808,2122,2,False,False
ADAUSDT,harmonic_4_count_q5,fwd_vol_5d,0.0057144902096205,0.0103191756496726,0.0027298913447727,-0.0046046854400521,-1.686765097398211,0.9561752988047808,2976,5,False,False
ADAUSDT,hard_aspect_count_q5,fwd_vol_5d,0.0060878705052194,0.0102448889786239,0.0029959400372387,-0.0041570184734044,-1.3875506257580936,0.9561752988047808,2976,5,False,False
DOGEUSDT,mercury_retrograde,fwd_ret_1d,0.0011790548817898,0.0027847529772692,0.0011324126363245,-0.0016056980954794,-1.417944346409812,0.9561752988047808,2536,2,False,False
FILUSDT,mercury_retrograde,fwd_vol_5d,0.0020694479967303,0.0077402941248232,0.0044081417914129,-0.0056708461280929,-1.2864482125188743,0.9561752988047808,2064,2,False,False
AVAXUSDT,mars_sign,fwd_absret_1d,0.0301529692965336,0.0362982218386028,0.004398105105364,-0.0061452525420691,-1.3972500417450853,0.9561752988047808,2091,12,False,False
DOTUSDT,hard_aspect_count_q5,fwd_absret_1d,0.0062848091249365,0.0097245702924351,0.0024751307483853,-0.0034397611674985,-1.3897290758245828,0.9561752988047808,2126,5,False,False
LINKUSDT,sun_element,fwd_absret_1d,0.0032506115148432,0.0059590120401041,0.0017216866716404,-0.0027084005252609,-1.5731088413900445,0.9561752988047808,2706,4,False,False
NEARUSDT,moon_void_of_course,fwd_absret_1d,0.0008627254212339,0.0022994846446591,0.0011357457349573,-0.0014367592234251,-1.2650359840260197,0.9561752988047808,2069,2,False,False
DOTUSDT,mercury_retrograde,fwd_ret_1d,0.0007763043345891,0.0024004600416845,0.0012325783921151,-0.0016241557070953,-1.3176895826547084,0.9561752988047808,2126,2,False,False
LTCUSDT,mars_sign,fwd_vol_5d,0.0442661189163464,0.0581177853755266,0.0091658840025022,-0.0138516664591802,-1.511219916747663,0.9561752988047808,3101,12,False,False
ADAUSDT,jupiter_retrograde,fwd_ret_1d,0.0006961373795119,0.0018145910379705,0.0008466229650619,-0.0011184536584585,-1.321076446794402,0.9561752988047808,2980,2,False,False
UNIUSDT,harmonic_3_count_q5,fwd_ret_1d,0.007069996854173,0.0114460093968101,0.0030612626429611,-0.0043760125426371,-1.429479614465315,0.9561752988047808,2096,5,False,False
BTCUSDT,venus_out_of_bounds,fwd_vol_5d,0.0020891133407667,0.0105643663219349,0.0055054715762889,-0.0084752529811681,-1.5394236195259858,0.956810631229236,3219,2,False,False
AAVEUSDT,saturn_retrograde,fwd_ret_1d,0.0008807552680965,0.0031054520945336,0.001792286822877,-0.0022246968264371,-1.2412616094927666,0.9601593625498008,2068,2,False,False
LINKUSDT,mars_out_of_bounds,fwd_vol_5d,0.0017973575767143,0.0076587193731157,0.0053788270743933,-0.0058613617964014,-1.0897100269880815,0.9601593625498008,2702,2,False,False
AAVEUSDT,saturn_retrograde,fwd_absret_1d,0.0009280969710876,0.0034911375414636,0.0018452514645662,-0.002563040570376,-1.3889925680013295,0.9601593625498008,2068,2,False,False
AAVEUSDT,moon_decl_q4,fwd_absret_1d,0.004795690896381,0.007551409941825,0.0018488298376943,-0.0027557190454439,-1.49052064676793,0.9601593625498008,2068,4,False,False
AVAXUSDT,mars_sign,fwd_vol_5d,0.0634683044998163,0.091433288446069,0.0141628566599066,-0.0279649839462526,-1.974529900130828,0.9601593625498008,2087,12,False,False
AAVEUSDT,mercury_retrograde,fwd_ret_1d,0.0008390229627937,0.0022359957143137,0.0010149195595037,-0.0013969727515199,-1.3764369190037378,0.9601593625498008,2068,2,False,False
NEARUSDT,mars_saturn_hard_aspect,fwd_vol_5d,0.0015375280038331,0.005636318666069,0.0030602719622747,-0.0040987906622358,-1.339355035357424,0.9641434262948207,2065,2,False,False
AAVEUSDT,mars_sign,fwd_ret_1d,0.0266771317366654,0.0346750641336041,0.0047974181362559,-0.0079979323969387,-1.6671326471410162,0.9641434262948207,2068,12,False,False
LTCUSDT,moon_near_new,fwd_absret_1d,0.0005782639586979,0.0017450107564922,0.0008351517544487,-0.0011667467977942,-1.3970476522130593,0.9641434262948207,3105,2,False,False
AAVEUSDT,pluto_retrograde,fwd_ret_1d,0.0009941383099552,0.0033699931052423,0.0017647296315624,-0.0023758547952871,-1.3462995989837214,0.9641434262948207,2068,2,False,False
LINKUSDT,sun_element,fwd_ret_1d,0.0033327126209499,0.0054615471956376,0.0013964283202815,-0.0021288345746876,-1.5244853916014096,0.9641434262948207,2706,4,False,False
LTCUSDT,sun_modality,fwd_vol_5d,0.0096988293711792,0.0150804118532909,0.0036852811708522,-0.0053815824821117,-1.4602908794791365,0.9641434262948207,3101,3,False,False
LINKUSDT,mars_retrograde,fwd_ret_1d,0.0007012932249911,0.002022303240292,0.000953520984417,-0.0013210100153008,-1.3854021430986214,0.9641434262948207,2706,2,False,False
LINKUSDT,moon_out_of_bounds,fwd_ret_1d,0.0008266970916554,0.0023166598582907,0.0009324198957328,-0.0014899627666353,-1.59795256777984,0.9641434262948207,2706,2,False,False
LTCUSDT,moon_near_new,fwd_ret_1d,0.0004297799006187,0.0015648687587524,0.0007994772175079,-0.0011350888581336,-1.4197888736241009,0.9641434262948207,3105,2,False,False
BNBUSDT,uranus_retrograde,fwd_vol_5d,0.0022200931419253,0.0189017158173077,0.0099136822370795,-0.0166816226753824,-1.682686843944739,0.9667774086378738,3138,2,False,False
NEARUSDT,mars_retrograde,fwd_vol_5d,0.0027291292621418,0.008351257303908,0.0054375319068336,-0.0056221280417662,-1.0339485152630803,0.9681274900398408,2065,2,False,False
DOTUSDT,pluto_retrograde,fwd_absret_1d,0.0015729986315503,0.0037450729379689,0.0016548280960501,-0.0021720743064186,-1.312567940804861,0.9681274900398408,2126,2,False,False
AVAXUSDT,pluto_retrograde,fwd_ret_1d,0.0008899204474541,0.0035466149863364,0.001848760360508,-0.0026566945388822,-1.4370140098374808,0.9681274900398408,2091,2,False,False
ADAUSDT,jupiter_sign,fwd_ret_1d,0.0216938264859218,0.0268120199931444,0.0030562170864265,-0.0051181935072226,-1.6746825773450045,0.9681274900398408,2980,9,False,False
AAVEUSDT,pluto_out_of_bounds,fwd_vol_5d,0.0024788543190875,0.0102465264710776,0.006585269938646,-0.0077676721519901,-1.179552580890426,0.9681274900398408,2064,2,False,False
ADAUSDT,aspect_square_count_q5,fwd_vol_5d,0.0074170363692451,0.0118746024557327,0.002783069812843,-0.0044575660864875,-1.601672392807812,0.9681274900398408,2976,5,False,False
BNBUSDT,n_retrograde,fwd_vol_5d,0.0333295453814939,0.0598828423172775,0.0135494643290409,-0.0265532969357836,-1.9597303842389724,0.9700996677740864,3138,7,False,False
FILUSDT,sun_sign,fwd_vol_5d,0.0556141854425936,0.0668424120564025,0.0070953919787696,-0.0112282266138089,-1.5824674165155814,0.9721115537848606,2064,12,False,False
AVAXUSDT,mars_retrograde,fwd_absret_1d,0.0009375412341531,0.0032305109997936,0.0014659065721339,-0.0022929697656404,-1.564199116934586,0.9721115537848606,2091,2,False,False
XRPUSDT,jupiter_saturn_aspect,fwd_absret_1d,0.0007001084661612,0.0031369893789425,0.0019622520869908,-0.0024368809127812,-1.2418796386749174,0.9721115537848606,2963,2,False,False
DOTUSDT,saturn_retrograde,fwd_absret_1d,0.001255617607594,0.0035630409124635,0.0016193113915679,-0.0023074233048694,-1.42494106870654,0.9721115537848606,2126,2,False,False
DOGEUSDT,hard_aspect_count_q5,fwd_ret_1d,0.0043529717067167,0.00759465199159,0.0018721687087426,-0.0032416802848733,-1.731510771297111,0.9721115537848606,2536,5,False,False
AAVEUSDT,uranus_retrograde,fwd_absret_1d,0.0009499141351624,0.00317634289984,0.0016088115671199,-0.0022264287646775,-1.3838965421309617,0.9721115537848606,2068,2,False,False
LTCUSDT,pluto_out_of_bounds,fwd_ret_1d,0.0007535319023849,0.0026131190397129,0.0015341465624837,-0.0018595871373279,-1.2121313457283942,0.9760956175298804,3105,2,False,False
FILUSDT,moon_decl_sign,fwd_vol_5d,0.0010636799093427,0.0057415957151698,0.0038960666141851,-0.004677915805827,-1.200676546133811,0.9760956175298804,2064,2,False,False
FILUSDT,moon_near_new,fwd_absret_1d,0.0005842540098008,0.002346611443961,0.0012373144790126,-0.0017623574341602,-1.4243407509193733,0.9760956175298804,2068,2,False,False
LINKUSDT,mercury_retrograde,fwd_vol_5d,0.0018674025115441,0.0059216037034954,0.0026634956671992,-0.0040542011919512,-1.5221354560018614,0.9760956175298804,2702,2,False,False
XRPUSDT,venus_out_of_bounds,fwd_ret_1d,0.0004955499800042,0.0020164530162633,0.0010842012158343,-0.0015209030362591,-1.402786691295834,0.9760956175298804,2963,2,False,False
LTCUSDT,jupiter_retrograde,fwd_ret_1d,0.0008098726539618,0.0020875142182206,0.0007777874443196,-0.0012776415642588,-1.6426615955166006,0.9760956175298804,3105,2,False,False
LTCUSDT,hard_aspect_count_q5,fwd_absret_1d,0.0039392059565056,0.0064606133803982,0.0015827180670127,-0.0025214074238926,-1.5930869031220325,0.9760956175298804,3105,5,False,False
BNBUSDT,pluto_out_of_bounds,fwd_vol_5d,0.0005877055394007,0.0107775658895369,0.0078106280918812,-0.0101898603501361,-1.3046147160339148,0.9767441860465116,3138,2,False,False
BTCUSDT,moon_decl_q4,fwd_vol_5d,0.0028542073069344,0.0217629529222285,0.0093416501014351,-0.018908745615294,-2.024133360806261,0.9767441860465116,3219,4,False,False
ADAUSDT,jupiter_saturn_aspect,fwd_absret_1d,0.0006000557993063,0.0027734867577227,0.0017516828540103,-0.0021734309584164,-1.240767387452847,0.9800796812749004,2980,2,False,False
DOGEUSDT,mercury_retrograde,fwd_vol_5d,0.0016820077621889,0.0052588319236485,0.0023669040606245,-0.0035768241614595,-1.5111825700766737,0.9800796812749004,2532,2,False,False
ATOMUSDT,harmonic_4_count_q5,fwd_absret_1d,0.0047463371195475,0.0087111261011948,0.0022556953136946,-0.0039647889816473,-1.7576793096020056,0.9800796812749004,2603,5,False,False
FILUSDT,pluto_out_of_bounds,fwd_absret_1d,0.0010912384474525,0.0035914355308109,0.0022270100191848,-0.0025001970833583,-1.1226698855506505,0.9800796812749004,2068,2,False,False
NEARUSDT,jupiter_saturn_aspect,fwd_ret_1d,0.0012398965481854,0.0045013214104514,0.002914053757572,-0.003261424862266,-1.119205455215545,0.9800796812749004,2069,2,False,False
ATOMUSDT,venus_out_of_bounds,fwd_vol_5d,0.0013515561329373,0.0056998596899274,0.0027230576705614,-0.0043483035569901,-1.5968459294854227,0.9840637450199204,2599,2,False,False
BCHUSDT,pluto_out_of_bounds,fwd_vol_5d,0.0019957415163524,0.0079524098990378,0.004821804755033,-0.0059566683826854,-1.235360759157188,0.9840637450199204,2386,2,False,False
AAVEUSDT,uranus_retrograde,fwd_vol_5d,0.002141150626292,0.0074633030590809,0.0040049143422323,-0.0053221524327889,-1.3289054341727573,0.9840637450199204,2064,2,False,False
FILUSDT,moon_sign,fwd_vol_5d,0.0247785574040233,0.0332524692967731,0.0063964239050126,-0.0084739118927497,-1.3247889787462332,0.9880478087649402,2064,12,False,False
DOTUSDT,harmonic_4_count_q5,fwd_ret_1d,0.0057754368788238,0.0107249062383047,0.0026484127406142,-0.0049494693594808,-1.8688436600455791,0.9880478087649402,2126,5,False,False
LTCUSDT,uranus_retrograde,fwd_ret_1d,0.0005968743392957,0.002376804087725,0.0014733295803005,-0.0017799297484292,-1.2081001917210203,0.9880478087649402,3105,2,False,False
AVAXUSDT,uranus_retrograde,fwd_absret_1d,0.0009088577936442,0.0036627157928318,0.0017991816536673,-0.0027538579991876,-1.530616985546876,0.9880478087649402,2091,2,False,False
BCHUSDT,mars_saturn_hard_aspect,fwd_ret_1d,0.0005487352757704,0.0021846497866885,0.001261888189446,-0.0016359145109181,-1.2964021096324758,0.9880478087649402,2390,2,False,False
LINKUSDT,mars_retrograde,fwd_vol_5d,0.0014857505257094,0.0055841674846946,0.0029044315517728,-0.0040984169589852,-1.4110909091603765,0.9880478087649402,2702,2,False,False
ETHUSDT,jupiter_sign,fwd_absret_1d,0.0037934164904713,0.0257983137031078,0.0094625077966101,-0.0220048972126364,-2.3254825978076785,0.9900332225913622,3223,10,False,False
AAVEUSDT,venus_retrograde,fwd_absret_1d,0.0005846067794894,0.0030369091418807,0.0017090895077418,-0.0024523023623912,-1.4348589417247226,0.9920318725099602,2068,2,False,False
NEARUSDT,harmonic_4_count_q5,fwd_ret_1d,0.0061029182797806,0.010662568547523,0.0024701602043135,-0.0045596502677424,-1.8458925294724016,0.9920318725099602,2069,5,False,False
ATOMUSDT,n_retrograde,fwd_vol_5d,0.0171328724679983,0.032358713154254,0.0082785396791067,-0.0152258406862556,-1.8391940217043885,0.9920318725099602,2599,7,False,False
FILUSDT,aspect_square_count_q5,fwd_vol_5d,0.0072312771854729,0.0143280152254867,0.0037893737920197,-0.0070967380400138,-1.872799683937,0.9920318725099602,2064,5,False,False
XRPUSDT,aspect_square_count_q5,fwd_absret_1d,0.0035047395941492,0.0070928658163947,0.0016726799301632,-0.0035881262222455,-2.14513617192456,0.9920318725099602,2963,5,False,False
XRPUSDT,jupiter_retrograde,fwd_absret_1d,0.0003084869082437,0.0021125892356159,0.0010601117291159,-0.0018041023273722,-1.7018039493597674,0.9920318725099602,2963,2,False,False
ATOMUSDT,lunar_8phase,fwd_vol_5d,0.016843967056194,0.020376624237223,0.0019635173388067,-0.003532657181029,-1.799147433643703,0.9920318725099602,2599,8,False,False
BTCUSDT,mars_sign,fwd_vol_5d,0.0711408918386746,0.1058284279199327,0.018295915505038,-0.034687536081258,-1.8959169368543671,0.9933554817275748,3219,12,False,False
AVAXUSDT,uranus_retrograde,fwd_vol_5d,0.0014204230176545,0.0090041437889725,0.005634530515125,-0.0075837207713179,-1.345936587078667,0.99601593625498,2087,2,False,False
ADAUSDT,moon_sign,fwd_ret_1d,0.0141686630275861,0.0179271363754369,0.0018228241531057,-0.0037584733478508,-2.061895735497598,0.99601593625498,2980,12,False,False
FILUSDT,moon_decl_q4,fwd_vol_5d,0.0048631417280073,0.0111610735963635,0.0038612486321973,-0.0062979318683562,-1.631060951589703,0.99601593625498,2064,4,False,False
LINKUSDT,sun_sign,fwd_absret_1d,0.0187995717404583,0.0248222127143882,0.0028699393760654,-0.0060226409739298,-2.0985255034155914,0.99601593625498,2706,12,False,False
BCHUSDT,moon_decl_q4,fwd_vol_5d,0.0043497728121367,0.0083679032637173,0.0020191913624727,-0.0040181304515805,-1.989970106973811,0.99601593625498,2386,4,False,False
DOTUSDT,mercury_retrograde,fwd_vol_5d,0.0012662359401081,0.0083490670721884,0.0043211481060154,-0.0070828311320803,-1.6391086253721137,0.99601593625498,2122,2,False,False
BNBUSDT,pluto_out_of_bounds,fwd_ret_1d,0.0,0.0033646296774253,0.0030066629880711,-0.0033646296774253,-1.1190578028779257,1.0,3142,2,False,False
BTCUSDT,moon_decl_sign,fwd_ret_1d,0.0,7.14102317020678e-05,0.0003656753731168,-7.14102317020678e-05,-0.195283130754483,1.0,3223,2,False,False
BNBUSDT,eclipse_window,fwd_ret_1d,0.0,0.001023523337567,0.0015083823299351,-0.001023523337567,-0.6785569661314262,1.0,3142,2,False,False
ETHUSDT,eclipse_window,fwd_ret_1d,0.0,0.0010323139639294,0.0014745608700058,-0.0010323139639294,-0.7000822990273261,1.0,3223,2,False,False
ETHUSDT,moon_near_full,fwd_ret_1d,0.0,0.0016662318144514,0.0021932398077199,-0.0016662318144514,-0.7597125533589343,1.0,3223,2,False,False
ETHUSDT,lunar_4phase,fwd_absret_1d,0.0,0.0025160446418619,0.0035092774134684,-0.0025160446418619,-0.7169694342788151,1.0,3223,4,False,False
BNBUSDT,mercury_out_of_bounds,fwd_ret_1d,0.0,0.0022697756195408,0.0033127438838327,-0.0022697756195408,-0.6851648358987463,1.0,3142,2,False,False
ETHUSDT,aspect_conjunction_count_q5,fwd_ret_1d,0.0,0.0044145875189018,0.006149786254118,-0.0044145875189018,-0.7178440577419638,1.0,3223,5,False,False
BNBUSDT,venus_out_of_bounds,fwd_ret_1d,0.0,0.0026469441431038,0.0031669696614555,-0.0026469441431038,-0.8357971266094666,1.0,3142,2,False,False
BNBUSDT,moon_void_of_course,fwd_ret_1d,0.0,0.0013192098863814,0.0018441347111938,-0.0013192098863814,-0.7153544035442982,1.0,3142,2,False,False
ETHUSDT,moon_perigee_q4,fwd_ret_1d,0.0,0.0024811806067456,0.004442026158948,-0.0024811806067456,-0.558569562168733,1.0,3223,4,False,False
ETHUSDT,moon_decl_q4,fwd_ret_1d,0.0,0.0054834275926257,0.007994774816538,-0.0054834275926257,-0.6858764278491886,1.0,3223,4,False,False
ETHUSDT,moon_decl_sign,fwd_ret_1d,0.0,0.0043799831578468,0.0048717198862867,-0.0043799831578468,-0.8990630126694853,1.0,3223,2,False,False
BTCUSDT,moon_decl_q4,fwd_ret_1d,0.0,0.0002934642771398,0.001296752610649,-0.0002934642771398,-0.2263070648402002,1.0,3223,4,False,False
BTCUSDT,pluto_retrograde,fwd_vol_5d,0.0,0.011249560961774,0.0079375361451406,-0.011249560961774,-1.4172610689352352,1.0,3219,2,False,False
BNBUSDT,moon_near_new,fwd_ret_1d,0.0,0.0012902913147529,0.0020992017462435,-0.0012902913147529,-0.614658079940103,1.0,3142,2,False,False
ETHUSDT,harmonic_4_count_q5,fwd_ret_1d,0.0,0.0040146438734321,0.0056789967914771,-0.0040146438734321,-0.7069283573917775,1.0,3223,5,False,False
BTCUSDT,lunar_4phase,fwd_ret_1d,0.0,0.0063306154143718,0.0058781155570582,-0.0063306154143718,-1.0769804290033478,1.0,3223,4,False,False
BTCUSDT,moon_sign,fwd_absret_1d,0.0,0.000348317897842,0.0013394989224485,-0.000348317897842,-0.260035967184896,1.0,3223,12,False,False
BTCUSDT,mercury_retrograde,fwd_ret_1d,0.0,0.0018413741644913,0.0029562092369686,-0.0018413741644913,-0.6228835704402105,1.0,3223,2,False,False
BTCUSDT,sun_element,fwd_ret_1d,0.0,0.0046155034334616,0.0059308579507194,-0.0046155034334616,-0.7782185093308186,1.0,3223,4,False,False
BNBUSDT,pluto_retrograde,fwd_absret_1d,0.0,0.0079285730310654,0.008050342314971,-0.0079285730310654,-0.984874024092229,1.0,3142,2,False,False
ETHUSDT,sun_modality,fwd_ret_1d,0.0,0.0065675688950741,0.0057551759251575,-0.0065675688950741,-1.1411586683849826,1.0,3223,3,False,False
BTCUSDT,jupiter_retrograde,fwd_ret_1d,0.0,0.0013720130048773,0.0023644779301156,-0.0013720130048773,-0.5802604403290869,1.0,3223,2,False,False
BTCUSDT,saturn_retrograde,fwd_ret_1d,0.0,0.005849262525348,0.0055307904734403,-0.005849262525348,-1.057581651924263,1.0,3223,2,False,False
ETHUSDT,venus_sign,fwd_ret_1d,0.0,0.0019300447025526,0.0043190831563924,-0.0019300447025526,-0.4468644461489734,1.0,3223,12,False,False
BNBUSDT,moon_decl_sign,fwd_absret_1d,0.0,0.0004043063973986,0.0012315757198931,-0.0004043063973986,-0.3282838325472214,1.0,3142,2,False,False
BNBUSDT,saturn_retrograde,fwd_absret_1d,0.0,0.0063891022691692,0.0076682809200625,-0.0063891022691692,-0.833185734295864,1.0,3142,2,False,False
ETHUSDT,mercury_sign,fwd_ret_1d,0.0,0.0016628890516242,0.0043113179161293,-0.0016628890516242,-0.385703184959537,1.0,3223,12,False,False
BNBUSDT,moon_near_new,fwd_absret_1d,0.0,0.0012459445423752,0.0018625393041295,-0.0012459445423752,-0.6689493959202873,1.0,3142,2,False,False
BTCUSDT,mars_out_of_bounds,fwd_ret_1d,0.0,0.0036327568851911,0.0041809691691841,-0.0036327568851911,-0.8688791373938766,1.0,3223,2,False,False
ETHUSDT,lunar_4phase,fwd_ret_1d,0.0,0.0051014534144054,0.0053402916398151,-0.0051014534144054,-0.955276183115346,1.0,3223,4,False,False
BTCUSDT,moon_out_of_bounds,fwd_ret_1d,0.0,0.0015229417895718,0.002511662486227,-0.0015229417895718,-0.6063481052581821,1.0,3223,2,False,False
BTCUSDT,mercury_out_of_bounds,fwd_ret_1d,0.0,0.0014976214971378,0.0026469006958297,-0.0014976214971378,-0.5658019205244242,1.0,3223,2,False,False
BNBUSDT,eclipse_window,fwd_absret_1d,0.0,0.0012292208222071,0.0016533356483158,-0.0012292208222071,-0.7434792949993568,1.0,3142,2,False,False
BNBUSDT,aspect_conjunction_count_q5,fwd_absret_1d,0.0,0.0099373521458785,0.008576376967997,-0.0099373521458785,-1.1586888243089213,1.0,3142,5,False,False
ETHUSDT,pluto_out_of_bounds,fwd_ret_1d,0.0,0.0020642235114301,0.0028821715369141,-0.0020642235114301,-0.7162042525894615,1.0,3223,2,False,False
DOGEUSDT,jupiter_saturn_aspect,fwd_vol_5d,0.0020332003850007,0.0112763576988746,0.0067897054671024,-0.0092431573138738,-1.3613487887889817,1.0,2532,2,False,False
BTCUSDT,aspect_conjunction_count_q5,fwd_ret_1d,0.0,0.0069211797319831,0.0076444388398407,-0.0069211797319831,-0.90538754733858,1.0,3223,5,False,False
ETHUSDT,venus_out_of_bounds,fwd_ret_1d,0.0,0.0019753466991183,0.0030355413231274,-0.0019753466991183,-0.6507395185393948,1.0,3223,2,False,False
ETHUSDT,mercury_out_of_bounds,fwd_ret_1d,0.0,0.0016016207815444,0.0025988910461067,-0.0016016207815444,-0.6162708451913473,1.0,3223,2,False,False
BNBUSDT,hard_aspect_count_q5,fwd_ret_1d,0.0,0.0046923398773248,0.0063892490343557,-0.0046923398773248,-0.734411798960029,1.0,3142,5,False,False
ATOMUSDT,mars_sign,fwd_vol_5d,0.0481414726000519,0.0801743817335904,0.0141918585787553,-0.0320329091335384,-2.2571327748072667,1.0,2599,12,False,False
BTCUSDT,moon_near_new,fwd_vol_5d,0.0,0.001736916152445,0.0021191443171366,-0.001736916152445,-0.8196308946018152,1.0,3219,2,False,False
BTCUSDT,sun_modality,fwd_ret_1d,0.0,0.0016031447049924,0.002944277615276,-0.0016031447049924,-0.5444950899584792,1.0,3223,3,False,False
BTCUSDT,hard_aspect_count_q5,fwd_ret_1d,0.0,0.0040896429920884,0.0062972618417558,-0.0040896429920884,-0.649431942780411,1.0,3223,5,False,False
ETHUSDT,pluto_retrograde,fwd_ret_1d,0.0,0.0011254222814192,0.00270181646046,-0.0011254222814192,-0.4165428325311489,1.0,3223,2,False,False
ETHUSDT,uranus_retrograde,fwd_ret_1d,0.0,0.0016204385735386,0.0032281961577767,-0.0016204385735386,-0.5019640983200501,1.0,3223,2,False,False
ETHUSDT,saturn_retrograde,fwd_ret_1d,0.0,0.0020228913856171,0.0035848169398548,-0.0020228913856171,-0.5642941939732654,1.0,3223,2,False,False
BNBUSDT,moon_void_of_course,fwd_vol_5d,0.0,0.001271161213287,0.0018342605274685,-0.001271161213287,-0.6930101772627618,1.0,3138,2,False,False
ETHUSDT,jupiter_retrograde,fwd_ret_1d,0.0,0.0043060453052889,0.0053839613989528,-0.0043060453052889,-0.7997912663576112,1.0,3223,2,False,False
BTCUSDT,eclipse_window,fwd_vol_5d,0.0,0.0028864201321622,0.0025595991352204,-0.0028864201321622,-1.1276844457574076,1.0,3219,2,False,False
ETHUSDT,mars_retrograde,fwd_ret_1d,0.0,0.0022499641547886,0.0029014179757732,-0.0022499641547886,-0.7754705366740712,1.0,3223,2,False,False
ETHUSDT,sun_sign,fwd_absret_1d,0.0,0.0050538697405484,0.0063664691740544,-0.0050538697405484,-0.7938261542433479,1.0,3223,12,False,False
BNBUSDT,pluto_retrograde,fwd_ret_1d,0.0,0.0065326176158793,0.0069956662999244,-0.0065326176158793,-0.9338092092742946,1.0,3142,2,False,False
ETHUSDT,saturn_retrograde,fwd_absret_1d,0.0,0.0022087485393976,0.003142197185885,-0.0022087485393976,-0.7029312321070926,1.0,3223,2,False,False
ETHUSDT,mercury_sign,fwd_absret_1d,0.0,0.0031268942090358,0.0053439665000244,-0.0031268942090358,-0.585126087340105,1.0,3223,12,False,False
BTCUSDT,moon_void_of_course,fwd_absret_1d,0.0,0.0012920351195028,0.0017771900671579,-0.0012920351195028,-0.7270100949692544,1.0,3223,2,False,False
FILUSDT,lunar_4phase,fwd_vol_5d,0.0065182936418529,0.0100663497598673,0.0011225894268675,-0.0035480561180144,-3.160599978136933,1.0,2064,4,False,False
DOTUSDT,moon_near_full,fwd_absret_1d,0.0003994528056938,0.0022088797992825,0.0009315922956294,-0.0018094269935887,-1.9422949310311104,1.0,2126,2,False,False
SOLUSDT,venus_out_of_bounds,fwd_absret_1d,0.0,0.0032335194681659,0.0041134440877424,-0.0032335194681659,-0.7860856739979691,1.0,2133,2,False,False
SOLUSDT,pluto_retrograde,fwd_absret_1d,0.0,0.0042662256663617,0.0059141846883854,-0.0042662256663617,-0.7213548259221396,1.0,2133,2,False,False
SOLUSDT,neptune_retrograde,fwd_absret_1d,0.0,0.0040175410447915,0.0052372941822245,-0.0040175410447915,-0.7671024206406235,1.0,2133,2,False,False
BTCUSDT,moon_out_of_bounds,fwd_absret_1d,0.0,0.0010145559662975,0.0023939550226014,-0.0010145559662975,-0.4237990925974172,1.0,3223,2,False,False
SOLUSDT,mars_retrograde,fwd_absret_1d,0.0,0.0021364898895221,0.0032092460639241,-0.0021364898895221,-0.6657295349019499,1.0,2133,2,False,False
BTCUSDT,saturn_retrograde,fwd_absret_1d,0.0,0.0044153650702924,0.004702001069876,-0.0044153650702924,-0.9390395715943134,1.0,3223,2,False,False
BTCUSDT,jupiter_retrograde,fwd_absret_1d,0.0,0.0012306937165544,0.0024079304818867,-0.0012306937165544,-0.5111001857454224,1.0,3223,2,False,False
BTCUSDT,sun_modality,fwd_absret_1d,0.0,0.0035125436359538,0.0048753609975121,-0.0035125436359538,-0.7204684202351838,1.0,3223,3,False,False
NEARUSDT,mars_out_of_bounds,fwd_absret_1d,0.0004799088040948,0.0031254818433887,0.0022100862234672,-0.0026455730392938,-1.197045170094526,1.0,2069,2,False,False
BNBUSDT,jupiter_saturn_aspect,fwd_absret_1d,0.0,0.0055732397893072,0.0052060819201368,-0.0055732397893072,-1.0705247967286613,1.0,3142,2,False,False
SOLUSDT,sun_modality,fwd_absret_1d,0.0,0.0108155957612682,0.007839827952543,-0.0108155957612682,-1.3795705501113638,1.0,2133,3,False,False
SOLUSDT,venus_sign,fwd_absret_1d,0.0,0.0104487128068834,0.0108296021684263,-0.0104487128068834,-0.96482886853837,1.0,2133,12,False,False
ETHUSDT,hard_aspect_count_q5,fwd_vol_5d,0.0,0.0116596661069682,0.0092372108104025,-0.0116596661069682,-1.262249649411237,1.0,3219,5,False,False
SOLUSDT,sun_sign,fwd_ret_1d,0.0,0.0037402439381338,0.0065351539253749,-0.0037402439381338,-0.5723268312948363,1.0,2133,12,False,False
BTCUSDT,venus_sign,fwd_absret_1d,0.0,0.0104593414155943,0.0098743295371422,-0.0104593414155943,-1.0592457316976818,1.0,3223,12,False,False
SOLUSDT,moon_perigee_q4,fwd_ret_1d,0.0,0.0039877892325169,0.0067650363593724,-0.0039877892325169,-0.5894704803754967,1.0,2133,4,False,False
SOLUSDT,moon_decl_q4,fwd_ret_1d,0.0,0.0038605286681513,0.0058143140177763,-0.0038605286681513,-0.6639697574552106,1.0,2133,4,False,False
SOLUSDT,harmonic_4_count_q5,fwd_ret_1d,0.0,0.0067412845357524,0.0089701749636324,-0.0067412845357524,-0.7515220787870325,1.0,2133,5,False,False
SOLUSDT,aspect_square_count_q5,fwd_ret_1d,0.0,0.0054601719051784,0.0074687416201142,-0.0054601719051784,-0.7310698619528535,1.0,2133,5,False,False
AVAXUSDT,uranus_retrograde,fwd_ret_1d,0.0005331400374652,0.0034107020808047,0.0019635352909462,-0.0028775620433395,-1.465500547205731,1.0,2091,2,False,False
SOLUSDT,hard_aspect_count_q5,fwd_ret_1d,0.0,0.0057810969381433,0.0084235504876962,-0.0057810969381433,-0.6863016903130681,1.0,2133,5,False,False
SOLUSDT,jupiter_saturn_aspect,fwd_ret_1d,0.0,0.005769429918383,0.0067923601377785,-0.005769429918383,-0.8493998847755333,1.0,2133,2,False,False
SOLUSDT,mars_saturn_hard_aspect,fwd_ret_1d,0.0,0.0035488787249183,0.0044561705536188,-0.0035488787249183,-0.796396520783147,1.0,2133,2,False,False
SOLUSDT,neptune_retrograde,fwd_ret_1d,0.0,0.0040303079432738,0.0059192323350997,-0.0040303079432738,-0.680883552986257,1.0,2133,2,False,False
SOLUSDT,mars_retrograde,fwd_ret_1d,0.0,0.0040455547917763,0.0045442377458472,-0.0040455547917763,-0.890260373254748,1.0,2133,2,False,False
SOLUSDT,uranus_retrograde,fwd_ret_1d,0.0,0.0035268191738241,0.0052104060216354,-0.0035268191738241,-0.6768799128474108,1.0,2133,2,False,False
BTCUSDT,mars_saturn_hard_aspect,fwd_absret_1d,0.0,0.0028870891628476,0.0034925637198313,-0.0028870891628476,-0.8266389375959716,1.0,3223,2,False,False
SOLUSDT,moon_near_full,fwd_vol_5d,0.0,0.0025601694763708,0.0030598353878655,-0.0025601694763708,-0.8367017018378787,1.0,2129,2,False,False
SOLUSDT,mars_saturn_hard_aspect,fwd_absret_1d,0.0,0.0037709057134285,0.0047952141291854,-0.0037709057134285,-0.7863894315954373,1.0,2133,2,False,False
SOLUSDT,hard_aspect_count_q5,fwd_absret_1d,0.0,0.0060781978658743,0.0078548356249162,-0.0060781978658743,-0.7738160486253516,1.0,2133,5,False,False
BNBUSDT,saturn_retrograde,fwd_ret_1d,0.0,0.0054646081234348,0.0061377500027384,-0.0054646081234348,-0.8903275827455875,1.0,3142,2,False,False
BNBUSDT,jupiter_retrograde,fwd_ret_1d,0.0,0.0040175277739184,0.0053912419436042,-0.0040175277739184,-0.7451952288441648,1.0,3142,2,False,False
BNBUSDT,moon_sign,fwd_ret_1d,0.0,0.0025136663934376,0.0042950251221599,-0.0025136663934376,-0.5852506846743502,1.0,3142,12,False,False
BTCUSDT,moon_perigee_q4,fwd_ret_1d,0.0,0.0025873538743032,0.0045727875801679,-0.0025873538743032,-0.565815452597124,1.0,3223,4,False,False
ETHUSDT,venus_retrograde,fwd_absret_1d,0.0,0.0014582319539663,0.0022700428389892,-0.0014582319539663,-0.6423808083796252,1.0,3223,2,False,False
ETHUSDT,mars_retrograde,fwd_absret_1d,0.0,0.0027852107193381,0.0033736970724016,-0.0027852107193381,-0.8255663325917743,1.0,3223,2,False,False
ETHUSDT,jupiter_retrograde,fwd_absret_1d,0.0,0.0023564648144978,0.0031005011791529,-0.0023564648144978,-0.7600270660569954,1.0,3223,2,False,False
SOLUSDT,jupiter_retrograde,fwd_ret_1d,0.0,0.0019352810615775,0.0033441737397427,-0.0019352810615775,-0.5787023080106105,1.0,2133,2,False,False
ETHUSDT,uranus_retrograde,fwd_absret_1d,0.0,0.0018112718813915,0.0030325241761489,-0.0018112718813915,-0.597281926270312,1.0,3223,2,False,False
ETHUSDT,neptune_retrograde,fwd_absret_1d,0.0,0.0013545016749428,0.002519774057379,-0.0013545016749428,-0.5375488611672298,1.0,3223,2,False,False
ETHUSDT,pluto_retrograde,fwd_absret_1d,0.0,0.0015680242244073,0.0028533458042355,-0.0015680242244073,-0.5495387983046839,1.0,3223,2,False,False
BTCUSDT,moon_perigee_q4,fwd_absret_1d,0.0,0.0018194465368926,0.0038416663430007,-0.0018194465368926,-0.4736086829111406,1.0,3223,4,False,False
BTCUSDT,moon_decl_q4,fwd_absret_1d,0.0,0.0003420455647808,0.0018574425667974,-0.0003420455647808,-0.1841486627339632,1.0,3223,4,False,False
ETHUSDT,mercury_out_of_bounds,fwd_absret_1d,0.0,0.0016802090945928,0.0026405278546562,-0.0016802090945928,-0.6363156107707795,1.0,3223,2,False,False
ETHUSDT,venus_out_of_bounds,fwd_absret_1d,0.0,0.0019577957094612,0.0027515471653993,-0.0019577957094612,-0.7115254043545065,1.0,3223,2,False,False
BTCUSDT,moon_decl_sign,fwd_absret_1d,0.0,0.0002722430096769,0.0009779789266388,-0.0002722430096769,-0.2783730837765618,1.0,3223,2,False,False
ETHUSDT,moon_near_full,fwd_absret_1d,0.0,0.0012025900362058,0.0017713416943219,-0.0012025900362058,-0.678914768427101,1.0,3223,2,False,False
BTCUSDT,harmonic_4_count_q5,fwd_absret_1d,0.0,0.0047190758039426,0.006907425656704,-0.0047190758039426,-0.6831887939847044,1.0,3223,5,False,False
ETHUSDT,moon_void_of_course,fwd_absret_1d,0.0,0.00121052042481,0.001630213995465,-0.00121052042481,-0.7425530808700759,1.0,3223,2,False,False
ETHUSDT,jupiter_saturn_aspect,fwd_absret_1d,0.0,0.0048620549978613,0.0052930963296966,-0.0048620549978613,-0.9185653717622808,1.0,3223,2,False,False
LTCUSDT,aspect_square_count_q5,fwd_vol_5d,0.0041552819108704,0.0105860031076511,0.0029532176326767,-0.0064307211967807,-2.177530408062754,1.0,3101,5,False,False
SOLUSDT,moon_perigee_q4,fwd_absret_1d,0.0,0.0064973616360189,0.0076769079287775,-0.0064973616360189,-0.8463513821317401,1.0,2133,4,False,False
ETHUSDT,aspect_conjunction_count_q5,fwd_absret_1d,0.0,0.0048776679795584,0.006385985376247,-0.0048776679795584,-0.7638081975103075,1.0,3223,5,False,False
SOLUSDT,moon_decl_q4,fwd_absret_1d,0.0,0.0060654594258964,0.0070543366640839,-0.0060654594258964,-0.8598199539834498,1.0,2133,4,False,False
BTCUSDT,lunar_4phase,fwd_absret_1d,0.0,0.0088233990201787,0.0070465501572816,-0.0088233990201787,-1.252158690882366,1.0,3223,4,False,False
SOLUSDT,aspect_trine_count_q5,fwd_absret_1d,0.0,0.0075761516350228,0.0087551090460122,-0.0075761516350228,-0.8653406365593674,1.0,2133,5,False,False
BTCUSDT,aspect_square_count_q5,fwd_absret_1d,0.0,0.0060719885986474,0.0067327239101183,-0.0060719885986474,-0.9018621110427644,1.0,3223,5,False,False
SOLUSDT,aspect_square_count_q5,fwd_absret_1d,0.0,0.00620063381187,0.0081242073707948,-0.00620063381187,-0.7632293870489109,1.0,2133,5,False,False
ETHUSDT,moon_decl_q4,fwd_absret_1d,0.0,0.0027530384970731,0.0043878371782367,-0.0027530384970731,-0.6274249442818762,1.0,3223,4,False,False
BTCUSDT,hard_aspect_count_q5,fwd_absret_1d,0.0,0.0045075193469429,0.006137942947444,-0.0045075193469429,-0.7343697042377958,1.0,3223,5,False,False
BTCUSDT,venus_out_of_bounds,fwd_ret_1d,0.0,0.0021944222669285,0.0027743381806938,-0.0021944222669285,-0.7909714403958188,1.0,3223,2,False,False
