asset,state,target,cmi_obs,null_mean,null_std,excess_nats,z,p,n,n_states,bh_reject_0.05,bonf_reject_0.05
SOLUSDT,soft_aspect_count_q5,fwd_absret_terc,0.0169074936729246,0.0090782294946478,0.0026206663740342,0.0078292641782768,2.9875089236271104,0.0039840637450199,2132,5,False,False
BNBUSDT,venus_retrograde,fwd_ret_terc,0.00297970383102,0.0011420789424887,0.0005235185816437,0.0018376248885313,3.51014262523731,0.0039840637450199,3141,2,False,False
DOTUSDT,aspect_conjunction_count_q5,fwd_ret_terc,0.0143213526876997,0.007885794287561,0.0021197281567024,0.0064355584001387,3.0360300587554208,0.0039840637450199,2125,5,False,False
BTCUSDT,saturn_sign,fwd_ret_terc,0.0126638014163121,0.0078212198317102,0.0020238910066314,0.0048425815846018,2.3927086827970037,0.0039840637450199,3222,5,False,False
DOGEUSDT,mars_out_of_bounds,fwd_ret_terc,0.0047962730846678,0.0016458100898044,0.0007932577101935,0.0031504629948633,3.971550423499092,0.0039840637450199,2535,2,False,False
AVAXUSDT,moon_near_new,fwd_absret_terc,0.0039665972335594,0.0011862557541371,0.0006366610258242,0.0027803414794222,4.3670671937591194,0.0039840637450199,2090,2,False,False
SOLUSDT,saturn_sign,fwd_absret_terc,0.0278981996396558,0.0134712925074615,0.0049099136514585,0.0144269071321943,2.9383219657862165,0.0039840637450199,2132,4,False,False
BNBUSDT,saturn_sign,fwd_ret_terc,0.021740415385616,0.0147647663981042,0.0033454724438062,0.0069756489875118,2.085101313695299,0.0039840637450199,3141,5,False,False
NEARUSDT,aspect_square_count_q5,fwd_ret_terc,0.0112380253864656,0.0061997765912433,0.0017405746691694,0.0050382487952223,2.8945892896547294,0.0039840637450199,2068,5,False,False
DOGEUSDT,mercury_sign,fwd_absret_terc,0.0314956691439854,0.0213710821998751,0.0033037936416378,0.0101245869441102,3.0645336974166684,0.0039840637450199,2535,12,False,False
BNBUSDT,saturn_sign,fwd_absret_terc,0.0386430407543994,0.0253529944191865,0.0066511647413416,0.0132900463352128,1.998153233614249,0.0039840637450199,3141,5,False,False
AAVEUSDT,aspect_trine_count_q5,fwd_absret_terc,0.0148954118815942,0.0076550761601272,0.0025577171965844,0.007240335721467,2.830780404939113,0.0079681274900398,2067,5,False,False
AAVEUSDT,jupiter_saturn_aspect,fwd_ret_terc,0.0056676087352224,0.0017187317102543,0.0011118315000355,0.003948877024968,3.5516865863595157,0.0079681274900398,2067,2,False,False
BNBUSDT,venus_retrograde,fwd_absret_terc,0.0037722765845195,0.00140177096623,0.0007807163140711,0.0023705056182894,3.036321357149596,0.0079681274900398,3141,2,False,False
BNBUSDT,jupiter_sign,fwd_absret_terc,0.048936532528201,0.0413595958245936,0.0036907441104024,0.0075769367036074,2.0529563895399217,0.0079681274900398,3141,9,False,False
AVAXUSDT,aspect_trine_count_q5,fwd_ret_terc,0.0122438367208762,0.0065042120388349,0.0019205184590235,0.0057396246820412,2.9885808465280412,0.0079681274900398,2090,5,False,False
NEARUSDT,venus_retrograde,fwd_ret_terc,0.0050970740574485,0.001632972059167,0.0009477521979319,0.0034641019982814,3.6550714478323663,0.0079681274900398,2068,2,False,False
LTCUSDT,saturn_sign,fwd_absret_terc,0.0191587960306895,0.010566750465099,0.0026163296820872,0.0085920455655905,3.284007219891363,0.0079681274900398,3104,5,False,False
ETHUSDT,moon_decl_q4,fwd_ret_terc,0.0059045666977659,0.0038445813132461,0.0008545343897512,0.0020599853845198,2.4106524081721656,0.0079681274900398,3222,4,False,False
ETHUSDT,venus_retrograde,fwd_absret_terc,0.00377580586907,0.0011486208426747,0.0006603106957058,0.0026271850263952,3.978710391154381,0.0079681274900398,3222,2,False,False
XRPUSDT,jupiter_sign,fwd_ret_terc,0.0194430332380367,0.013860142767037,0.0018501353882258,0.0055828904709996,3.017557799569005,0.0119521912350597,2962,9,False,False
DOGEUSDT,mars_out_of_bounds,fwd_absret_terc,0.0061953898518151,0.0022220986321564,0.0011127769576201,0.0039732912196586,3.570608820078633,0.0119521912350597,2535,2,False,False
DOGEUSDT,moon_near_full,fwd_absret_terc,0.0033444137580988,0.0012130554376903,0.0006693558086289,0.0021313583204084,3.184193358647827,0.0119521912350597,2535,2,False,False
XRPUSDT,aspect_opposition_count_q5,fwd_absret_terc,0.0102161690898621,0.0054450167253704,0.0017368599227653,0.0047711523644917,2.746998938691288,0.0119521912350597,2962,5,False,False
XRPUSDT,neptune_retrograde,fwd_ret_terc,0.0021195961453789,0.001198688847348,0.0004537680109895,0.0009209072980309,2.029467207312963,0.0159362549800796,2962,2,False,False
ADAUSDT,aspect_conjunction_count_q5,fwd_absret_terc,0.0096288622324206,0.0055659150201131,0.0015659177365801,0.0040629472123074,2.594610890084623,0.0159362549800796,2979,5,False,False
ADAUSDT,aspect_opposition_count_q5,fwd_ret_terc,0.0086600161717052,0.0049234649612203,0.0013756846034751,0.0037365512104848,2.716139441443076,0.0159362549800796,2979,5,False,False
ADAUSDT,soft_aspect_count_q5,fwd_ret_terc,0.0080371153586852,0.004717775186102,0.0012752862432109,0.0033193401725832,2.6028197122442456,0.0159362549800796,2979,5,False,False
SOLUSDT,moon_sign,fwd_absret_terc,0.0229395414074538,0.0175562241173765,0.0024325746158144,0.0053833172900772,2.2130121950133694,0.0159362549800796,2132,12,False,False
BCHUSDT,moon_void_of_course,fwd_ret_terc,0.0032189217130101,0.0011798341277946,0.0006714809677319,0.0020390875852155,3.0367019814468943,0.0159362549800796,2389,2,False,False
ATOMUSDT,moon_sign,fwd_absret_terc,0.0169744730429905,0.0135132956479489,0.001568025162695,0.0034611773950416,2.207348120034511,0.0159362549800796,2602,12,False,False
LTCUSDT,venus_retrograde,fwd_ret_terc,0.0037624969791487,0.001224198584188,0.0007843565792282,0.0025382983949607,3.236153634942511,0.0159362549800796,3104,2,False,False
BTCUSDT,jupiter_retrograde,fwd_ret_terc,0.0019302598708046,0.0010298760889291,0.0004070681477301,0.0009003837818754,2.2118748098963232,0.0159362549800796,3222,2,False,False
NEARUSDT,venus_retrograde,fwd_absret_terc,0.0047596073876037,0.0019331664810272,0.001075248472,0.0028264409065765,2.6286397797145997,0.0199203187250996,2068,2,False,False
NEARUSDT,aspect_square_count_q5,fwd_absret_terc,0.012629762143585,0.0069859834426101,0.0020020028451977,0.0056437787009749,2.819066273813115,0.0199203187250996,2068,5,False,False
FILUSDT,moon_void_of_course,fwd_ret_terc,0.0040595830834813,0.0015137637809977,0.000862571999419,0.0025458193024835,2.951428175500807,0.0199203187250996,2067,2,False,False
BTCUSDT,venus_retrograde,fwd_ret_terc,0.0048114011901534,0.0014415787100157,0.0010031568439794,0.0033698224801376,3.359217953166625,0.0199203187250996,3222,2,False,False
ATOMUSDT,moon_sign,fwd_ret_terc,0.0167084726405428,0.0128715250222489,0.0018886809198167,0.0038369476182939,2.0315488858045523,0.0199203187250996,2602,12,False,False
XRPUSDT,mars_out_of_bounds,fwd_ret_terc,0.0043043056986036,0.0012034939343244,0.0009297556308221,0.0031008117642791,3.3350825329634053,0.0199203187250996,2962,2,False,False
ETHUSDT,venus_retrograde,fwd_ret_terc,0.0040967625458109,0.0012185906556342,0.0007888059631544,0.0028781718901767,3.6487704513119783,0.0199203187250996,3222,2,False,False
AVAXUSDT,aspect_opposition_count_q5,fwd_absret_terc,0.015274888182785,0.0088371392894836,0.0027766632560172,0.0064377488933014,2.3185198562880465,0.0239043824701195,2090,5,False,False
ADAUSDT,neptune_retrograde,fwd_absret_terc,0.0028691701866312,0.0012548766230286,0.000651822551067,0.0016142935636026,2.4765844031630024,0.0239043824701195,2979,2,False,False
DOGEUSDT,sun_element,fwd_absret_terc,0.0095166904268561,0.0061244899464849,0.001557695531133,0.0033922004803711,2.177704443886929,0.0239043824701195,2535,4,False,False
LTCUSDT,venus_retrograde,fwd_absret_terc,0.0034466166604142,0.0014531643106434,0.0008114814729288,0.0019934523497707,2.4565592885022594,0.0239043824701195,3104,2,False,False
SOLUSDT,soft_aspect_count_q5,fwd_ret_terc,0.0114307549359678,0.0069604097881117,0.0019427748585,0.0044703451478561,2.301010396700044,0.0239043824701195,2132,5,False,False
LINKUSDT,aspect_conjunction_count_q5,fwd_ret_terc,0.0078634711705264,0.0048236334849172,0.0014139138123595,0.0030398376856092,2.1499455334807633,0.0239043824701195,2705,5,False,False
AVAXUSDT,mercury_sign,fwd_absret_terc,0.0292368298758392,0.0207945035972854,0.0036203724395105,0.0084423262785537,2.331894416833827,0.0239043824701195,2090,12,False,False
LTCUSDT,soft_aspect_count_q5,fwd_absret_terc,0.0092484417621454,0.0051075623998271,0.001535115999019,0.0041408793623182,2.6974374346722647,0.0278884462151394,3104,5,False,False
BTCUSDT,soft_aspect_count_q5,fwd_absret_terc,0.0088311742537404,0.0050512554025308,0.0015000630009993,0.0037799188512095,2.5198400658448876,0.0278884462151394,3222,5,False,False
AAVEUSDT,saturn_sign,fwd_ret_terc,0.0119626751262516,0.0066185192060188,0.0023894388239587,0.0053441559202328,2.2365736534651357,0.0278884462151394,2067,4,False,False
ADAUSDT,neptune_retrograde,fwd_ret_terc,0.0024219388783795,0.0011679668771911,0.0005234733651241,0.0012539720011884,2.39548386743824,0.0318725099601593,2979,2,False,False
DOTUSDT,venus_retrograde,fwd_ret_terc,0.0048633100959499,0.0018820197448977,0.001243399490915,0.0029812903510522,2.397693076790915,0.0318725099601593,2125,2,False,False
ATOMUSDT,aspect_conjunction_count_q5,fwd_absret_terc,0.0126701039881706,0.0078256810131783,0.0023166057781074,0.0048444229749922,2.0911727928736785,0.0318725099601593,2602,5,False,False
DOTUSDT,sun_element,fwd_absret_terc,0.0098151860692894,0.0058397070114044,0.0019017967792695,0.0039754790578849,2.0903805817842445,0.0318725099601593,2125,4,False,False
SOLUSDT,jupiter_sign,fwd_ret_terc,0.0210806964622114,0.0150892070257024,0.0028992289644868,0.005991489436509,2.0665802907945254,0.0318725099601593,2132,7,False,False
DOTUSDT,venus_retrograde,fwd_absret_terc,0.0051955903541959,0.0020939761955215,0.0013834997281045,0.0031016141586743,2.2418610540124537,0.0318725099601593,2125,2,False,False
BCHUSDT,venus_retrograde,fwd_ret_terc,0.0028106347050051,0.0013315449335813,0.0007004885441963,0.0014790897714238,2.1115117208959178,0.0318725099601593,2389,2,False,False
DOTUSDT,sun_element,fwd_ret_terc,0.0078905992528027,0.0045166800029082,0.0015292380294981,0.0033739192498945,2.206274749132222,0.0318725099601593,2125,4,False,False
AAVEUSDT,moon_out_of_bounds,fwd_absret_terc,0.0025735618234964,0.0011614701912742,0.0006960779070207,0.0014120916322222,2.028640211073544,0.0358565737051792,2067,2,False,False
LTCUSDT,aspect_opposition_count_q5,fwd_absret_terc,0.0118917050907707,0.0070540153890928,0.0025507981975822,0.0048376897016779,1.896539564071861,0.0358565737051792,3104,5,False,False
DOGEUSDT,mercury_sign,fwd_ret_terc,0.0243368411144254,0.0196984057544675,0.0022545411692381,0.0046384353599579,2.0573744330982286,0.0358565737051792,2535,12,False,False
BNBUSDT,sun_modality,fwd_ret_terc,0.0038036895528549,0.0021025256786425,0.0009225944433805,0.0017011638742124,1.8438913071912777,0.0358565737051792,3141,3,False,False
ADAUSDT,aspect_trine_count_q5,fwd_ret_terc,0.0067129879037572,0.0044742060827244,0.001175540059637,0.0022387818210327,1.9044708878095944,0.0358565737051792,2979,5,False,False
ETHUSDT,harmonic_4_count_q5,fwd_absret_terc,0.0064192773851453,0.0043910218938459,0.0010841422269977,0.0020282554912993,1.8708389368026803,0.0358565737051792,3222,5,False,False
SOLUSDT,saturn_sign,fwd_ret_terc,0.0135439267338278,0.0076209595745193,0.002905858857517,0.0059229671593085,2.038284531262286,0.0358565737051792,2132,4,False,False
LTCUSDT,lunar_8phase,fwd_ret_terc,0.0069810947619748,0.005423165626039,0.0008798230944747,0.0015579291359357,1.7707299861977812,0.0398406374501992,3104,8,False,False
AVAXUSDT,moon_decl_sign,fwd_ret_terc,0.0040723819859838,0.0020952972206109,0.0009617983207836,0.0019770847653729,2.0556126192464963,0.0398406374501992,2090,2,False,False
NEARUSDT,venus_sign,fwd_absret_terc,0.0328006305519563,0.0239423617250112,0.0048743719608129,0.0088582688269451,1.817314907060918,0.0398406374501992,2068,12,False,False
LTCUSDT,moon_near_new,fwd_ret_terc,0.0018674922109427,0.0008965071443404,0.0005100570132062,0.0009709850666022,1.903679473983899,0.0398406374501992,3104,2,False,False
LINKUSDT,saturn_retrograde,fwd_ret_terc,0.0018551842604607,0.0008486649254264,0.0004933937346184,0.0010065193350343,2.0399921288273095,0.0398406374501992,2705,2,False,False
ATOMUSDT,neptune_retrograde,fwd_ret_terc,0.0019869781110167,0.000971198550251,0.0004574245134256,0.0010157795607656,2.2206495956209316,0.0398406374501992,2602,2,False,False
AVAXUSDT,aspect_trine_count_q5,fwd_absret_terc,0.0131012095207448,0.007564348404899,0.0025466011421574,0.0055368611158457,2.174216065557478,0.0398406374501992,2090,5,False,False
UNIUSDT,hard_aspect_count_q5,fwd_ret_terc,0.00904791483474,0.0059852871891099,0.0015742097787184,0.0030626276456301,1.94550160152307,0.0398406374501992,2095,5,False,False
UNIUSDT,saturn_sign,fwd_ret_terc,0.0146434448367098,0.0085258473648581,0.0030750593634576,0.0061175974718517,1.9894241862612496,0.0398406374501992,2095,4,False,False
FILUSDT,aspect_conjunction_count_q5,fwd_absret_terc,0.0108240573219855,0.0072239278852648,0.0021007931714104,0.0036001294367207,1.713700085146212,0.0398406374501992,2067,5,False,False
AAVEUSDT,soft_aspect_count_q5,fwd_absret_terc,0.0152765275382035,0.0099082283576666,0.0029617691579257,0.0053682991805368,1.8125312589507796,0.0438247011952191,2067,5,False,False
UNIUSDT,aspect_trine_count_q5,fwd_ret_terc,0.0111243017257523,0.0064465690430215,0.0020203402600004,0.0046777326827308,2.315319243665308,0.0438247011952191,2095,5,False,False
AVAXUSDT,saturn_sign,fwd_absret_terc,0.0197291286077797,0.010547024389062,0.0048710775711774,0.0091821042187176,1.8850252504802767,0.0438247011952191,2090,4,False,False
UNIUSDT,soft_aspect_count_q5,fwd_absret_terc,0.015057446368595,0.0094388546536475,0.0028263737040665,0.0056185917149474,1.9879153654958783,0.047808764940239,2095,5,False,False
ADAUSDT,moon_void_of_course,fwd_absret_terc,0.0021885372510042,0.0010085267087383,0.0005807785115292,0.0011800105422658,2.031773763734426,0.047808764940239,2979,2,False,False
AVAXUSDT,venus_retrograde,fwd_ret_terc,0.0036829666982025,0.0016773503944688,0.0009749011665682,0.0020056163037337,2.0572509014362543,0.047808764940239,2090,2,False,False
UNIUSDT,moon_near_full,fwd_absret_terc,0.003367498657904,0.0014438450646197,0.0009431971799659,0.0019236535932843,2.0395031220870634,0.047808764940239,2095,2,False,False
ETHUSDT,soft_aspect_count_q5,fwd_ret_terc,0.0082561401985553,0.0049884076592132,0.0016874102057332,0.0032677325393421,1.9365371432739968,0.047808764940239,3222,5,False,False
AVAXUSDT,moon_near_new,fwd_ret_terc,0.0023843949927854,0.0012565004520864,0.0006789712974099,0.001127894540699,1.6611814740939506,0.047808764940239,2090,2,False,False
AAVEUSDT,saturn_sign,fwd_absret_terc,0.0231514335285726,0.0139425964511,0.0048413661705487,0.0092088370774726,1.9021153850110264,0.047808764940239,2067,4,False,False
ATOMUSDT,moon_out_of_bounds,fwd_ret_terc,0.0028029244932691,0.0013971171140078,0.0007581883699321,0.0014058073792612,1.8541663721207613,0.047808764940239,2602,2,False,False
AAVEUSDT,soft_aspect_count_q5,fwd_ret_terc,0.0110230256167357,0.0069850147895894,0.002049123161205,0.0040380108271462,1.97060425824853,0.047808764940239,2067,5,False,False
AVAXUSDT,soft_aspect_count_q5,fwd_ret_terc,0.0118153973764251,0.0073253321267444,0.0022841879349791,0.0044900652496806,1.9657162096522751,0.0517928286852589,2090,5,False,False
DOGEUSDT,lunar_8phase,fwd_ret_terc,0.0114289701140442,0.0085206374588589,0.0016141701115808,0.0029083326551853,1.8017510263134864,0.0517928286852589,2535,8,False,False
ETHUSDT,harmonic_4_count_q5,fwd_ret_terc,0.0065700323913718,0.004324821117785,0.0012415768803922,0.0022452112735867,1.8083546085985347,0.0517928286852589,3222,5,False,False
UNIUSDT,saturn_sign,fwd_absret_terc,0.0220369777803218,0.0134985248445804,0.0051527419790736,0.0085384529357414,1.6570697641018757,0.0517928286852589,2095,4,False,False
ADAUSDT,moon_perigee_q4,fwd_ret_terc,0.0062079351071801,0.0037796079120042,0.0013534976259932,0.0024283271951759,1.7941126371713114,0.0517928286852589,2979,4,False,False
XRPUSDT,mars_out_of_bounds,fwd_absret_terc,0.0035228718444645,0.0013309009532938,0.0010766744489536,0.0021919708911706,2.0358715610840856,0.0517928286852589,2962,2,False,False
DOTUSDT,moon_sign,fwd_ret_terc,0.0205988353626365,0.0169865675401975,0.0023485447631097,0.003612267822439,1.538087704002705,0.0517928286852589,2125,12,False,False
BTCUSDT,harmonic_4_count_q5,fwd_absret_terc,0.0065592257253292,0.0043338393620743,0.001236120038281,0.0022253863632548,1.8002995618043198,0.0557768924302788,3222,5,False,False
XRPUSDT,eclipse_window,fwd_absret_terc,0.0020249955042545,0.0010785705451372,0.0005656618516156,0.0009464249591172,1.673128489068198,0.0557768924302788,2962,2,False,False
DOGEUSDT,venus_sign,fwd_absret_terc,0.0256707335811068,0.0198313027844512,0.0034115447249052,0.0058394307966555,1.7116676659772732,0.0557768924302788,2535,12,False,False
LTCUSDT,saturn_sign,fwd_ret_terc,0.0101815098285197,0.0072545768186994,0.0017002141653656,0.0029269330098202,1.721508424905279,0.0557768924302788,3104,5,False,False
BTCUSDT,venus_retrograde,fwd_absret_terc,0.0043612400488256,0.0017057825041977,0.0012643731027604,0.0026554575446279,2.1002167309874653,0.0557768924302788,3222,2,False,False
ADAUSDT,aspect_opposition_count_q5,fwd_absret_terc,0.01252248516285,0.0068413401592181,0.0026698831837283,0.0056811450036319,2.12786276128329,0.0557768924302788,2979,5,False,False
ETHUSDT,mercury_sign,fwd_absret_terc,0.016911943062047,0.0135566912349899,0.0019960918046444,0.003355251827057,1.6809105769835662,0.0597609561752988,3222,12,False,False
ADAUSDT,sun_modality,fwd_ret_terc,0.0037649864764123,0.0025789859877902,0.000687596067285,0.0011860004886221,1.7248505991387388,0.0597609561752988,2979,3,False,False
NEARUSDT,n_retrograde,fwd_absret_terc,0.0202541763228875,0.0127265680469743,0.0036474580604609,0.0075276082759131,2.0637957040586064,0.0597609561752988,2068,7,False,False
DOGEUSDT,sun_modality,fwd_ret_terc,0.0034891833320736,0.0021863743715843,0.0007094715782363,0.0013028089604893,1.836308881784911,0.0597609561752988,2535,3,False,False
XRPUSDT,eclipse_window,fwd_ret_terc,0.0022562115231145,0.0011524554007189,0.0006393277511349,0.0011037561223955,1.7264323665540209,0.0597609561752988,2962,2,False,False
NEARUSDT,aspect_trine_count_q5,fwd_absret_terc,0.0128569353664938,0.0080220931371555,0.0025572978725534,0.0048348422293383,1.890605815313466,0.0597609561752988,2068,5,False,False
DOGEUSDT,aspect_opposition_count_q5,fwd_ret_terc,0.0099830497175283,0.0063940765068347,0.0018080692986887,0.0035889732106936,1.9849754726196056,0.0597609561752988,2535,5,False,False
SOLUSDT,moon_decl_sign,fwd_ret_terc,0.0019438864782962,0.001271766558937,0.0004293066486224,0.0006721199193591,1.5655940142456866,0.0637450199203187,2132,2,False,False
FILUSDT,aspect_opposition_count_q5,fwd_ret_terc,0.009546283436961,0.0067289701066029,0.0017736497718121,0.002817313330358,1.5884270813394854,0.0637450199203187,2067,5,False,False
DOGEUSDT,lunar_4phase,fwd_absret_terc,0.0056612939959688,0.0038593108254035,0.0011640046618062,0.0018019831705653,1.5480893072791015,0.0637450199203187,2535,4,False,False
SOLUSDT,mercury_out_of_bounds,fwd_absret_terc,0.0030087253496165,0.0015245029587959,0.000838677327807,0.0014842223908206,1.7697180329192337,0.0637450199203187,2132,2,False,False
BNBUSDT,jupiter_sign,fwd_ret_terc,0.0280122827820348,0.0252989946216422,0.0019021715400781,0.0027132881603926,1.426416126634474,0.0637450199203187,3141,9,False,False
ATOMUSDT,moon_decl_q4,fwd_ret_terc,0.0058867401257438,0.0038381432289965,0.0011086040514519,0.0020485968967473,1.8479067382662349,0.0637450199203187,2602,4,False,False
LINKUSDT,aspect_conjunction_count_q5,fwd_absret_terc,0.0102343210942312,0.0061904727423506,0.0022615705526458,0.0040438483518806,1.7880708373875946,0.0637450199203187,2705,5,False,False
BNBUSDT,aspect_conjunction_count_q5,fwd_ret_terc,0.0088059888137506,0.0059974679007248,0.0018029352922836,0.0028085209130257,1.5577491466532374,0.0677290836653386,3141,5,False,False
DOTUSDT,moon_void_of_course,fwd_absret_terc,0.0029918114982437,0.0015146199780044,0.0008490649644198,0.0014771915202392,1.7397862144137202,0.0677290836653386,2125,2,False,False
BNBUSDT,moon_sign,fwd_ret_terc,0.013475129594121,0.011174919269337,0.0013288593744143,0.002300210324784,1.73096594648904,0.0677290836653386,3141,12,False,False
BCHUSDT,venus_retrograde,fwd_absret_terc,0.002744777211371,0.0012335145995635,0.0008645310434273,0.0015112626118075,1.7480721175914125,0.0677290836653386,2389,2,False,False
LINKUSDT,saturn_retrograde,fwd_absret_terc,0.0022236033733774,0.00125788488775,0.0006779293828522,0.0009657184856274,1.4245119182832893,0.0677290836653386,2705,2,False,False
AAVEUSDT,aspect_opposition_count_q5,fwd_absret_terc,0.0153918808981212,0.0105236899559733,0.0032563407561127,0.0048681909421479,1.494988180524219,0.0677290836653386,2067,5,False,False
DOGEUSDT,aspect_opposition_count_q5,fwd_absret_terc,0.0103437912087807,0.0070251465607194,0.0020719138737095,0.0033186446480612,1.6017290535921362,0.0677290836653386,2535,5,False,False
ATOMUSDT,sun_modality,fwd_ret_terc,0.0036669311846437,0.0021759055449767,0.0008654784902941,0.001491025639667,1.7227760786524668,0.0677290836653386,2602,3,False,False
BNBUSDT,lunar_4phase,fwd_ret_terc,0.0042504238151911,0.0029174837642391,0.0008703245160095,0.001332940050952,1.5315437247058117,0.0677290836653386,3141,4,False,False
DOGEUSDT,lunar_8phase,fwd_absret_terc,0.0134851622096545,0.0097054109094898,0.0024295454657191,0.0037797513001646,1.5557442136798263,0.0717131474103585,2535,8,False,False
AVAXUSDT,moon_decl_q4,fwd_ret_terc,0.0065888347470974,0.0043171327524795,0.0013376684095473,0.0022717019946178,1.698254947492237,0.0717131474103585,2090,4,False,False
SOLUSDT,moon_decl_sign,fwd_absret_terc,0.0018428863496951,0.0011342997845886,0.0004400325482127,0.0007085865651065,1.6103048921823924,0.0717131474103585,2132,2,False,False
LTCUSDT,mercury_out_of_bounds,fwd_ret_terc,0.0017528134970964,0.0009475891996188,0.0004917819739021,0.0008052242974776,1.637360334882715,0.0717131474103585,3104,2,False,False
ATOMUSDT,venus_retrograde,fwd_ret_terc,0.0030155685566238,0.001364205268579,0.0008349623949324,0.0016513632880448,1.9777696553369823,0.0717131474103585,2602,2,False,False
FILUSDT,neptune_retrograde,fwd_ret_terc,0.003987312238902,0.002358953904529,0.0011572716809738,0.0016283583343729,1.407066604276214,0.0756972111553784,2067,2,False,False
AVAXUSDT,sun_element,fwd_ret_terc,0.0076284724075726,0.005857129236074,0.0012647711201506,0.0017713431714986,1.400524682511502,0.0756972111553784,2090,4,False,False
AVAXUSDT,moon_perigee_q4,fwd_absret_terc,0.0060816323209067,0.0043358060630028,0.0012310302952797,0.0017458262579038,1.4181830167770808,0.0756972111553784,2090,4,False,False
AAVEUSDT,mars_saturn_hard_aspect,fwd_ret_terc,0.0023286560415652,0.0013164286037657,0.0006540357506623,0.0010122274377995,1.5476637733860568,0.0756972111553784,2067,2,False,False
ETHUSDT,soft_aspect_count_q5,fwd_absret_terc,0.0082723316625437,0.0052786641346873,0.0017978693153455,0.0029936675278563,1.665119651525397,0.0756972111553784,3222,5,False,False
AVAXUSDT,sun_element,fwd_absret_terc,0.0079065166075576,0.0060043196694473,0.0013149700923169,0.0019021969381102,1.4465704955757632,0.0756972111553784,2090,4,False,False
AAVEUSDT,jupiter_sign,fwd_ret_terc,0.0182419858284709,0.014790863818459,0.002179977576459,0.0034511220100119,1.5830997746397055,0.0756972111553784,2067,7,False,False
AVAXUSDT,soft_aspect_count_q5,fwd_absret_terc,0.0131279889288323,0.0087484784499556,0.0027921771370247,0.0043795104788766,1.5684930661466925,0.0796812749003984,2090,5,False,False
ADAUSDT,sun_sign,fwd_ret_terc,0.0139397275991518,0.0124092748859285,0.0011022924060335,0.0015304527132233,1.3884271585708083,0.0796812749003984,2979,12,False,False
XRPUSDT,moon_out_of_bounds,fwd_ret_terc,0.0021802836718392,0.0011157812339757,0.0006709183866227,0.0010645024378635,1.586634766744026,0.0796812749003984,2962,2,False,False
ETHUSDT,aspect_trine_count_q5,fwd_ret_terc,0.0071285150660918,0.0047863110188771,0.0014922707123455,0.0023422040472147,1.569557070200322,0.0796812749003984,3222,5,False,False
DOTUSDT,mercury_sign,fwd_absret_terc,0.0279117495743412,0.022064628712189,0.0039020199840387,0.0058471208621522,1.4984856269496447,0.0796812749003984,2125,12,False,False
AAVEUSDT,mercury_sign,fwd_ret_terc,0.0232958063621362,0.0190552047305219,0.0030779180162718,0.0042406016316143,1.3777500275172252,0.0836653386454183,2067,12,False,False
DOGEUSDT,saturn_sign,fwd_ret_terc,0.0116617319923789,0.0079186643365852,0.0025002830822671,0.0037430676557936,1.4970575461397864,0.0836653386454183,2535,4,False,False
FILUSDT,moon_perigee_q4,fwd_absret_terc,0.0057291818733691,0.0038350855318758,0.0011012806348859,0.0018940963414932,1.7199034301456293,0.0836653386454183,2067,4,False,False
SOLUSDT,moon_sign,fwd_ret_terc,0.0166725222115622,0.0134699096631864,0.0020828209902946,0.0032026125483757,1.5376321648854827,0.0836653386454183,2132,12,False,False
ETHUSDT,n_retrograde,fwd_absret_terc,0.0105132783060908,0.0079866545476305,0.0017723008058544,0.0025266237584603,1.4256179030749716,0.0836653386454183,3222,7,False,False
BNBUSDT,aspect_trine_count_q5,fwd_ret_terc,0.0075813032769257,0.0050863859250048,0.0016055617883527,0.0024949173519208,1.5539217300883068,0.0836653386454183,3141,5,False,False
BTCUSDT,harmonic_3_count_q5,fwd_absret_terc,0.0064592217188214,0.0047021711058611,0.0013421027757934,0.0017570506129603,1.3091773928576205,0.0876494023904382,3222,5,False,False
BTCUSDT,hard_aspect_count_q5,fwd_absret_terc,0.0060471570700728,0.0042772310737273,0.0012845364711144,0.0017699259963455,1.3778713459260148,0.0876494023904382,3222,5,False,False
BNBUSDT,aspect_conjunction_count_q5,fwd_absret_terc,0.0108511931481889,0.0074538425779582,0.0022546318481128,0.0033973505702306,1.5068316244509066,0.0876494023904382,3141,5,False,False
DOTUSDT,moon_perigee_q4,fwd_ret_terc,0.0066145208644776,0.0046284192107792,0.0013459951811703,0.0019861016536983,1.4755637178220655,0.0876494023904382,2125,4,False,False
NEARUSDT,venus_sign,fwd_ret_terc,0.0250513437907439,0.020076982357294,0.0033696352729308,0.0049743614334499,1.4762314109809365,0.0876494023904382,2068,12,False,False
BNBUSDT,soft_aspect_count_q5,fwd_absret_terc,0.0109501741394682,0.0071612028080821,0.0023672405619183,0.0037889713313861,1.6005856744511464,0.0876494023904382,3141,5,False,False
DOGEUSDT,lunar_4phase,fwd_ret_terc,0.0041162870756013,0.0030878160299406,0.0007774270602008,0.0010284710456606,1.322916448772731,0.0916334661354581,2535,4,False,False
UNIUSDT,venus_sign,fwd_absret_terc,0.0213492474632569,0.0183338959527065,0.002273175049276,0.0030153515105504,1.3264933166985116,0.0916334661354581,2095,12,False,False
DOGEUSDT,sun_element,fwd_ret_terc,0.0075664590922113,0.0056874282986622,0.0012975732592928,0.0018790307935491,1.448111526722705,0.0916334661354581,2535,4,False,False
UNIUSDT,soft_aspect_count_q5,fwd_ret_terc,0.0109105582730961,0.0077478189879481,0.0022046151476928,0.0031627392851479,1.4345992716496474,0.0916334661354581,2095,5,False,False
DOTUSDT,aspect_conjunction_count_q5,fwd_absret_terc,0.0128598964841812,0.0092467594192876,0.0026386414014426,0.0036131370648935,1.369317203511693,0.0916334661354581,2125,5,False,False
ADAUSDT,n_retrograde,fwd_ret_terc,0.0091787678066346,0.0069751781732671,0.0016095353809756,0.0022035896333674,1.3690843080639097,0.0916334661354581,2979,7,False,False
FILUSDT,sun_element,fwd_ret_terc,0.0050618235148462,0.0040543508746453,0.0008205166327899,0.0010074726402008,1.227851575385221,0.095617529880478,2067,4,False,False
ATOMUSDT,jupiter_retrograde,fwd_absret_terc,0.0024335297472842,0.0014011436188339,0.0007729638682503,0.0010323861284503,1.3356201639634062,0.095617529880478,2602,2,False,False
ATOMUSDT,venus_retrograde,fwd_absret_terc,0.0030300189076105,0.0015742902363389,0.000944621046254,0.0014557286712716,1.5410716043692525,0.095617529880478,2602,2,False,False
UNIUSDT,aspect_trine_count_q5,fwd_absret_terc,0.0110301898219315,0.0074611989650154,0.0026106535421467,0.003568990856916,1.3670871294478035,0.095617529880478,2095,5,False,False
ADAUSDT,aspect_conjunction_count_q5,fwd_ret_terc,0.0067852858163124,0.0047846142231854,0.0013726903543255,0.002000671593127,1.4574820802248816,0.095617529880478,2979,5,False,False
BNBUSDT,harmonic_3_count_q5,fwd_absret_terc,0.0088325949188444,0.0061457217040214,0.0018842153972763,0.0026868732148229,1.4259904778970054,0.095617529880478,3141,5,False,False
AAVEUSDT,eclipse_window,fwd_ret_terc,0.0027569988855031,0.0015887634345097,0.0008209256482598,0.0011682354509934,1.4230709607742449,0.095617529880478,2067,2,False,False
BNBUSDT,aspect_trine_count_q5,fwd_absret_terc,0.0097032363971192,0.0062032124417468,0.002272402385979,0.0035000239553724,1.5402307166054503,0.095617529880478,3141,5,False,False
DOTUSDT,eclipse_window,fwd_absret_terc,0.0027104096943187,0.0015426014674637,0.00089745684035,0.0011678082268549,1.301241657926913,0.099601593625498,2125,2,False,False
FILUSDT,n_retrograde,fwd_ret_terc,0.013461273659862,0.0103851839669893,0.0022797299909434,0.0030760896928726,1.3493219394809253,0.099601593625498,2067,7,False,False
BTCUSDT,aspect_trine_count_q5,fwd_absret_terc,0.0067726227688444,0.0047724090539589,0.0014027524951972,0.0020002137148854,1.425920625152225,0.099601593625498,3222,5,False,False
AVAXUSDT,mercury_sign,fwd_ret_terc,0.0249529723143269,0.020120977758829,0.0034484083657331,0.0048319945554979,1.401224577551063,0.099601593625498,2090,12,False,False
NEARUSDT,mercury_out_of_bounds,fwd_absret_terc,0.0026614492111284,0.001534918025863,0.0009631234312836,0.0011265311852653,1.169664394691324,0.099601593625498,2068,2,False,False
ADAUSDT,venus_sign,fwd_ret_terc,0.0165970334713966,0.0133903776031137,0.0024132094887518,0.0032066558682828,1.3287929967246035,0.1035856573705179,2979,12,False,False
ADAUSDT,venus_sign,fwd_absret_terc,0.0178877344983441,0.0147079404605875,0.0022784685047308,0.0031797940377565,1.3955839333105975,0.1035856573705179,2979,12,False,False
AVAXUSDT,sun_modality,fwd_ret_terc,0.003075897300109,0.0022637780384453,0.0006364885963939,0.0008121192616636,1.275936860872027,0.1035856573705179,2090,3,False,False
FILUSDT,soft_aspect_count_q5,fwd_ret_terc,0.0088793389219945,0.0062667738765147,0.0018388795479757,0.0026125650454798,1.4207374530625072,0.1035856573705179,2067,5,False,False
DOGEUSDT,aspect_square_count_q5,fwd_ret_terc,0.0074187190236982,0.0054330079432101,0.0015642547768212,0.0019857110804881,1.269429449672763,0.1035856573705179,2535,5,False,False
ATOMUSDT,saturn_sign,fwd_ret_terc,0.0160770020415009,0.0119421151162551,0.0028261521177693,0.0041348869252457,1.463080100765893,0.1075697211155378,2602,4,False,False
NEARUSDT,moon_near_full,fwd_absret_terc,0.0025876389003245,0.0014840185267822,0.0007808626616732,0.0011036203735422,1.4133347997167272,0.1075697211155378,2068,2,False,False
FILUSDT,moon_near_new,fwd_ret_terc,0.0028675665446549,0.0016148596018534,0.0008644870003271,0.0012527069428015,1.4490755122140682,0.1075697211155378,2067,2,False,False
FILUSDT,moon_out_of_bounds,fwd_absret_terc,0.0025995477641218,0.0014382441081515,0.0008148253707303,0.0011613036559702,1.425217841375379,0.1075697211155378,2067,2,False,False
DOTUSDT,aspect_trine_count_q5,fwd_absret_terc,0.011688375896245,0.0080692380717574,0.0025979029713859,0.0036191378244876,1.3930996901538728,0.1115537848605577,2125,5,False,False
DOTUSDT,moon_void_of_course,fwd_ret_terc,0.0028504784065299,0.001570255191602,0.0009534561556531,0.0012802232149278,1.34271849558815,0.1115537848605577,2125,2,False,False
ATOMUSDT,mars_saturn_hard_aspect,fwd_ret_terc,0.0024651581015109,0.0013754374923537,0.0007754591836012,0.0010897206091572,1.405258499998142,0.1115537848605577,2602,2,False,False
BNBUSDT,moon_out_of_bounds,fwd_ret_terc,0.0035034778716173,0.0018996959718296,0.0010906495190102,0.0016037818997877,1.470483296268411,0.1115537848605577,3141,2,False,False
BTCUSDT,soft_aspect_count_q5,fwd_ret_terc,0.0056193014820414,0.0041834660885319,0.0012423884193211,0.0014358353935094,1.155705712625675,0.1155378486055776,3222,5,False,False
SOLUSDT,aspect_opposition_count_q5,fwd_absret_terc,0.0138680934147849,0.00987882189649,0.0031885805668046,0.0039892715182949,1.2511120339332202,0.1155378486055776,2132,5,False,False
DOTUSDT,venus_out_of_bounds,fwd_ret_terc,0.0025282529285047,0.0015825548713186,0.0007858071915295,0.0009456980571861,1.2034734059195191,0.1155378486055776,2125,2,False,False
AAVEUSDT,moon_decl_q4,fwd_ret_terc,0.0057663546784591,0.0042521820388246,0.0012280929389511,0.0015141726396344,1.2329462955203403,0.1155378486055776,2067,4,False,False
FILUSDT,moon_sign,fwd_ret_terc,0.0200940177252536,0.0177872704889489,0.0019573804238688,0.0023067472363046,1.1784869247569487,0.1155378486055776,2067,12,False,False
ATOMUSDT,saturn_sign,fwd_absret_terc,0.0273919527695642,0.0185002622738706,0.0055785257354302,0.0088916904956935,1.5939140406255974,0.1155378486055776,2602,4,False,False
UNIUSDT,moon_perigee_q4,fwd_absret_terc,0.0058218931028017,0.0041495574239001,0.0012955789982091,0.0016723356789015,1.2908017814531132,0.1155378486055776,2095,4,False,False
BNBUSDT,harmonic_4_count_q5,fwd_absret_terc,0.0063920651539501,0.0048248328310084,0.0014429305562751,0.0015672323229416,1.086145356147572,0.1155378486055776,3141,5,False,False
FILUSDT,aspect_trine_count_q5,fwd_ret_terc,0.0083642213776016,0.0060947496111282,0.0018440683698125,0.0022694717664734,1.230687431998015,0.1195219123505976,2067,5,False,False
LTCUSDT,jupiter_sign,fwd_ret_terc,0.0182743989977301,0.0158312971679089,0.0018937077877902,0.0024431018298212,1.2901155318540958,0.1195219123505976,3104,9,False,False
ETHUSDT,n_retrograde,fwd_ret_terc,0.0087413555319078,0.006732202138482,0.0015843415266502,0.0020091533934258,1.2681314979313312,0.1195219123505976,3222,7,False,False
LTCUSDT,jupiter_sign,fwd_absret_terc,0.0253990238925133,0.0218867720381752,0.0027125978513703,0.003512251854338,1.2947926846450055,0.1235059760956175,3104,9,False,False
ATOMUSDT,eclipse_window,fwd_absret_terc,0.0021138451359878,0.001254342827704,0.0007109926916574,0.0008595023082838,1.2088764320210204,0.1235059760956175,2602,2,False,False
BNBUSDT,aspect_opposition_count_q5,fwd_ret_terc,0.0128134390469397,0.008208950574177,0.00343423460928,0.0046044884727626,1.3407611874623444,0.1235059760956175,3141,5,False,False
SOLUSDT,lunar_4phase,fwd_ret_terc,0.0068137816478281,0.0054720075960725,0.0010616982145117,0.0013417740517555,1.263799857073899,0.1274900398406374,2132,4,False,False
SOLUSDT,saturn_retrograde,fwd_ret_terc,0.0023098008221797,0.0013520605225241,0.0006702560809556,0.0009577402996555,1.4289169869074687,0.1274900398406374,2132,2,False,False
XRPUSDT,aspect_opposition_count_q5,fwd_ret_terc,0.0062427067592172,0.0047683402088983,0.0013497752029435,0.0014743665503188,1.092305257278057,0.1274900398406374,2962,5,False,False
NEARUSDT,aspect_trine_count_q5,fwd_ret_terc,0.0091562415669512,0.0066944956383328,0.0019875667175776,0.0024617459286183,1.238572726564165,0.1274900398406374,2068,5,False,False
DOGEUSDT,moon_near_full,fwd_ret_terc,0.0023166494899563,0.0013332367586674,0.0008341842454692,0.0009834127312889,1.1788915178273542,0.1274900398406374,2535,2,False,False
ADAUSDT,aspect_square_count_q5,fwd_absret_terc,0.0058447613908525,0.0045224338613676,0.0012866590529975,0.0013223275294849,1.027721777889992,0.1314741035856573,2979,5,False,False
UNIUSDT,aspect_square_count_q5,fwd_absret_terc,0.0091788614903867,0.0067244538644422,0.0020690768162856,0.0024544076259445,1.1862332063391694,0.1314741035856573,2095,5,False,False
BCHUSDT,moon_perigee_q4,fwd_absret_terc,0.0056268873067107,0.0042141477106429,0.0012367814190772,0.0014127395960678,1.1422710385816148,0.1314741035856573,2389,4,False,False
LINKUSDT,saturn_sign,fwd_ret_terc,0.0079602796455374,0.0060009631784138,0.0018114576740914,0.0019593164671235,1.0816242052722866,0.1314741035856573,2705,4,False,False
SOLUSDT,aspect_square_count_q5,fwd_absret_terc,0.008965822373576,0.0069076790528545,0.0020619051422546,0.0020581433207215,0.9981755603320174,0.1354581673306772,2132,5,False,False
ATOMUSDT,moon_decl_q4,fwd_absret_terc,0.0047114967661665,0.0035610652374576,0.0010415957025974,0.0011504315287088,1.1044895114678803,0.1354581673306772,2602,4,False,False
AAVEUSDT,sun_element,fwd_absret_terc,0.0090749374346444,0.0067727373342738,0.0018765033197645,0.0023022001003706,1.2268563962143797,0.1354581673306772,2067,4,False,False
BTCUSDT,aspect_trine_count_q5,fwd_ret_terc,0.0059231603654105,0.0043608316889256,0.0012960603951203,0.0015623286764849,1.205444346858467,0.1354581673306772,3222,5,False,False
SOLUSDT,mars_saturn_hard_aspect,fwd_ret_terc,0.0025993361708124,0.0015638206213832,0.0009309450198711,0.0010355155494291,1.112327288213606,0.1354581673306772,2132,2,False,False
AVAXUSDT,venus_retrograde,fwd_absret_terc,0.003190159299075,0.0018831345606447,0.0012020197106076,0.0013070247384302,1.0873571597004248,0.1354581673306772,2090,2,False,False
ADAUSDT,moon_out_of_bounds,fwd_ret_terc,0.0024636253485854,0.0014411963467219,0.0008236115775374,0.0010224290018634,1.241397073266594,0.1354581673306772,2979,2,False,False
UNIUSDT,mercury_sign,fwd_absret_terc,0.0264659981345218,0.0220213845476836,0.0036535439101359,0.0044446135868382,1.2165211904276143,0.1394422310756972,2095,12,False,False
DOGEUSDT,sun_sign,fwd_ret_terc,0.0218614636136961,0.0192213213608502,0.0020583273986605,0.0026401422528458,1.2826639020419706,0.1394422310756972,2535,12,False,False
AAVEUSDT,aspect_opposition_count_q5,fwd_ret_terc,0.0096137509500556,0.0073053940787072,0.0021076360168261,0.0023083568713484,1.0952350656943783,0.1434262948207171,2067,5,False,False
DOGEUSDT,hard_aspect_count_q5,fwd_absret_terc,0.0062440624846482,0.0049550646754458,0.0013622052124746,0.0012889978092023,0.9462581682981146,0.1434262948207171,2535,5,False,False
ADAUSDT,aspect_square_count_q5,fwd_ret_terc,0.0057687382628203,0.004326443158747,0.0013249661232382,0.0014422951040733,1.0885524382678708,0.1434262948207171,2979,5,False,False
DOTUSDT,aspect_trine_count_q5,fwd_ret_terc,0.0094493744031094,0.0068270262063726,0.0022207925473112,0.0026223481967367,1.180816371124645,0.1434262948207171,2125,5,False,False
NEARUSDT,n_retrograde,fwd_ret_terc,0.0128347787171315,0.0099473336178722,0.0024951770516721,0.0028874450992593,1.157210506294289,0.1434262948207171,2068,7,False,False
LTCUSDT,aspect_trine_count_q5,fwd_absret_terc,0.0068082297052354,0.0050757096351169,0.0015185730553282,0.0017325200701185,1.1408868766896676,0.1434262948207171,3104,5,False,False
SOLUSDT,aspect_trine_count_q5,fwd_ret_terc,0.0076844417336902,0.0059737095882432,0.0017139235286057,0.0017107321454469,0.9981379664229728,0.147410358565737,2132,5,False,False
AVAXUSDT,moon_out_of_bounds,fwd_absret_terc,0.0021706368168007,0.0014523453082874,0.0006306041552946,0.0007182915085133,1.1390529264395994,0.147410358565737,2090,2,False,False
BCHUSDT,mars_saturn_hard_aspect,fwd_absret_terc,0.0021625704640929,0.0013601746499506,0.0007892153053456,0.0008023958141422,1.0167007769709573,0.147410358565737,2389,2,False,False
ADAUSDT,mercury_sign,fwd_absret_terc,0.0188943166659289,0.016122991937562,0.0028662307282205,0.0027713247283668,0.9668882205053002,0.147410358565737,2979,12,False,False
NEARUSDT,sun_modality,fwd_ret_terc,0.0029752142692174,0.0023448106528365,0.0006882962070491,0.0006304036163809,0.9158900048041844,0.147410358565737,2068,3,False,False
LTCUSDT,mercury_retrograde,fwd_absret_terc,0.0022770362871914,0.0012827181933548,0.0008660221380363,0.0009943180938365,1.1481439678795096,0.147410358565737,3104,2,False,False
BCHUSDT,moon_decl_q4,fwd_ret_terc,0.0046317577175794,0.0035229508583129,0.0009532749194139,0.0011088068592664,1.1631553885295718,0.1513944223107569,2389,4,False,False
BCHUSDT,aspect_opposition_count_q5,fwd_absret_terc,0.0088026479022369,0.0068478196180794,0.0019688153757878,0.0019548282841575,0.9928956814324822,0.1513944223107569,2389,5,False,False
FILUSDT,moon_out_of_bounds,fwd_ret_terc,0.0023024486682266,0.0014944161073712,0.0009056127572454,0.0008080325608553,0.8922495342414045,0.1513944223107569,2067,2,False,False
AAVEUSDT,harmonic_4_count_q5,fwd_ret_terc,0.0080885599787976,0.0061135502910524,0.0018491090830504,0.0019750096877451,1.0680871701127972,0.1513944223107569,2067,5,False,False
BNBUSDT,jupiter_saturn_aspect,fwd_absret_terc,0.0044361273056767,0.0025739317516508,0.0021363198096247,0.0018621955540259,0.871683886296491,0.1513944223107569,3141,2,False,False
AVAXUSDT,saturn_sign,fwd_ret_terc,0.0106723298718386,0.0075062288929799,0.0032573993435919,0.0031661009788586,0.9719720073889948,0.1513944223107569,2090,4,False,False
ETHUSDT,moon_out_of_bounds,fwd_ret_terc,0.0021240606498084,0.0013786488835952,0.0006845660767396,0.0007454117662131,1.0888821277316787,0.1553784860557769,3222,2,False,False
FILUSDT,mercury_sign,fwd_absret_terc,0.0248376728772892,0.0220257045384777,0.0029363786304965,0.0028119683388114,0.957631386363808,0.1553784860557769,2067,12,False,False
DOTUSDT,soft_aspect_count_q5,fwd_absret_terc,0.0133029160086785,0.0101326041236437,0.0037753259282335,0.0031703118850348,0.8397452154596362,0.1553784860557769,2125,5,False,False
UNIUSDT,moon_decl_q4,fwd_ret_terc,0.006156346910986,0.0049390154880507,0.0012636373679643,0.0012173314229353,0.9633550366561372,0.1553784860557769,2095,4,False,False
NEARUSDT,soft_aspect_count_q5,fwd_absret_terc,0.0120650332854386,0.009359752972488,0.0031042673893086,0.0027052803129506,0.8714714210083306,0.1553784860557769,2068,5,False,False
NEARUSDT,neptune_retrograde,fwd_ret_terc,0.0037139598535256,0.002387556769355,0.0014138464102019,0.0013264030841705,0.9381521745216256,0.1553784860557769,2068,2,False,False
AVAXUSDT,lunar_8phase,fwd_ret_terc,0.0099648235313436,0.0087359509508731,0.0013544417336875,0.0012288725804704,0.9072908416110528,0.1593625498007968,2090,8,False,False
UNIUSDT,aspect_conjunction_count_q5,fwd_absret_terc,0.0109980968976788,0.0086750584175921,0.0025448778582183,0.0023230384800867,0.9128290666622124,0.1593625498007968,2095,5,False,False
AAVEUSDT,moon_near_new,fwd_ret_terc,0.0026522167344427,0.0016214605504239,0.0009051144292846,0.0010307561840187,1.1388131165176314,0.1593625498007968,2067,2,False,False
LTCUSDT,neptune_retrograde,fwd_absret_terc,0.0033948086110728,0.0021702024831929,0.0013875830493939,0.0012246061278798,0.8825461859127389,0.1593625498007968,3104,2,False,False
BCHUSDT,jupiter_retrograde,fwd_ret_terc,0.0023568931399191,0.0017055347409618,0.0007313984994332,0.0006513583989572,0.89056567584161,0.1593625498007968,2389,2,False,False
AVAXUSDT,moon_sign,fwd_ret_terc,0.0177167158164904,0.0151526124451141,0.00250128622739,0.0025641033713762,1.025113936701154,0.1633466135458167,2090,12,False,False
FILUSDT,moon_decl_sign,fwd_ret_terc,0.0020090061517641,0.0013213517718836,0.0007507291373691,0.0006876543798804,0.9159820042288964,0.1633466135458167,2067,2,False,False
ADAUSDT,moon_near_new,fwd_ret_terc,0.0015069594100133,0.0010415737483796,0.0004932825531495,0.0004653856616337,0.9434464257094102,0.1633466135458167,2979,2,False,False
ADAUSDT,pluto_retrograde,fwd_absret_terc,0.001909431430069,0.0012374818718525,0.0006917777970861,0.0006719495582164,0.971337271948893,0.1633466135458167,2979,2,False,False
AAVEUSDT,venus_out_of_bounds,fwd_absret_terc,0.0035278343138224,0.002173411197425,0.0013014341095719,0.0013544231163974,1.0407158583256466,0.1633466135458167,2067,2,False,False
LINKUSDT,jupiter_retrograde,fwd_ret_terc,0.0015519270344071,0.0009676853752011,0.0007635705138492,0.000584241659206,0.7651443430689847,0.1633466135458167,2705,2,False,False
LINKUSDT,mercury_out_of_bounds,fwd_ret_terc,0.0016298629073098,0.0010790792492906,0.0006886392958708,0.0005507836580191,0.7998144475950167,0.1673306772908366,2705,2,False,False
XRPUSDT,neptune_retrograde,fwd_absret_terc,0.0009831715331402,0.0006613573884537,0.0003140512329402,0.0003218141446865,1.0247186157290578,0.1713147410358565,2962,2,False,False
ADAUSDT,moon_perigee_q4,fwd_absret_terc,0.0052760871462045,0.0038072519605367,0.0013516965232672,0.0014688351856677,1.0866604747324744,0.1713147410358565,2979,4,False,False
SOLUSDT,jupiter_sign,fwd_absret_terc,0.0331359847527622,0.0268785845074766,0.0056017292482216,0.0062574002452855,1.1170479628718395,0.1713147410358565,2132,7,False,False
DOGEUSDT,sun_sign,fwd_absret_terc,0.0227803497834591,0.0208584731391665,0.0020671789009366,0.0019218766442925,0.9297098782411644,0.1713147410358565,2535,12,False,False
NEARUSDT,aspect_opposition_count_q5,fwd_absret_terc,0.0140420312726834,0.0106409108857902,0.0035621556688258,0.0034011203868932,0.9547927443649056,0.1713147410358565,2068,5,False,False
BTCUSDT,moon_near_new,fwd_ret_terc,0.0013769318088236,0.00090750803294,0.0005077601743582,0.0004694237758835,0.9244990048242212,0.1752988047808765,3222,2,False,False
AAVEUSDT,lunar_8phase,fwd_ret_terc,0.0138341123507147,0.0128280747905884,0.0010883087400147,0.0010060375601263,0.9244045583173968,0.1752988047808765,2067,8,False,False
NEARUSDT,moon_decl_q4,fwd_ret_terc,0.005808517775584,0.0045144792705826,0.0011871330173008,0.0012940385050013,1.0900535038133268,0.1752988047808765,2068,4,False,False
LTCUSDT,mars_out_of_bounds,fwd_ret_terc,0.0022535192416254,0.0013422934998618,0.0008415243604282,0.0009112257417636,1.0828275265851228,0.1752988047808765,3104,2,False,False
NEARUSDT,aspect_opposition_count_q5,fwd_ret_terc,0.0097028507837397,0.0076818991927056,0.0021693122129232,0.0020209515910341,0.9316093732357568,0.1752988047808765,2068,5,False,False
ATOMUSDT,aspect_opposition_count_q5,fwd_ret_terc,0.0108972478898404,0.0080796814799423,0.0028836903629277,0.002817566409898,0.9770696764535548,0.1752988047808765,2602,5,False,False
DOGEUSDT,eclipse_window,fwd_absret_terc,0.0020754032264572,0.0014016823891699,0.0007352396493395,0.0006737208372872,0.9163282174627656,0.1752988047808765,2535,2,False,False
BCHUSDT,moon_sign,fwd_ret_terc,0.0135463599743246,0.0120043972246701,0.0017325609426206,0.0015419627496544,0.8899904827140652,0.1752988047808765,2389,12,False,False
LTCUSDT,moon_out_of_bounds,fwd_ret_terc,0.0016106694626273,0.0010721717474181,0.0005515284014753,0.0005384977152092,0.9763734991140556,0.1792828685258964,3104,2,False,False
LTCUSDT,aspect_opposition_count_q5,fwd_ret_terc,0.0071590751209922,0.0054212883019735,0.0015987900436245,0.0017377868190187,1.0869387296652928,0.1792828685258964,3104,5,False,False
FILUSDT,saturn_retrograde,fwd_ret_terc,0.0028380384375815,0.0019770874396204,0.0010510844361914,0.000860950997961,0.8191073602808577,0.1792828685258964,2067,2,False,False
BCHUSDT,sun_modality,fwd_ret_terc,0.0019838378723089,0.001541584678839,0.0005314518468495,0.0004422531934698,0.8321604226075171,0.1792828685258964,2389,3,False,False
ETHUSDT,moon_near_full,fwd_absret_terc,0.0013550339039868,0.0009256724982189,0.000516778959756,0.0004293614057678,0.830841499372482,0.1792828685258964,3222,2,False,False
DOGEUSDT,moon_sign,fwd_absret_terc,0.0160446505587437,0.0142742484577503,0.0018161824950059,0.0017704021009933,0.974793065048004,0.1792828685258964,2535,12,False,False
BTCUSDT,saturn_sign,fwd_absret_terc,0.0166021446209734,0.0121584431231143,0.0040768627980864,0.0044437014978591,1.0899806341152467,0.1832669322709163,3222,5,False,False
ETHUSDT,eclipse_window,fwd_absret_terc,0.0011893701177887,0.0008362405359732,0.0004994113942335,0.0003531295818154,0.7070915599701262,0.1832669322709163,3222,2,False,False
LINKUSDT,aspect_opposition_count_q5,fwd_absret_terc,0.0101414053334217,0.0076690612510113,0.0030282636407133,0.0024723440824103,0.8164229987016474,0.1832669322709163,2705,5,False,False
ATOMUSDT,aspect_opposition_count_q5,fwd_absret_terc,0.0163494943321363,0.0110451363418588,0.0049783985363011,0.0053043579902775,1.0654747609295574,0.1832669322709163,2602,5,False,False
NEARUSDT,mercury_out_of_bounds,fwd_ret_terc,0.0018596194785099,0.0012406225588362,0.000720528674539,0.0006189969196737,0.8590871419096748,0.1832669322709163,2068,2,False,False
SOLUSDT,venus_out_of_bounds,fwd_absret_terc,0.0025335010417123,0.0018165339286172,0.0011688927771105,0.000716967113095,0.6133728663012274,0.1872509960159362,2132,2,False,False
SOLUSDT,lunar_4phase,fwd_absret_terc,0.0055406118960034,0.0044795092486054,0.0012299118376172,0.0010611026473979,0.8627469180666661,0.1872509960159362,2132,4,False,False
UNIUSDT,mars_retrograde,fwd_ret_terc,0.0021851547825659,0.0015085454816049,0.0008250754776416,0.0006766093009609,0.8200574605548802,0.1872509960159362,2095,2,False,False
BNBUSDT,moon_out_of_bounds,fwd_absret_terc,0.0036735945793668,0.0025501605468166,0.0014047130838553,0.0011234340325501,0.7997604959062861,0.1872509960159362,3141,2,False,False
ATOMUSDT,moon_decl_sign,fwd_ret_terc,0.0019026410014255,0.0014722818911778,0.0005345140529039,0.0004303591102477,0.8051408712448797,0.1872509960159362,2602,2,False,False
AAVEUSDT,aspect_trine_count_q5,fwd_ret_terc,0.0083621305168143,0.006495153735727,0.0019421217868377,0.0018669767810873,0.9613077788119848,0.1912350597609561,2067,5,False,False
XRPUSDT,mars_saturn_hard_aspect,fwd_ret_terc,0.0015603497558536,0.0011191796882039,0.0006418944279363,0.0004411700676496,0.6872938110211897,0.1912350597609561,2962,2,False,False
ATOMUSDT,jupiter_retrograde,fwd_ret_terc,0.0020584097988024,0.0014015301380392,0.000821946748315,0.0006568796607631,0.7991754479347031,0.1912350597609561,2602,2,False,False
ATOMUSDT,moon_out_of_bounds,fwd_absret_terc,0.0024470666526034,0.0016744610602153,0.0008810927070334,0.0007726055923881,0.876872077388276,0.1912350597609561,2602,2,False,False
UNIUSDT,mars_saturn_hard_aspect,fwd_ret_terc,0.0019256123564549,0.0013141132700057,0.0007359215107365,0.0006114990864492,0.8309297629270251,0.1912350597609561,2095,2,False,False
ATOMUSDT,moon_perigee_q4,fwd_absret_terc,0.0038661207368583,0.0030390977375091,0.0009846556917038,0.0008270229993492,0.8399108503787467,0.1912350597609561,2602,4,False,False
LTCUSDT,mercury_out_of_bounds,fwd_absret_terc,0.0018686428505719,0.0012642959804552,0.0007355553535201,0.0006043468701166,0.8216198376157928,0.1952191235059761,3104,2,False,False
NEARUSDT,mars_saturn_hard_aspect,fwd_absret_terc,0.0028423206248929,0.0019185699603795,0.001159444799813,0.0009237506645133,0.796718105650518,0.199203187250996,2068,2,False,False
AAVEUSDT,moon_void_of_course,fwd_absret_terc,0.0023430252960963,0.0016052980679716,0.000835207336884,0.0007377272281246,0.8832863356743452,0.199203187250996,2067,2,False,False
NEARUSDT,saturn_sign,fwd_absret_terc,0.0173522987237003,0.0131913547587717,0.0052705142959465,0.0041609439649285,0.7894758900717987,0.199203187250996,2068,4,False,False
ATOMUSDT,mercury_sign,fwd_absret_terc,0.0211258833827565,0.0185251237440034,0.0027595967798141,0.0026007596387531,0.9424419023014862,0.199203187250996,2602,12,False,False
ETHUSDT,moon_void_of_course,fwd_absret_terc,0.0013397037084103,0.0009388192756082,0.0005425263431396,0.000400884432802,0.7389215986860648,0.199203187250996,3222,2,False,False
BNBUSDT,moon_near_full,fwd_ret_terc,0.0012803911683299,0.0009036478269105,0.0005028653544052,0.0003767433414194,0.7491932743408132,0.199203187250996,3141,2,False,False
BNBUSDT,moon_void_of_course,fwd_absret_terc,0.0012602613258767,0.000896280298946,0.0004751413911155,0.0003639810269306,0.7660478201575545,0.199203187250996,3141,2,False,False
NEARUSDT,jupiter_sign,fwd_ret_terc,0.021195576298497,0.0185821711232166,0.0032073730111117,0.0026134051752803,0.8148117372773281,0.199203187250996,2068,7,False,False
DOTUSDT,sun_sign,fwd_ret_terc,0.0184629260387321,0.0165167991088722,0.0021083120264852,0.0019461269298598,0.9230734850496828,0.2031872509960159,2125,12,False,False
AVAXUSDT,mercury_out_of_bounds,fwd_absret_terc,0.002376859448687,0.0016873929135423,0.0010478093860661,0.0006894665351446,0.6580075959551999,0.2031872509960159,2090,2,False,False
ATOMUSDT,sun_element,fwd_absret_terc,0.005858063189709,0.0047208732715182,0.0012422272819132,0.0011371899181908,0.915444327095606,0.2031872509960159,2602,4,False,False
NEARUSDT,venus_out_of_bounds,fwd_ret_terc,0.0023839483565151,0.0016500893706768,0.0010801667820232,0.0007338589858382,0.6793941436189315,0.2031872509960159,2068,2,False,False
BCHUSDT,aspect_opposition_count_q5,fwd_ret_terc,0.0079562151659036,0.0064052396857513,0.0017866292135653,0.0015509754801522,0.868101488756679,0.2031872509960159,2389,5,False,False
DOTUSDT,sun_modality,fwd_ret_terc,0.0022008571833673,0.0016660872131495,0.0006679496469744,0.0005347699702178,0.8006141969534762,0.2031872509960159,2125,3,False,False
FILUSDT,sun_element,fwd_absret_terc,0.0056721245857871,0.0049773064495285,0.0008431086297437,0.0006948181362585,0.8241146060498697,0.2031872509960159,2067,4,False,False
DOTUSDT,mercury_out_of_bounds,fwd_absret_terc,0.002522408432555,0.0017310656854686,0.0009996041733721,0.0007913427470864,0.7916561056531657,0.2031872509960159,2125,2,False,False
AAVEUSDT,eclipse_window,fwd_absret_terc,0.0021710533480142,0.0015250572641347,0.0007790588324439,0.0006459960838795,0.8292006418219521,0.2031872509960159,2067,2,False,False
BNBUSDT,soft_aspect_count_q5,fwd_ret_terc,0.0068106296760416,0.0056522885015761,0.0017024120147895,0.0011583411744654,0.6804117713000563,0.2031872509960159,3141,5,False,False
DOGEUSDT,n_retrograde,fwd_ret_terc,0.0121010626194301,0.010105353647165,0.0022589988562497,0.001995708972265,0.8834484208540943,0.2031872509960159,2535,7,False,False
ADAUSDT,venus_out_of_bounds,fwd_ret_terc,0.0015762511544209,0.0011782511365494,0.000727786661315,0.0003980000178715,0.5468635783354608,0.2071713147410358,2979,2,False,False
BCHUSDT,mars_saturn_hard_aspect,fwd_ret_terc,0.0017560966763043,0.0012770714970127,0.0007071233404117,0.0004790251792915,0.677428041072255,0.2071713147410358,2389,2,False,False
ETHUSDT,venus_sign,fwd_absret_terc,0.015176907253327,0.0132732771709807,0.0023622825855885,0.0019036300823463,0.8058435065981369,0.2071713147410358,3222,12,False,False
UNIUSDT,moon_out_of_bounds,fwd_absret_terc,0.0018803943972349,0.0013663705951908,0.0006880024390696,0.0005140238020441,0.7471249705731252,0.2071713147410358,2095,2,False,False
AAVEUSDT,venus_out_of_bounds,fwd_ret_terc,0.0021251968986271,0.0014521821379229,0.0009160542014907,0.0006730147607041,0.734688798554609,0.2071713147410358,2067,2,False,False
ADAUSDT,hard_aspect_count_q5,fwd_ret_terc,0.0052295607893008,0.0042998224433199,0.0011246235843464,0.0009297383459808,0.826710695846866,0.2071713147410358,2979,5,False,False
FILUSDT,lunar_4phase,fwd_absret_terc,0.0044201957654703,0.0036090956743187,0.0008784058569306,0.0008111000911516,0.9233773713506838,0.2111553784860557,2067,4,False,False
BNBUSDT,jupiter_saturn_aspect,fwd_ret_terc,0.0021510005730252,0.0016864262011622,0.0010683285953515,0.0004645743718629,0.4348609350010868,0.2111553784860557,3141,2,False,False
ETHUSDT,lunar_8phase,fwd_ret_terc,0.0066135593101742,0.0058156069983933,0.0010552329820474,0.0007979523117808,0.7561859090422486,0.2111553784860557,3222,8,False,False
DOGEUSDT,hard_aspect_count_q5,fwd_ret_terc,0.0058624530588642,0.0048373184532216,0.0014063584669042,0.0010251346056426,0.7289283847376417,0.2111553784860557,2535,5,False,False
NEARUSDT,lunar_4phase,fwd_absret_terc,0.0048418602257404,0.0042149395339114,0.0007870615720648,0.0006269206918289,0.7965332244391068,0.2111553784860557,2068,4,False,False
NEARUSDT,mercury_sign,fwd_absret_terc,0.0266127692026517,0.02348421920011,0.003830286159961,0.0031285500025417,0.8167927595711351,0.2111553784860557,2068,12,False,False
DOGEUSDT,moon_near_new,fwd_ret_terc,0.001736306979259,0.0012112788431716,0.000790251630707,0.0005250281360874,0.664380958781045,0.2111553784860557,2535,2,False,False
LTCUSDT,moon_near_new,fwd_absret_terc,0.0014887425259817,0.0011256603193405,0.0006114034525047,0.0003630822066411,0.5938504356717491,0.2151394422310757,3104,2,False,False
AVAXUSDT,aspect_opposition_count_q5,fwd_ret_terc,0.0084687148550726,0.0071081263440853,0.001908785561676,0.0013605885109873,0.7128032285578499,0.2151394422310757,2090,5,False,False
UNIUSDT,moon_decl_sign,fwd_ret_terc,0.0024951748773688,0.0017824727496871,0.0010894764407122,0.0007127021276816,0.6541693799415663,0.2151394422310757,2095,2,False,False
ADAUSDT,soft_aspect_count_q5,fwd_absret_terc,0.0070538999602072,0.005553885408137,0.0018663954995069,0.0015000145520702,0.8036959757278171,0.2151394422310757,2979,5,False,False
NEARUSDT,neptune_retrograde,fwd_absret_terc,0.0045019045496229,0.0030841281685781,0.0021419133471875,0.0014177763810448,0.6619205127539016,0.2151394422310757,2068,2,False,False
ATOMUSDT,jupiter_saturn_aspect,fwd_ret_terc,0.0029433451716217,0.0019271089664546,0.0012632292879509,0.001016236205167,0.8044748604708647,0.2191235059760956,2602,2,False,False
AAVEUSDT,mercury_sign,fwd_absret_terc,0.026464414095214,0.0234059824046095,0.0039066340882701,0.0030584316906044,0.7828815347174504,0.2191235059760956,2067,12,False,False
ADAUSDT,sun_sign,fwd_absret_terc,0.0166120913868626,0.0153080842042327,0.0018849194028515,0.0013040071826299,0.6918105785622672,0.2191235059760956,2979,12,False,False
SOLUSDT,sun_element,fwd_absret_terc,0.0066887219798586,0.0054432023128306,0.001822852522852,0.0012455196670279,0.6832805459649651,0.2231075697211155,2132,4,False,False
DOGEUSDT,jupiter_sign,fwd_ret_terc,0.0227575274167509,0.0207828738339032,0.0028981704791567,0.0019746535828477,0.6813448680983976,0.2231075697211155,2535,8,False,False
UNIUSDT,moon_sign,fwd_ret_terc,0.0190665418823569,0.0173540797436904,0.0020309550594366,0.0017124621386665,0.8431807147625934,0.2231075697211155,2095,12,False,False
DOTUSDT,mercury_sign,fwd_ret_terc,0.0204423747918439,0.0183609768489303,0.0027642916210123,0.0020813979429135,0.7529588872216374,0.2231075697211155,2125,12,False,False
UNIUSDT,moon_perigee_q4,fwd_ret_terc,0.0050914300561631,0.0041149408363669,0.0012588168614169,0.0009764892197961,0.7757198443441116,0.2231075697211155,2095,4,False,False
LTCUSDT,harmonic_3_count_q5,fwd_absret_terc,0.0059832698216358,0.0049196925572933,0.0014704460177313,0.0010635772643424,0.7233024888485057,0.2270916334661354,3104,5,False,False
LINKUSDT,jupiter_sign,fwd_ret_terc,0.0145086223071796,0.0134008577602952,0.0014185928375203,0.0011077645468843,0.7808897081566331,0.2270916334661354,2705,8,False,False
ETHUSDT,moon_void_of_course,fwd_ret_terc,0.0012869500165043,0.000932228975949,0.0005526259161432,0.0003547210405552,0.64188274598277,0.2270916334661354,3222,2,False,False
XRPUSDT,lunar_8phase,fwd_ret_terc,0.0084367040026156,0.0076196385196972,0.0011963994271058,0.0008170654829184,0.6829370395930167,0.2270916334661354,2962,8,False,False
ATOMUSDT,pluto_out_of_bounds,fwd_absret_terc,0.0034139129430006,0.0026368195952309,0.0020550579405447,0.0007770933477696,0.3781369529482445,0.2310756972111553,2602,2,False,False
BCHUSDT,mars_out_of_bounds,fwd_absret_terc,0.0020685714556321,0.0015087946427165,0.0009790004814023,0.0005597768129156,0.5717840016930529,0.2310756972111553,2389,2,False,False
ADAUSDT,moon_near_full,fwd_ret_terc,0.0013781356601004,0.0010088724262809,0.0005014920505636,0.0003692632338195,0.7363291868824048,0.2310756972111553,2979,2,False,False
NEARUSDT,saturn_retrograde,fwd_absret_terc,0.0042747427726352,0.0029742110906541,0.002148882449198,0.0013005316819811,0.6052130410700034,0.2310756972111553,2068,2,False,False
BNBUSDT,lunar_8phase,fwd_ret_terc,0.0076476126325467,0.0067411352935525,0.0011694944011688,0.0009064773389942,0.7751019056510613,0.2310756972111553,3141,8,False,False
DOTUSDT,n_retrograde,fwd_ret_terc,0.0119495354382915,0.0103782164838411,0.0024209121511891,0.0015713189544503,0.6490607078321858,0.2310756972111553,2125,7,False,False
DOGEUSDT,moon_perigee_q4,fwd_absret_terc,0.0048575671827749,0.0040690433629563,0.0010481243028391,0.0007885238198186,0.752318992778506,0.2310756972111553,2535,4,False,False
ADAUSDT,mars_saturn_hard_aspect,fwd_ret_terc,0.0015418541759614,0.0011188250484992,0.0006086270719745,0.0004230291274622,0.6950547337465178,0.2310756972111553,2979,2,False,False
AAVEUSDT,aspect_conjunction_count_q5,fwd_ret_terc,0.0083979331909586,0.0067929494889771,0.0021382289441185,0.0016049837019815,0.7506135890621951,0.2310756972111553,2067,5,False,False
SOLUSDT,eclipse_window,fwd_absret_terc,0.0020386876415501,0.0014638533818051,0.0008810999131821,0.0005748342597449,0.6524053074400195,0.2350597609561753,2132,2,False,False
ETHUSDT,aspect_trine_count_q5,fwd_absret_terc,0.0057938438752893,0.0048536501718023,0.0014885236735623,0.000940193703487,0.6316283174972898,0.2350597609561753,3222,5,False,False
AAVEUSDT,jupiter_sign,fwd_absret_terc,0.0324522888493706,0.0298813926307812,0.003845079170473,0.0025708962185894,0.6686198396984175,0.2390438247011952,2067,7,False,False
ADAUSDT,n_retrograde,fwd_absret_terc,0.0095273123766331,0.0081845256808001,0.0020842538946785,0.001342786695833,0.6442529383110855,0.2390438247011952,2979,7,False,False
UNIUSDT,jupiter_sign,fwd_absret_terc,0.0319229905611428,0.0281938494331062,0.0048984234216959,0.0037291411280365,0.7612941567116328,0.2390438247011952,2095,7,False,False
DOGEUSDT,venus_sign,fwd_ret_terc,0.0205434594006854,0.0181821615739361,0.0029160892764396,0.0023612978267493,0.8097481259669572,0.2390438247011952,2535,12,False,False
XRPUSDT,uranus_retrograde,fwd_ret_terc,0.0015209260225857,0.0011513993275912,0.0004673109781979,0.0003695266949945,0.7907511533744167,0.2390438247011952,2962,2,False,False
LTCUSDT,harmonic_4_count_q5,fwd_absret_terc,0.0052417377218487,0.0043583858596519,0.0013259289725002,0.0008833518621967,0.6662135608448791,0.2390438247011952,3104,5,False,False
AVAXUSDT,moon_decl_q4,fwd_absret_terc,0.0054290103079024,0.0046297630621175,0.0012429939333078,0.0007992472457848,0.6430017270140154,0.2390438247011952,2090,4,False,False
UNIUSDT,jupiter_sign,fwd_ret_terc,0.0202001183944547,0.0182710570284919,0.0027255623792939,0.0019290613659628,0.7077663606666432,0.2390438247011952,2095,7,False,False
FILUSDT,moon_void_of_course,fwd_absret_terc,0.0021142693258083,0.0015652234357922,0.0008704963752335,0.000549045890016,0.6307273707701797,0.2430278884462151,2067,2,False,False
BNBUSDT,aspect_opposition_count_q5,fwd_absret_terc,0.0174304390405667,0.0117085908439324,0.0065713884524171,0.0057218481966342,0.8707213457347136,0.2430278884462151,3141,5,False,False
XRPUSDT,aspect_square_count_q5,fwd_ret_terc,0.0051040021005586,0.0043430457039493,0.0013864917110604,0.0007609563966093,0.5488358787427201,0.2430278884462151,2962,5,False,False
UNIUSDT,moon_decl_sign,fwd_absret_terc,0.0020426589166565,0.0015654955056419,0.0007795594080895,0.0004771634110146,0.6120937109643039,0.2430278884462151,2095,2,False,False
XRPUSDT,moon_near_new,fwd_ret_terc,0.0013870778832972,0.0010355583455995,0.0005810491185528,0.0003515195376977,0.6049738765169599,0.2430278884462151,2962,2,False,False
LINKUSDT,moon_decl_q4,fwd_ret_terc,0.0042321698392665,0.0035017058832658,0.0009390066588588,0.0007304639560006,0.7779113695406219,0.2430278884462151,2705,4,False,False
LTCUSDT,moon_decl_q4,fwd_ret_terc,0.0032176633057354,0.0027783274249171,0.0008111686905707,0.0004393358808182,0.5416085284420783,0.247011952191235,3104,4,False,False
AAVEUSDT,sun_element,fwd_ret_terc,0.0062813385487416,0.0057207020111808,0.0008711767271378,0.0005606365375608,0.6435393877000704,0.247011952191235,2067,4,False,False
XRPUSDT,moon_decl_q4,fwd_ret_terc,0.0035218336611637,0.0028763835884039,0.000868961304185,0.0006454500727597,0.742783446916657,0.247011952191235,2962,4,False,False
AAVEUSDT,moon_perigee_q4,fwd_ret_terc,0.005691760534528,0.0050232962790554,0.0012334026324308,0.0006684642554725,0.5419675926547359,0.247011952191235,2067,4,False,False
UNIUSDT,neptune_retrograde,fwd_absret_terc,0.0025757688227792,0.0020488831012128,0.000927805701309,0.0005268857215664,0.5678836860164235,0.247011952191235,2095,2,False,False
NEARUSDT,eclipse_window,fwd_ret_terc,0.0018362755554794,0.0013820544554615,0.0007428035611169,0.0004542211000179,0.6114955875210112,0.247011952191235,2068,2,False,False
AAVEUSDT,jupiter_saturn_aspect,fwd_absret_terc,0.003984937210661,0.0027536045026852,0.0021764100937477,0.0012313327079758,0.5657631856758574,0.247011952191235,2067,2,False,False
BTCUSDT,aspect_opposition_count_q5,fwd_absret_terc,0.0083744073183827,0.0063897662073817,0.0026337496152276,0.0019846411110009,0.7535420601587506,0.247011952191235,3222,5,False,False
NEARUSDT,mercury_sign,fwd_ret_terc,0.0211776925606182,0.0190241918512184,0.0034827222832194,0.0021535007093998,0.618338338309641,0.247011952191235,2068,12,False,False
NEARUSDT,saturn_retrograde,fwd_ret_terc,0.002766348278983,0.0020388793083408,0.0013100878122628,0.0007274689706422,0.5552826030689395,0.250996015936255,2068,2,False,False
LTCUSDT,lunar_4phase,fwd_ret_terc,0.0026867878274969,0.0023436344811879,0.0005905786527091,0.0003431533463089,0.5810459703120074,0.250996015936255,3104,4,False,False
ETHUSDT,mars_out_of_bounds,fwd_absret_terc,0.0019617634526495,0.0018361924677961,0.0019177338880656,0.0001255709848534,0.0654788370977201,0.250996015936255,3222,2,False,False
LINKUSDT,n_retrograde,fwd_ret_terc,0.0079485262286499,0.0069548309694963,0.0016758776190478,0.0009936952591535,0.5929402289638338,0.250996015936255,2705,7,False,False
AAVEUSDT,moon_sign,fwd_ret_terc,0.0162407725944782,0.0148892634408747,0.0019097182958519,0.0013515091536034,0.707700793640088,0.250996015936255,2067,12,False,False
DOGEUSDT,moon_void_of_course,fwd_absret_terc,0.0014088541175125,0.0011122222199549,0.0006806774213306,0.0002966318975575,0.4357892421019012,0.250996015936255,2535,2,False,False
DOTUSDT,mars_saturn_hard_aspect,fwd_ret_terc,0.0021269089718048,0.0016894946892383,0.0010255070284239,0.0004374142825664,0.4265346510970863,0.250996015936255,2125,2,False,False
UNIUSDT,aspect_conjunction_count_q5,fwd_ret_terc,0.0083636319715707,0.0069465091416367,0.0021183964241812,0.001417122829934,0.6689601690022304,0.2549800796812749,2095,5,False,False
XRPUSDT,mercury_out_of_bounds,fwd_absret_terc,0.00162675686305,0.0012249956925561,0.000750634662817,0.0004017611704939,0.5352286410357651,0.2549800796812749,2962,2,False,False
LINKUSDT,aspect_square_count_q5,fwd_ret_terc,0.0055648836371115,0.0047287227453017,0.0013289895047231,0.0008361608918098,0.6291704252276806,0.2549800796812749,2705,5,False,False
ATOMUSDT,hard_aspect_count_q5,fwd_absret_terc,0.0068238278864212,0.0057421610455572,0.0016816236555979,0.0010816668408639,0.6432276551672303,0.2549800796812749,2602,5,False,False
AAVEUSDT,moon_perigee_q4,fwd_absret_terc,0.0065678549476223,0.0053341997628313,0.001672421527368,0.001233655184791,0.7376460806101378,0.2549800796812749,2067,4,False,False
LTCUSDT,eclipse_window,fwd_absret_terc,0.0013317185849655,0.0009898220378695,0.0005299356033573,0.0003418965470959,0.6451662144038642,0.2549800796812749,3104,2,False,False
DOTUSDT,aspect_opposition_count_q5,fwd_absret_terc,0.0128798710210737,0.0107671008112619,0.0036400741110158,0.0021127702098118,0.5804195588815118,0.2549800796812749,2125,5,False,False
NEARUSDT,sun_sign,fwd_ret_terc,0.0205841431445513,0.0190662747799353,0.0022282661579898,0.001517868364616,0.6811880884038248,0.2549800796812749,2068,12,False,False
LINKUSDT,venus_out_of_bounds,fwd_ret_terc,0.0017377907871222,0.0013163662750347,0.0007575304740839,0.0004214245120875,0.5563136091615557,0.2589641434262948,2705,2,False,False
DOGEUSDT,aspect_conjunction_count_q5,fwd_absret_terc,0.0076723373760836,0.0067466583083607,0.00165645131969,0.0009256790677228,0.5588326422391259,0.2589641434262948,2535,5,False,False
BCHUSDT,soft_aspect_count_q5,fwd_absret_terc,0.0079386561842854,0.0064790102830505,0.0020584544603419,0.0014596459012348,0.7090979807211364,0.2589641434262948,2389,5,False,False
SOLUSDT,mercury_sign,fwd_absret_terc,0.0223801675546172,0.0201320021234326,0.0038323570621728,0.0022481654311845,0.5866273404884417,0.2589641434262948,2132,12,False,False
BCHUSDT,mercury_sign,fwd_absret_terc,0.0192418715589512,0.0172348386014018,0.0026237859437474,0.0020070329575494,0.7649377657244679,0.2589641434262948,2389,12,False,False
XRPUSDT,mars_retrograde,fwd_absret_terc,0.0017787221799634,0.0014680289258171,0.0010016980030865,0.0003106932541463,0.3101665903186306,0.2589641434262948,2962,2,False,False
AVAXUSDT,venus_sign,fwd_absret_terc,0.0229109431782723,0.020611966583167,0.0031888952556766,0.0022989765951052,0.7209319876571042,0.2629482071713147,2090,12,False,False
NEARUSDT,pluto_retrograde,fwd_absret_terc,0.0040970316704702,0.0031808404974047,0.0023162281481559,0.0009161911730654,0.3955530778757345,0.2629482071713147,2068,2,False,False
BNBUSDT,sun_modality,fwd_absret_terc,0.0030944803645126,0.0024211082397252,0.0009999091873942,0.0006733721247874,0.6734332810184862,0.2629482071713147,3141,3,False,False
FILUSDT,mercury_sign,fwd_ret_terc,0.02081306745039,0.0191651345903112,0.0025804294497778,0.0016479328600788,0.6386273649995247,0.2629482071713147,2067,12,False,False
ATOMUSDT,uranus_retrograde,fwd_absret_terc,0.001831494109243,0.0014310250388088,0.0006984236771911,0.0004004690704342,0.5733898828356201,0.2669322709163346,2602,2,False,False
SOLUSDT,mars_out_of_bounds,fwd_absret_terc,0.0022664657163254,0.0020185880690882,0.0017494475579953,0.0002478776472371,0.1416890984267214,0.2669322709163346,2132,2,False,False
AVAXUSDT,moon_void_of_course,fwd_absret_terc,0.0020490050711441,0.0015576097727149,0.0009478308781495,0.0004913952984291,0.5184419602244739,0.2669322709163346,2090,2,False,False
LTCUSDT,harmonic_4_count_q5,fwd_ret_terc,0.005038188606432,0.0042548859092763,0.0013090359035875,0.0007833026971556,0.5983813698378251,0.2669322709163346,3104,5,False,False
ATOMUSDT,soft_aspect_count_q5,fwd_absret_terc,0.010433853126139,0.0085321881004145,0.0028987411361655,0.0019016650257244,0.6560313378793142,0.2669322709163346,2602,5,False,False
UNIUSDT,aspect_opposition_count_q5,fwd_ret_terc,0.0091490309863932,0.0078046792391384,0.0025299067382772,0.0013443517472548,0.531383915033272,0.2669322709163346,2095,5,False,False
DOGEUSDT,aspect_conjunction_count_q5,fwd_ret_terc,0.0069990764090726,0.0061143065453666,0.0018037343549493,0.0008847698637059,0.4905211575519168,0.2669322709163346,2535,5,False,False
DOGEUSDT,moon_decl_q4,fwd_ret_terc,0.0044951226904005,0.0038566859467723,0.0010631812593173,0.0006384367436282,0.6004966114979775,0.2709163346613545,2535,4,False,False
FILUSDT,aspect_opposition_count_q5,fwd_absret_terc,0.009479468918883,0.0081677400208672,0.0025942004326885,0.0013117288980158,0.5056389943842482,0.2709163346613545,2067,5,False,False
BTCUSDT,moon_sign,fwd_absret_terc,0.012443972886316,0.0114515392882662,0.001592100979353,0.0009924335980497,0.6233483999570424,0.2709163346613545,3222,12,False,False
NEARUSDT,moon_near_new,fwd_ret_terc,0.0015397442750085,0.0012448219092492,0.0008290593979525,0.0002949223657593,0.3557312859460321,0.2709163346613545,2068,2,False,False
FILUSDT,aspect_square_count_q5,fwd_ret_terc,0.0068044964392015,0.0059680214959346,0.001658144331872,0.0008364749432669,0.5044644951519608,0.2709163346613545,2067,5,False,False
DOTUSDT,venus_out_of_bounds,fwd_absret_terc,0.0025686901979838,0.001893708827842,0.000988760200302,0.0006749813701417,0.6826542673699247,0.2709163346613545,2125,2,False,False
BCHUSDT,lunar_4phase,fwd_absret_terc,0.005198424346197,0.0046730043494437,0.0007793144952395,0.0005254199967533,0.6742079095960137,0.2709163346613545,2389,4,False,False
BNBUSDT,moon_sign,fwd_absret_terc,0.0106041857624769,0.0097302882286231,0.0013344142433734,0.0008738975338537,0.6548922406916757,0.2709163346613545,3141,12,False,False
AVAXUSDT,jupiter_retrograde,fwd_ret_terc,0.002645683857307,0.0021467960978215,0.0010714486672026,0.0004988877594854,0.4656198423280147,0.2749003984063745,2090,2,False,False
SOLUSDT,aspect_trine_count_q5,fwd_absret_terc,0.0081746141066312,0.0069780886658997,0.0021197561238253,0.0011965254407314,0.564463726408388,0.2749003984063745,2132,5,False,False
DOGEUSDT,moon_decl_sign,fwd_absret_terc,0.0018641681166303,0.0014850642767495,0.0006746192559871,0.0003791038398808,0.5619522960786819,0.2749003984063745,2535,2,False,False
DOGEUSDT,saturn_sign,fwd_absret_terc,0.0117984538546018,0.0097780450235688,0.0037200908090158,0.0020204088310329,0.5431073956948578,0.2749003984063745,2535,4,False,False
SOLUSDT,mercury_out_of_bounds,fwd_ret_terc,0.0018868661847622,0.0015241449441527,0.0008546237017631,0.0003627212406094,0.4244221636506833,0.2788844621513944,2132,2,False,False
ETHUSDT,harmonic_3_count_q5,fwd_absret_terc,0.0059185225230249,0.0051286936826924,0.0016219818026826,0.0007898288403325,0.4869529602775012,0.2788844621513944,3222,5,False,False
BCHUSDT,soft_aspect_count_q5,fwd_ret_terc,0.0071985946631182,0.0061397262902214,0.0019744140922509,0.0010588683728968,0.5362949834346572,0.2788844621513944,2389,5,False,False
ATOMUSDT,soft_aspect_count_q5,fwd_ret_terc,0.0078886087928389,0.0067476218244918,0.002288382286155,0.001140986968347,0.4985998079298891,0.2788844621513944,2602,5,False,False
LTCUSDT,aspect_conjunction_count_q5,fwd_absret_terc,0.0063444993017756,0.0055840278314853,0.0016212191198719,0.0007604714702902,0.4690738352199642,0.2788844621513944,3104,5,False,False
FILUSDT,aspect_conjunction_count_q5,fwd_ret_terc,0.0075080780895022,0.0065335950422373,0.0019375981333582,0.0009744830472648,0.5029335188179115,0.2828685258964143,2067,5,False,False
ADAUSDT,moon_sign,fwd_ret_terc,0.0121630963711928,0.011465097311449,0.0014085398467138,0.0006979990597438,0.4955479686089692,0.2828685258964143,2979,12,False,False
ETHUSDT,sun_sign,fwd_absret_terc,0.0130729454422757,0.0120720142483965,0.0017334723368761,0.0010009311938792,0.5774139988198239,0.2868525896414343,3222,12,False,False
NEARUSDT,moon_decl_sign,fwd_ret_terc,0.0022435899857965,0.0018968516237439,0.000644082723182,0.0003467383620526,0.5383444541713223,0.2868525896414343,2068,2,False,False
LINKUSDT,jupiter_retrograde,fwd_absret_terc,0.0014617057352937,0.0012196661237456,0.0007988577834608,0.000242039611548,0.3029821033970442,0.2868525896414343,2705,2,False,False
DOGEUSDT,pluto_retrograde,fwd_ret_terc,0.0035083115324806,0.0028544212463201,0.0016959749292247,0.0006538902861605,0.385554217160183,0.2908366533864542,2535,2,False,False
SOLUSDT,sun_sign,fwd_ret_terc,0.0168072846356244,0.0154064406698496,0.0022833732726093,0.0014008439657747,0.6134975750915852,0.2908366533864542,2132,12,False,False
LINKUSDT,hard_aspect_count_q5,fwd_ret_terc,0.0053954419574555,0.0046794986670757,0.0014513628857382,0.0007159432903798,0.4932903393183105,0.2908366533864542,2705,5,False,False
ETHUSDT,aspect_conjunction_count_q5,fwd_absret_terc,0.0069059919094691,0.0061368054851135,0.0018190818565577,0.0007691864243556,0.4228432170782956,0.2908366533864542,3222,5,False,False
NEARUSDT,sun_element,fwd_ret_terc,0.0068806185292347,0.0064381343052577,0.000992057213962,0.000442484223977,0.4460269203727611,0.2908366533864542,2068,4,False,False
ATOMUSDT,mercury_out_of_bounds,fwd_ret_terc,0.0015557579274958,0.0012330034737388,0.0006245507953998,0.000322754453757,0.516778548893557,0.2908366533864542,2602,2,False,False
BTCUSDT,mars_saturn_hard_aspect,fwd_ret_terc,0.0012551101815969,0.0010112232151566,0.000622297136953,0.0002438869664402,0.3919140101373053,0.2948207171314741,3222,2,False,False
UNIUSDT,jupiter_retrograde,fwd_ret_terc,0.0015062682401029,0.001340530042792,0.0010313239576804,0.0001657381973108,0.1607043025390809,0.2948207171314741,2095,2,False,False
NEARUSDT,moon_out_of_bounds,fwd_ret_terc,0.0017367927780828,0.0013978917701551,0.0007590568764235,0.0003389010079276,0.4464764347098947,0.2948207171314741,2068,2,False,False
SOLUSDT,jupiter_retrograde,fwd_ret_terc,0.0012979003769173,0.001109490033122,0.0005996845702983,0.0001884103437952,0.3141824104320611,0.2948207171314741,2132,2,False,False
BNBUSDT,hard_aspect_count_q5,fwd_absret_terc,0.0052816814283143,0.0047689542867449,0.0013653055843057,0.0005127271415693,0.3755402068688409,0.2948207171314741,3141,5,False,False
AVAXUSDT,aspect_conjunction_count_q5,fwd_ret_terc,0.0081664064948053,0.0071999636270852,0.0019604400182302,0.0009664428677201,0.4929724239115173,0.298804780876494,2090,5,False,False
SOLUSDT,sun_element,fwd_ret_terc,0.0050654038991767,0.0044447196912095,0.0011396727691358,0.0006206842079671,0.544616160687741,0.298804780876494,2132,4,False,False
BTCUSDT,moon_void_of_course,fwd_ret_terc,0.0011622643726737,0.0009618817071791,0.0005280511836532,0.0002003826654946,0.3794758381342775,0.298804780876494,3222,2,False,False
UNIUSDT,moon_near_new,fwd_ret_terc,0.0019178376012779,0.0015581786078974,0.0008096879732962,0.0003596589933805,0.4441945604260157,0.298804780876494,2095,2,False,False
BCHUSDT,aspect_square_count_q5,fwd_ret_terc,0.0058917025789499,0.0052187618797998,0.0015195565733257,0.0006729406991501,0.4428533369292823,0.298804780876494,2389,5,False,False
NEARUSDT,moon_sign,fwd_ret_terc,0.0170372279146425,0.0160591258712302,0.0022822715077396,0.0009781020434122,0.4285651554143914,0.3027888446215139,2068,12,False,False
ATOMUSDT,aspect_square_count_q5,fwd_ret_terc,0.0060821964566985,0.0053611907306428,0.0015609516708689,0.0007210057260556,0.4619013769044237,0.3027888446215139,2602,5,False,False
ADAUSDT,saturn_sign,fwd_ret_terc,0.006367571180461,0.0058408354821578,0.0016302162499264,0.0005267356983032,0.323107868865274,0.3027888446215139,2979,4,False,False
BTCUSDT,mercury_sign,fwd_ret_terc,0.0143255767654955,0.013425421718112,0.0018447047952477,0.0009001550473835,0.4879669905464036,0.3067729083665338,3222,12,False,False
DOTUSDT,neptune_retrograde,fwd_ret_terc,0.0024971522124191,0.0021357001266005,0.0009252879403384,0.0003614520858186,0.3906374114056283,0.3067729083665338,2125,2,False,False
FILUSDT,aspect_trine_count_q5,fwd_absret_terc,0.0081753710635066,0.0071196356416612,0.0022033105672619,0.0010557354218454,0.4791586976126439,0.3067729083665338,2067,5,False,False
NEARUSDT,mars_retrograde,fwd_ret_terc,0.0018162740240592,0.0015956923598721,0.0010927907355677,0.0002205816641871,0.2018516967683798,0.3107569721115538,2068,2,False,False
XRPUSDT,saturn_sign,fwd_ret_terc,0.00615002331484,0.0054197022022536,0.0014668202633949,0.0007303211125863,0.4978940711495663,0.3107569721115538,2962,4,False,False
DOTUSDT,moon_decl_sign,fwd_ret_terc,0.0016823939983169,0.0014468687077911,0.0007672639531175,0.0002355252905257,0.3069677515394116,0.3107569721115538,2125,2,False,False
UNIUSDT,mars_sign,fwd_absret_terc,0.0254094780021648,0.02390394306104,0.0036203936315104,0.0015055349411247,0.4158484116260657,0.3107569721115538,2095,12,False,False
UNIUSDT,jupiter_saturn_aspect,fwd_ret_terc,0.0024656520609364,0.0021679355647676,0.001276983145393,0.0002977164961688,0.2331405056072012,0.3107569721115538,2095,2,False,False
BCHUSDT,n_retrograde,fwd_ret_terc,0.0097840293775129,0.0089214272975035,0.0018611940479838,0.0008626020800094,0.4634670312554969,0.3107569721115538,2389,7,False,False
LINKUSDT,moon_sign,fwd_absret_terc,0.0108090863081585,0.0101483985523029,0.001348773045718,0.0006606877558556,0.4898435344278941,0.3107569721115538,2705,12,False,False
DOTUSDT,sun_sign,fwd_absret_terc,0.021921511004481,0.0209020024757464,0.0022056683434842,0.0010195085287345,0.4622220433757765,0.3107569721115538,2125,12,False,False
LTCUSDT,mars_saturn_hard_aspect,fwd_ret_terc,0.0013368560342812,0.0011280946069096,0.0006504914202826,0.0002087614273716,0.3209287945427262,0.3107569721115538,3104,2,False,False
DOTUSDT,jupiter_saturn_aspect,fwd_ret_terc,0.0028400370574844,0.0026545719815601,0.0018390457945712,0.0001854650759243,0.1008485359482901,0.3107569721115538,2125,2,False,False
DOTUSDT,harmonic_4_count_q5,fwd_absret_terc,0.0083587328265087,0.0073485799875453,0.0020186450110044,0.0010101528389634,0.5004113320849716,0.3107569721115538,2125,5,False,False
AAVEUSDT,lunar_4phase,fwd_absret_terc,0.0064123049973814,0.0056126127718296,0.0011601650592571,0.0007996922255517,0.6892917685900957,0.3107569721115538,2067,4,False,False
ADAUSDT,mercury_out_of_bounds,fwd_absret_terc,0.001593456597286,0.001379197802805,0.0007761662237806,0.000214258794481,0.2760475629014049,0.3147410358565737,2979,2,False,False
BTCUSDT,mars_out_of_bounds,fwd_absret_terc,0.0017546131111303,0.0017760602762433,0.0015926521669344,-2.1447165112998537e-05,-0.0134663208692204,0.3147410358565737,3222,2,False,False
DOTUSDT,saturn_sign,fwd_absret_terc,0.0185409964179936,0.0158005646348632,0.0054475634612054,0.0027404317831304,0.5030564219483193,0.3147410358565737,2125,4,False,False
AAVEUSDT,lunar_4phase,fwd_ret_terc,0.0069741974510453,0.0067091215290937,0.0007992601539141,0.0002650759219516,0.3316516163773867,0.3147410358565737,2067,4,False,False
ADAUSDT,moon_decl_q4,fwd_absret_terc,0.0026676273286707,0.0023293530430207,0.0008858048080521,0.0003382742856499,0.3818835510656687,0.3147410358565737,2979,4,False,False
BTCUSDT,jupiter_retrograde,fwd_absret_terc,0.0014297448311653,0.0012024814930896,0.0004586248177948,0.0002272633380756,0.4955321414318699,0.3147410358565737,3222,2,False,False
AVAXUSDT,aspect_conjunction_count_q5,fwd_absret_terc,0.0095900303523961,0.0085795886086224,0.0023552682893754,0.0010104417437737,0.4290134369540097,0.3147410358565737,2090,5,False,False
BTCUSDT,neptune_retrograde,fwd_ret_terc,0.0018706309312189,0.0014635280920358,0.0007301136243893,0.0004071028391831,0.5575883336290559,0.3147410358565737,3222,2,False,False
BNBUSDT,pluto_retrograde,fwd_absret_terc,0.0027889908742179,0.0022983597803328,0.0016561114256214,0.000490631093885,0.2962548813410562,0.3187250996015936,3141,2,False,False
NEARUSDT,moon_near_full,fwd_ret_terc,0.0014820104590756,0.0012847280587259,0.0007870790936052,0.0001972824003496,0.2506513029662938,0.3187250996015936,2068,2,False,False
BTCUSDT,venus_out_of_bounds,fwd_ret_terc,0.0014857760979224,0.0013356088947826,0.0008430334180484,0.0001501672031398,0.1781272247634701,0.3187250996015936,3222,2,False,False
ADAUSDT,moon_sign,fwd_absret_terc,0.0105908840163953,0.0100457488081311,0.001520027142093,0.0005451352082641,0.3586351803649539,0.3187250996015936,2979,12,False,False
XRPUSDT,jupiter_sign,fwd_absret_terc,0.020575475387595,0.019408350245008,0.0027127620965509,0.001167125142587,0.4302349786112583,0.3187250996015936,2962,9,False,False
ATOMUSDT,mars_out_of_bounds,fwd_ret_terc,0.001531733284999,0.0013401063678822,0.0008911847392654,0.0001916269171167,0.2150249086117714,0.3187250996015936,2602,2,False,False
AVAXUSDT,mercury_retrograde,fwd_absret_terc,0.0023930597227995,0.0020031837122886,0.0009674348255325,0.0003898760105109,0.4029997682751747,0.3187250996015936,2090,2,False,False
AAVEUSDT,moon_decl_sign,fwd_ret_terc,0.0017518911345203,0.0014824872638503,0.0006774963258116,0.0002694038706699,0.3976462460475001,0.3227091633466135,2067,2,False,False
DOTUSDT,pluto_retrograde,fwd_absret_terc,0.0028824526435528,0.0022303659760211,0.0015301544724559,0.0006520866675316,0.426157410424738,0.3227091633466135,2125,2,False,False
SOLUSDT,harmonic_4_count_q5,fwd_ret_terc,0.0065555550087982,0.0060453631988653,0.0017286708585157,0.0005101918099328,0.2951353101254275,0.3227091633466135,2132,5,False,False
BNBUSDT,moon_decl_q4,fwd_ret_terc,0.0030554698686394,0.0027253311532571,0.0008661175994179,0.0003301387153822,0.3811707735810474,0.3227091633466135,3141,4,False,False
ETHUSDT,neptune_retrograde,fwd_absret_terc,0.0016756515199806,0.0013823060641648,0.0008726408636044,0.0002933454558157,0.3361582846397199,0.3227091633466135,3222,2,False,False
DOTUSDT,venus_sign,fwd_ret_terc,0.0211137779712518,0.0193681999696163,0.0035537711227228,0.0017455780016355,0.4911903275014724,0.3266932270916334,2125,12,False,False
AVAXUSDT,aspect_square_count_q5,fwd_absret_terc,0.0070641742265679,0.0063235596793304,0.001936290544356,0.0007406145472374,0.3824914341477511,0.3266932270916334,2090,5,False,False
BTCUSDT,aspect_square_count_q5,fwd_absret_terc,0.0049123307541504,0.0044317891709667,0.0013512156402988,0.0004805415831837,0.3556364867693772,0.3266932270916334,3222,5,False,False
ATOMUSDT,mars_out_of_bounds,fwd_absret_terc,0.002008199558071,0.001914270189887,0.001406726419351,9.392936818399868e-05,0.0667715960203047,0.3306772908366533,2602,2,False,False
DOTUSDT,moon_perigee_q4,fwd_absret_terc,0.0049794345323019,0.0045318394257404,0.0012252778418919,0.0004475951065614,0.3653009066665106,0.3306772908366533,2125,4,False,False
LINKUSDT,mercury_out_of_bounds,fwd_absret_terc,0.0014381741809938,0.0012284619174466,0.0007492842343664,0.0002097122635472,0.2798834593451214,0.3306772908366533,2705,2,False,False
FILUSDT,lunar_4phase,fwd_ret_terc,0.0045617977528242,0.0039393548772235,0.0011115511274391,0.0006224428756007,0.5599768289873469,0.3306772908366533,2067,4,False,False
LTCUSDT,jupiter_retrograde,fwd_ret_terc,0.0013057647817555,0.0011014493954388,0.0005558176603736,0.0002043153863167,0.3675942685580804,0.3306772908366533,3104,2,False,False
ADAUSDT,mars_out_of_bounds,fwd_absret_terc,0.0022112820906361,0.0019203642207977,0.0012318559819879,0.0002909178698383,0.236162241440669,0.3306772908366533,2979,2,False,False
NEARUSDT,eclipse_window,fwd_absret_terc,0.0016666799829026,0.0014900890834525,0.0009435964928437,0.00017659089945,0.1871466254795745,0.3306772908366533,2068,2,False,False
FILUSDT,mars_out_of_bounds,fwd_ret_terc,0.0021327164262069,0.0019146658044814,0.0010935104929278,0.0002180506217255,0.1994042335539892,0.3306772908366533,2067,2,False,False
NEARUSDT,sun_sign,fwd_absret_terc,0.0241222909041682,0.0225277936383778,0.0035255202631189,0.0015944972657904,0.4522728978388773,0.3346613545816733,2068,12,False,False
DOTUSDT,aspect_square_count_q5,fwd_absret_terc,0.0075750252106718,0.0067377403392878,0.0020263255995237,0.000837284871384,0.4132035204908779,0.3346613545816733,2125,5,False,False
FILUSDT,jupiter_saturn_aspect,fwd_ret_terc,0.0021663840417297,0.0018758996586843,0.0010389915621375,0.0002904843830454,0.2795830049358421,0.3386454183266932,2067,2,False,False
SOLUSDT,aspect_opposition_count_q5,fwd_ret_terc,0.0080440915164179,0.0071868362909517,0.0020826387104273,0.0008572552254661,0.411619750067084,0.3386454183266932,2132,5,False,False
UNIUSDT,mercury_retrograde,fwd_ret_terc,0.0014789947929135,0.0013129722019754,0.0007087935689918,0.0001660225909381,0.2342326429037017,0.3386454183266932,2095,2,False,False
SOLUSDT,venus_out_of_bounds,fwd_ret_terc,0.001797782323862,0.0015766964804192,0.0009297248475011,0.0002210858434428,0.2377970687102326,0.3386454183266932,2132,2,False,False
ADAUSDT,mars_out_of_bounds,fwd_ret_terc,0.0019530492147357,0.0016736510287445,0.0009324666068578,0.0002793981859911,0.2996334495373233,0.3386454183266932,2979,2,False,False
NEARUSDT,jupiter_retrograde,fwd_ret_terc,0.0024786897520654,0.0020167346658382,0.0013252348092167,0.0004619550862271,0.3485835740311053,0.3386454183266932,2068,2,False,False
XRPUSDT,soft_aspect_count_q5,fwd_ret_terc,0.0050525313016993,0.0046803564263404,0.0012660246268853,0.0003721748753589,0.2939712762733061,0.3386454183266932,2962,5,False,False
DOGEUSDT,jupiter_sign,fwd_absret_terc,0.0319121430019263,0.0303643414548164,0.0036532759716262,0.0015478015471099,0.4236749588947477,0.3426294820717131,2535,8,False,False
DOGEUSDT,eclipse_window,fwd_ret_terc,0.0014588318560699,0.0012951186265918,0.0007163589183763,0.0001637132294781,0.2285352011100976,0.3426294820717131,2535,2,False,False
LTCUSDT,moon_near_full,fwd_absret_terc,0.0013575495536179,0.0011895675503464,0.0006482768491961,0.0001679820032714,0.2591207806969317,0.3426294820717131,3104,2,False,False
NEARUSDT,mars_out_of_bounds,fwd_ret_terc,0.0022107191399641,0.0020999286114356,0.0015734403180726,0.0001107905285285,0.070412920818185,0.3426294820717131,2068,2,False,False
BTCUSDT,aspect_conjunction_count_q5,fwd_absret_terc,0.0060952531580867,0.0056052258550561,0.0018354101224479,0.0004900273030306,0.2669851806075156,0.3426294820717131,3222,5,False,False
UNIUSDT,mercury_out_of_bounds,fwd_absret_terc,0.0019719624385248,0.0017775039091501,0.001076688272529,0.0001944585293747,0.1806080128633481,0.3466135458167331,2095,2,False,False
NEARUSDT,moon_out_of_bounds,fwd_absret_terc,0.00179099234234,0.0016017075486664,0.0010215113174195,0.0001892847936735,0.1852987729511812,0.3466135458167331,2068,2,False,False
ADAUSDT,moon_void_of_course,fwd_ret_terc,0.0011426549496857,0.001037930003331,0.0006066533395833,0.0001047249463547,0.1726273301762095,0.3466135458167331,2979,2,False,False
AAVEUSDT,moon_out_of_bounds,fwd_ret_terc,0.0016385598618982,0.0014017008555432,0.0007294575174295,0.000236859006355,0.3247056897701839,0.3466135458167331,2067,2,False,False
ATOMUSDT,lunar_8phase,fwd_ret_terc,0.0081455975690673,0.0078432269831894,0.0010105426614519,0.0003023705858778,0.2992160523370595,0.3466135458167331,2602,8,False,False
SOLUSDT,eclipse_window,fwd_ret_terc,0.0017992700252723,0.0015182047215786,0.0008245263961805,0.0002810653036936,0.3408809044751609,0.3466135458167331,2132,2,False,False
UNIUSDT,lunar_4phase,fwd_absret_terc,0.0045664322920896,0.0042781586756701,0.000719549975436,0.0002882736164195,0.4006304304920539,0.3466135458167331,2095,4,False,False
LTCUSDT,mars_out_of_bounds,fwd_absret_terc,0.0016985412224674,0.0015678725739224,0.0011479460650683,0.0001306686485449,0.113828212423215,0.3466135458167331,3104,2,False,False
FILUSDT,hard_aspect_count_q5,fwd_ret_terc,0.0063290833283375,0.0058452648461634,0.0015451571164341,0.000483818482174,0.3131192789576252,0.350597609561753,2067,5,False,False
DOTUSDT,neptune_retrograde,fwd_absret_terc,0.0027658069321084,0.0021078890395631,0.0014160862000888,0.0006579178925453,0.4646029969814395,0.350597609561753,2125,2,False,False
FILUSDT,jupiter_retrograde,fwd_ret_terc,0.0012266147207568,0.0011600107829322,0.0007834289685814,6.660393782457032e-05,0.0850159242198725,0.350597609561753,2067,2,False,False
XRPUSDT,mars_saturn_hard_aspect,fwd_absret_terc,0.0017201923517087,0.0015470537920594,0.0009030669397064,0.0001731385596493,0.1917228413937818,0.3545816733067729,2962,2,False,False
ADAUSDT,saturn_sign,fwd_absret_terc,0.0109316184932566,0.0099224079077369,0.0026877920623818,0.0010092105855196,0.3754794128773923,0.3545816733067729,2979,4,False,False
BNBUSDT,neptune_retrograde,fwd_absret_terc,0.0024251470429102,0.0023669718353859,0.0018241024239271,5.8175207524382815e-05,0.0318925114956729,0.3545816733067729,3141,2,False,False
ATOMUSDT,aspect_conjunction_count_q5,fwd_ret_terc,0.0068074657111613,0.0063124157622854,0.0018247006121815,0.0004950499488758,0.2713047529939676,0.3545816733067729,2602,5,False,False
LINKUSDT,mercury_sign,fwd_absret_terc,0.0181154591444536,0.0172084927097273,0.0029398916031519,0.0009069664347263,0.3085033590197474,0.3545816733067729,2705,12,False,False
LINKUSDT,uranus_retrograde,fwd_absret_terc,0.0018824036665826,0.0015201517297605,0.0009700071974212,0.0003622519368221,0.3734528339430893,0.3545816733067729,2705,2,False,False
ETHUSDT,sun_modality,fwd_ret_terc,0.0019685882720753,0.0018212338212058,0.0008307436611164,0.0001473544508694,0.1773765576151391,0.3545816733067729,3222,3,False,False
XRPUSDT,moon_near_full,fwd_ret_terc,0.0011205977503966,0.0010024599230878,0.0005813953980556,0.0001181378273088,0.2031970457694427,0.3545816733067729,2962,2,False,False
FILUSDT,mars_out_of_bounds,fwd_absret_terc,0.0027203356653911,0.0024431217548161,0.0015401600455122,0.000277213910575,0.1799903272278656,0.3545816733067729,2067,2,False,False
XRPUSDT,aspect_conjunction_count_q5,fwd_ret_terc,0.0049097452629866,0.0045407699920905,0.0013494676303193,0.0003689752708961,0.2734228392042437,0.3545816733067729,2962,5,False,False
XRPUSDT,jupiter_saturn_aspect,fwd_ret_terc,0.0018248078508454,0.0016131164067858,0.0009494400592845,0.0002116914440596,0.2229645168112789,0.3545816733067729,2962,2,False,False
LTCUSDT,mercury_retrograde,fwd_ret_terc,0.0011755073305051,0.0010741210915555,0.000528261515911,0.0001013862389496,0.191924332732737,0.3585657370517928,3104,2,False,False
BTCUSDT,pluto_out_of_bounds,fwd_absret_terc,0.0023432159294425,0.0021478766711683,0.0015517878948754,0.0001953392582742,0.1258801276381209,0.3585657370517928,3222,2,False,False
LINKUSDT,saturn_sign,fwd_absret_terc,0.0131399785281819,0.0111907156180455,0.0039987209279832,0.0019492629101364,0.4874716053564657,0.3585657370517928,2705,4,False,False
BTCUSDT,sun_element,fwd_absret_terc,0.0034586917075832,0.0032491283978316,0.0009720288726816,0.0002095633097515,0.2155937088302811,0.3585657370517928,3222,4,False,False
BTCUSDT,mercury_sign,fwd_absret_terc,0.0162082971541151,0.0156566852129463,0.0019836523205627,0.0005516119411688,0.2780789432960646,0.3585657370517928,3222,12,False,False
XRPUSDT,lunar_4phase,fwd_ret_terc,0.003736939265792,0.003464946566093,0.0008520238330202,0.000271992699699,0.3192313279957061,0.3585657370517928,2962,4,False,False
DOGEUSDT,moon_decl_sign,fwd_ret_terc,0.001582038661615,0.0013294739033835,0.0006019722828424,0.0002525647582315,0.4195621051503209,0.3585657370517928,2535,2,False,False
ADAUSDT,hard_aspect_count_q5,fwd_absret_terc,0.0049147482504465,0.0045568855782116,0.0013599430499493,0.0003578626722349,0.2631453370406085,0.3625498007968127,2979,5,False,False
DOTUSDT,mars_retrograde,fwd_absret_terc,0.0018850564021014,0.0017380751969138,0.001239995382595,0.0001469812051875,0.11853367137545,0.3625498007968127,2125,2,False,False
LTCUSDT,lunar_8phase,fwd_absret_terc,0.0086753688146888,0.0082589012932085,0.0014175367714711,0.0004164675214802,0.2937966265581174,0.3625498007968127,3104,8,False,False
SOLUSDT,saturn_retrograde,fwd_absret_terc,0.001410009287352,0.0013557007599695,0.0008171386520874,5.430852738257173e-05,0.0664618265747634,0.3625498007968127,2132,2,False,False
ADAUSDT,sun_element,fwd_ret_terc,0.003708774654481,0.0033938520256372,0.0010711924056443,0.0003149226288438,0.2939925891785883,0.3665338645418327,2979,4,False,False
DOTUSDT,mercury_out_of_bounds,fwd_ret_terc,0.0015060070492313,0.0013413102883789,0.00076367183397,0.0001646967608524,0.2156643122428635,0.3665338645418327,2125,2,False,False
AAVEUSDT,venus_retrograde,fwd_ret_terc,0.0016715727013503,0.0015561840653818,0.0009278502828096,0.0001153886359685,0.124361266150719,0.3665338645418327,2067,2,False,False
FILUSDT,moon_decl_sign,fwd_absret_terc,0.001666872820171,0.0014629909887553,0.0006346948023879,0.0002038818314156,0.3212281409089691,0.3705179282868526,2067,2,False,False
NEARUSDT,mars_sign,fwd_absret_terc,0.0250525181762542,0.0236814228249447,0.003692484408594,0.0013710953513094,0.3713205526659299,0.3705179282868526,2068,12,False,False
NEARUSDT,sun_element,fwd_absret_terc,0.0066327158876263,0.0064151222883425,0.0012298219109067,0.0002175935992837,0.1769309827333511,0.3705179282868526,2068,4,False,False
AVAXUSDT,aspect_square_count_q5,fwd_ret_terc,0.0073106316437441,0.0066146913491087,0.0019255499716968,0.0006959402946354,0.3614241670509232,0.3705179282868526,2090,5,False,False
UNIUSDT,venus_sign,fwd_ret_terc,0.0170781418756417,0.0165417093056981,0.0023456643446982,0.0005364325699435,0.2286911045717278,0.3705179282868526,2095,12,False,False
DOGEUSDT,pluto_out_of_bounds,fwd_absret_terc,0.0026064029349694,0.0026589369390551,0.0020760283117078,-5.253400408565664e-05,-0.0253050518576207,0.3705179282868526,2535,2,False,False
BCHUSDT,mercury_sign,fwd_ret_terc,0.0159254400427996,0.014955302110346,0.002485903486172,0.0009701379324535,0.3902556707651821,0.3705179282868526,2389,12,False,False
AVAXUSDT,lunar_8phase,fwd_absret_terc,0.0070206014187729,0.0066943181752213,0.0011398588396733,0.0003262832435515,0.2862488162526321,0.3745019920318725,2090,8,False,False
BNBUSDT,hard_aspect_count_q5,fwd_ret_terc,0.0044196175597128,0.0041825997873498,0.0013011060157969,0.0002370177723629,0.1821663795918874,0.3745019920318725,3141,5,False,False
BTCUSDT,sun_modality,fwd_ret_terc,0.0016151915931531,0.0015269835535843,0.0005670607584754,8.820803956878249e-05,0.1555530659640933,0.3745019920318725,3222,3,False,False
BNBUSDT,eclipse_window,fwd_ret_terc,0.0010233921079119,0.0009530051704558,0.000561088514318,7.038693745611835e-05,0.125447118698677,0.3745019920318725,3141,2,False,False
LTCUSDT,sun_element,fwd_ret_terc,0.0035782783123336,0.00332721843036,0.0008678133579404,0.0002510598819735,0.2893017025797038,0.3745019920318725,3104,4,False,False
DOTUSDT,soft_aspect_count_q5,fwd_ret_terc,0.0092458942890333,0.0086505707438302,0.0024205922674041,0.000595323545203,0.2459412736377623,0.3745019920318725,2125,5,False,False
NEARUSDT,jupiter_sign,fwd_absret_terc,0.0287499083564302,0.0275346490729452,0.0042975433082391,0.001215259283485,0.2827799969241025,0.3745019920318725,2068,7,False,False
AAVEUSDT,venus_retrograde,fwd_absret_terc,0.0021071810430238,0.0020375649282888,0.0014279230119402,6.961611473504416e-05,0.048753409079422,0.3784860557768924,2067,2,False,False
NEARUSDT,saturn_sign,fwd_ret_terc,0.0081961744979962,0.0080611870341,0.0030419137692825,0.0001349874638961,0.0443758351269876,0.3784860557768924,2068,4,False,False
LTCUSDT,moon_perigee_q4,fwd_ret_terc,0.0031518853775809,0.0029166042400757,0.0008054839853729,0.0002352811375052,0.2920990879741508,0.3784860557768924,3104,4,False,False
BCHUSDT,venus_out_of_bounds,fwd_ret_terc,0.0014235751254879,0.0012770590645898,0.000708257209595,0.000146516060898,0.2068684355247889,0.3784860557768924,2389,2,False,False
ATOMUSDT,moon_perigee_q4,fwd_ret_terc,0.0035116869598666,0.0033055788372344,0.0009333677486937,0.0002061081226322,0.2208219888898979,0.3784860557768924,2602,4,False,False
NEARUSDT,moon_perigee_q4,fwd_ret_terc,0.0060540440184437,0.0055751514291621,0.0014437409445755,0.0004788925892816,0.3317025752306231,0.3824701195219123,2068,4,False,False
FILUSDT,mars_saturn_hard_aspect,fwd_absret_terc,0.0018102111410937,0.0016852884722747,0.0009630755274973,0.0001249226688189,0.1297122242775804,0.3824701195219123,2067,2,False,False
ADAUSDT,mercury_out_of_bounds,fwd_ret_terc,0.0011765101622445,0.0010903865640094,0.0006377067121503,8.612359823506827e-05,0.1350520491538496,0.3824701195219123,2979,2,False,False
ETHUSDT,venus_sign,fwd_ret_terc,0.0120422468661466,0.0116771936998571,0.0021490805075139,0.0003650531662895,0.1698648166102466,0.3824701195219123,3222,12,False,False
ATOMUSDT,mercury_sign,fwd_ret_terc,0.0148100890940945,0.0143399427524348,0.0022962244959759,0.0004701463416597,0.2047475508094454,0.3824701195219123,2602,12,False,False
AAVEUSDT,aspect_conjunction_count_q5,fwd_absret_terc,0.0099092997289244,0.0091692165274402,0.002938383208916,0.0007400832014841,0.2518674893181137,0.3864541832669322,2067,5,False,False
DOGEUSDT,mars_saturn_hard_aspect,fwd_ret_terc,0.0015559296776194,0.0015102547073984,0.0008618015811817,4.5674970220946224e-05,0.0529994040604053,0.3864541832669322,2535,2,False,False
BCHUSDT,moon_void_of_course,fwd_absret_terc,0.0013764251662441,0.0012958152925656,0.0007472005481759,8.0609873678537e-05,0.1078825141059058,0.3864541832669322,2389,2,False,False
LINKUSDT,soft_aspect_count_q5,fwd_absret_terc,0.0070745009819869,0.006740283222868,0.0022361550657455,0.0003342177591188,0.1494609046745365,0.3864541832669322,2705,5,False,False
LINKUSDT,aspect_trine_count_q5,fwd_ret_terc,0.004991478788045,0.0048666771828444,0.0014524987763426,0.0001248016052005,0.0859220036761636,0.3864541832669322,2705,5,False,False
ATOMUSDT,pluto_out_of_bounds,fwd_ret_terc,0.0020469492687738,0.0018993545552431,0.0011881123501098,0.0001475947135307,0.1242262261789397,0.3864541832669322,2602,2,False,False
XRPUSDT,moon_sign,fwd_ret_terc,0.011126011340513,0.0109250780617776,0.0012326672481434,0.0002009332787354,0.1630069096409038,0.3904382470119522,2962,12,False,False
LTCUSDT,mars_retrograde,fwd_ret_terc,0.0014096761137897,0.0012903778767189,0.0008533711625269,0.0001192982370708,0.1397964242400108,0.3904382470119522,3104,2,False,False
ETHUSDT,venus_out_of_bounds,fwd_absret_terc,0.0012463989867067,0.00114044078108,0.0005959723543493,0.0001059582056267,0.177790471073772,0.3904382470119522,3222,2,False,False
LTCUSDT,aspect_trine_count_q5,fwd_ret_terc,0.0045059887491794,0.0042569954006557,0.0012831195638366,0.0002489933485237,0.1940531151900128,0.3904382470119522,3104,5,False,False
BTCUSDT,mars_out_of_bounds,fwd_ret_terc,0.0013754942785814,0.0013688497130607,0.0010264805312328,6.644565520741658e-06,0.0064731529907937,0.3904382470119522,3222,2,False,False
ADAUSDT,pluto_retrograde,fwd_ret_terc,0.0012371507450354,0.0011986024457934,0.0005759192800239,3.8548299241937664e-05,0.0669335106133925,0.3944223107569721,2979,2,False,False
BCHUSDT,uranus_retrograde,fwd_absret_terc,0.0020711419793677,0.0020395476017146,0.0010109689787897,3.159437765311475e-05,0.0312515797378234,0.3944223107569721,2389,2,False,False
NEARUSDT,hard_aspect_count_q5,fwd_ret_terc,0.0063332130755231,0.0060550676107613,0.0017640225587897,0.0002781454647618,0.1576768184600987,0.3944223107569721,2068,5,False,False
AVAXUSDT,venus_sign,fwd_ret_terc,0.0194760994528059,0.0193154119967314,0.0034394525667262,0.0001606874560745,0.046718904522498,0.3944223107569721,2090,12,False,False
ETHUSDT,saturn_retrograde,fwd_absret_terc,0.0017212742472677,0.0015944414661497,0.0007969483898194,0.0001268327811179,0.1591480486543025,0.398406374501992,3222,2,False,False
FILUSDT,saturn_sign,fwd_absret_terc,0.0090333820779229,0.0083190176674416,0.003245399947746,0.0007143644104812,0.2201159863139242,0.398406374501992,2067,4,False,False
SOLUSDT,aspect_square_count_q5,fwd_ret_terc,0.0061598620932539,0.0059392236380272,0.0019450127939268,0.0002206384552267,0.1134380482820837,0.398406374501992,2132,5,False,False
LINKUSDT,mars_saturn_hard_aspect,fwd_absret_terc,0.0015783211742532,0.0014969485126023,0.0008913541052155,8.13726616508833e-05,0.0912910606174963,0.398406374501992,2705,2,False,False
NEARUSDT,mars_sign,fwd_ret_terc,0.0203965465937094,0.0194416835878796,0.0033363759581961,0.0009548630058297,0.2861976641103728,0.398406374501992,2068,12,False,False
SOLUSDT,pluto_retrograde,fwd_absret_terc,0.0013941363291775,0.001333682521099,0.0006697044068224,6.0453808078530114e-05,0.0902693896929357,0.398406374501992,2132,2,False,False
DOTUSDT,jupiter_sign,fwd_ret_terc,0.0238064173254134,0.023267060887043,0.0028107114908299,0.0005393564383703,0.1918932057345755,0.4023904382470119,2125,7,False,False
BNBUSDT,pluto_retrograde,fwd_ret_terc,0.0015586653303955,0.0018118547131223,0.0012638185785089,-0.0002531893827267,-0.2003368102290944,0.4023904382470119,3141,2,False,False
FILUSDT,uranus_retrograde,fwd_ret_terc,0.0023839251774567,0.0023346577461226,0.0011420822736232,4.926743133407867e-05,0.0431382506076202,0.4023904382470119,2067,2,False,False
AVAXUSDT,moon_perigee_q4,fwd_ret_terc,0.0054198100668266,0.0050222642355968,0.0014928020595321,0.0003975458312297,0.2663084691579059,0.4063745019920319,2090,4,False,False
FILUSDT,mercury_retrograde,fwd_ret_terc,0.0017535658910245,0.0016343347865303,0.0007200494371494,0.0001192311044941,0.1655873865636342,0.4063745019920319,2067,2,False,False
AAVEUSDT,mars_retrograde,fwd_ret_terc,0.0020066418186111,0.0019105140522746,0.0011039478186452,9.612776633646424e-05,0.0870763678435701,0.4063745019920319,2067,2,False,False
ATOMUSDT,moon_near_new,fwd_absret_terc,0.0012421666597669,0.0012195927911366,0.0007086964735746,2.2573868630315153e-05,0.031852661149072,0.4063745019920319,2602,2,False,False
BTCUSDT,uranus_retrograde,fwd_ret_terc,0.001508704944522,0.0014480813876173,0.0007385694306477,6.062355690467417e-05,0.0820824074068477,0.4063745019920319,3222,2,False,False
ADAUSDT,pluto_out_of_bounds,fwd_ret_terc,0.0014654063137823,0.0013371423336977,0.0007317835202556,0.0001282639800846,0.1752758521260737,0.4063745019920319,2979,2,False,False
LTCUSDT,venus_sign,fwd_absret_terc,0.0148616570878992,0.0145669575987106,0.0025022790193314,0.0002946994891886,0.1177724334144706,0.4063745019920319,3104,12,False,False
FILUSDT,neptune_retrograde,fwd_absret_terc,0.0031224556932552,0.0031702947792356,0.0022716052516436,-4.783908598043072e-05,-0.0210595947274804,0.4063745019920319,2067,2,False,False
NEARUSDT,jupiter_retrograde,fwd_absret_terc,0.0031939153456443,0.0029684500209036,0.0017217566736859,0.0002254653247407,0.1309507482599505,0.4063745019920319,2068,2,False,False
BNBUSDT,jupiter_retrograde,fwd_absret_terc,0.0024463010965929,0.0025719471799182,0.0012328096395964,-0.0001256460833253,-0.1019184789684466,0.4103585657370518,3141,2,False,False
ADAUSDT,eclipse_window,fwd_absret_terc,0.0010760182170465,0.0010581260848076,0.0006327882200038,1.789213223889782e-05,0.0282750716168321,0.4103585657370518,2979,2,False,False
LTCUSDT,moon_void_of_course,fwd_ret_terc,0.00097543653278,0.0009341646658219,0.0005549748423653,4.127186695805369e-05,0.0743670952401152,0.4103585657370518,3104,2,False,False
UNIUSDT,moon_near_full,fwd_ret_terc,0.0016150952118723,0.0015192819779671,0.0008354485301071,9.581323390515992e-05,0.1146847836249948,0.4103585657370518,2095,2,False,False
ATOMUSDT,aspect_square_count_q5,fwd_absret_terc,0.0061121349298632,0.005872884015348,0.0016821949191889,0.0002392509145152,0.1422254411697988,0.4103585657370518,2602,5,False,False
XRPUSDT,pluto_out_of_bounds,fwd_ret_terc,0.0015635571145716,0.0015308555840432,0.0009507336543741,3.270153052845103e-05,0.0343961007144297,0.4103585657370518,2962,2,False,False
SOLUSDT,mars_saturn_hard_aspect,fwd_absret_terc,0.0019542492329583,0.0020178281510625,0.0012703721523523,-6.357891810418589e-05,-0.0500474746604428,0.4143426294820717,2132,2,False,False
SOLUSDT,moon_near_new,fwd_ret_terc,0.0017036528922467,0.0016647225535123,0.0008384463987983,3.893033873439357e-05,0.0464315176142277,0.4143426294820717,2132,2,False,False
BNBUSDT,pluto_out_of_bounds,fwd_ret_terc,0.0018754606594942,0.0018148913984019,0.0012721450582536,6.0569261092262945e-05,0.0476119139867658,0.4143426294820717,3141,2,False,False
LTCUSDT,aspect_conjunction_count_q5,fwd_ret_terc,0.0047800535255286,0.0045387503251231,0.0011455057802441,0.0002413032004055,0.2106521019510494,0.4143426294820717,3104,5,False,False
XRPUSDT,aspect_conjunction_count_q5,fwd_absret_terc,0.0051939928257424,0.0051307588984596,0.0015136130955009,6.323392728274733e-05,0.0417768103821917,0.4143426294820717,2962,5,False,False
ADAUSDT,pluto_out_of_bounds,fwd_absret_terc,0.0016442904680678,0.0017452529860945,0.0013611068230994,-0.0001009625180266,-0.0741767775410839,0.4143426294820717,2979,2,False,False
UNIUSDT,hard_aspect_count_q5,fwd_absret_terc,0.0071094900439589,0.0069402315333271,0.0020297312863877,0.0001692585106318,0.0833896150524743,0.4183266932270916,2095,5,False,False
BNBUSDT,moon_void_of_course,fwd_ret_terc,0.0010029567279142,0.0009740681298224,0.0005511677290428,2.8888598091823163e-05,0.0524134425322569,0.4183266932270916,3141,2,False,False
LINKUSDT,hard_aspect_count_q5,fwd_absret_terc,0.0052478018537734,0.0050813643344286,0.0014890014973577,0.0001664375193448,0.1117779395387892,0.4183266932270916,2705,5,False,False
ETHUSDT,saturn_sign,fwd_ret_terc,0.0131446625261979,0.0123648037017648,0.0030178313408016,0.000779858824433,0.258416967803727,0.4183266932270916,3222,5,False,False
FILUSDT,moon_near_new,fwd_absret_terc,0.001589763640281,0.0015439336998771,0.0008677837341478,4.582994040393143e-05,0.0528126290001712,0.4183266932270916,2067,2,False,False
NEARUSDT,soft_aspect_count_q5,fwd_ret_terc,0.0075967335043058,0.0075499538302918,0.0022628362709147,4.677967401398465e-05,0.0206730264205437,0.4183266932270916,2068,5,False,False
ATOMUSDT,jupiter_sign,fwd_absret_terc,0.0364845468807076,0.0357874088669768,0.0028928211412207,0.0006971380137308,0.2409889791653941,0.4223107569721115,2602,8,False,False
DOGEUSDT,sun_modality,fwd_absret_terc,0.0027978500266424,0.0026557473934846,0.0010895540671183,0.0001421026331578,0.1304227458244991,0.4223107569721115,2535,3,False,False
DOTUSDT,lunar_8phase,fwd_absret_terc,0.0100619301162469,0.0098629321946735,0.0011573068403936,0.0001989979215733,0.1719491448833678,0.4223107569721115,2125,8,False,False
DOGEUSDT,venus_out_of_bounds,fwd_ret_terc,0.0014418124612175,0.0014886294490727,0.0009936619236966,-4.6816987855212216e-05,-0.0471156101876592,0.4223107569721115,2535,2,False,False
AVAXUSDT,lunar_4phase,fwd_absret_terc,0.0027007649931849,0.0026049057383084,0.000782119165911,9.585925487650554e-05,0.1225634903919539,0.4223107569721115,2090,4,False,False
DOGEUSDT,n_retrograde,fwd_absret_terc,0.0120382042783539,0.0114709370822541,0.002932627025329,0.0005672671960997,0.1934331202707707,0.4223107569721115,2535,7,False,False
BCHUSDT,aspect_trine_count_q5,fwd_absret_terc,0.0062903134691678,0.0061691042601866,0.0019752767489049,0.0001212092089812,0.061363152808029,0.4223107569721115,2389,5,False,False
NEARUSDT,moon_near_new,fwd_absret_terc,0.0014261833106102,0.0014491174496011,0.0008139818244221,-2.29341389908612e-05,-0.0281752470420866,0.4223107569721115,2068,2,False,False
ADAUSDT,moon_out_of_bounds,fwd_absret_terc,0.00124946793105,0.001341353924931,0.0008412444961102,-9.188599388107368e-05,-0.1092262645472655,0.4223107569721115,2979,2,False,False
DOTUSDT,mars_retrograde,fwd_ret_terc,0.0015468957309435,0.0015398760322175,0.0009397341152663,7.019698725988779e-06,0.007469877502531,0.4262948207171315,2125,2,False,False
SOLUSDT,pluto_out_of_bounds,fwd_ret_terc,0.0016771984229763,0.0017730415279737,0.0011125726914091,-9.584310499747793e-05,-0.086145476819213,0.4262948207171315,2132,2,False,False
ETHUSDT,pluto_retrograde,fwd_absret_terc,0.0013486854112244,0.0014390970100197,0.0009463908269584,-9.041159879536668e-05,-0.0955330464116335,0.4262948207171315,3222,2,False,False
UNIUSDT,aspect_square_count_q5,fwd_ret_terc,0.0064449250028935,0.0060262949830599,0.0015487560164497,0.0004186300198336,0.2703008191008126,0.4262948207171315,2095,5,False,False
SOLUSDT,neptune_retrograde,fwd_ret_terc,0.0014218939666423,0.0013799032644762,0.0006771079610255,4.1990702166072895e-05,0.0620147813688028,0.4262948207171315,2132,2,False,False
AAVEUSDT,mars_out_of_bounds,fwd_ret_terc,0.0019848511531257,0.0019951149419534,0.0013069417457471,-1.0263788827737878e-05,-0.0078532871576999,0.4302788844621514,2067,2,False,False
LTCUSDT,moon_void_of_course,fwd_absret_terc,0.000937922682256,0.0009601490301482,0.000527695339806,-2.22263478922265e-05,-0.0421196592344278,0.4302788844621514,3104,2,False,False
FILUSDT,lunar_8phase,fwd_ret_terc,0.0102625635532722,0.0099691152883992,0.0014847423390253,0.000293448264873,0.197642551949873,0.4302788844621514,2067,8,False,False
LTCUSDT,lunar_4phase,fwd_absret_terc,0.0031678010103723,0.0031271834854689,0.0006893990196055,4.061752490335663e-05,0.0589172942639152,0.4302788844621514,3104,4,False,False
ADAUSDT,lunar_4phase,fwd_absret_terc,0.003119312046746,0.003060235581561,0.000750221790569,5.907646518507701e-05,0.0787453336169694,0.4302788844621514,2979,4,False,False
XRPUSDT,moon_decl_q4,fwd_absret_terc,0.0036134463820948,0.0035010020896492,0.0010642405189806,0.0001124442924455,0.1056568420766876,0.4302788844621514,2962,4,False,False
DOTUSDT,pluto_out_of_bounds,fwd_ret_terc,0.0023100400318898,0.0023432912913398,0.0016159466045953,-3.325125944995391e-05,-0.020576954309873,0.4342629482071713,2125,2,False,False
XRPUSDT,saturn_retrograde,fwd_absret_terc,0.0008032187834574,0.0007739713992185,0.0003698687606091,2.9247384238961544e-05,0.0790750324271614,0.4342629482071713,2962,2,False,False
BNBUSDT,moon_decl_q4,fwd_absret_terc,0.002591042703025,0.0025780717871831,0.0008801347314613,1.2970915841860851e-05,0.0147374207359412,0.4342629482071713,3141,4,False,False
DOTUSDT,saturn_sign,fwd_ret_terc,0.0122702912953792,0.0119388098961252,0.0033553460812089,0.0003314813992539,0.0987920146629262,0.4382470119521912,2125,4,False,False
ADAUSDT,mars_sign,fwd_absret_terc,0.020146485413981,0.0193962012232084,0.0033224273277722,0.0007502841907725,0.2258241089280952,0.4382470119521912,2979,12,False,False
LINKUSDT,moon_near_new,fwd_ret_terc,0.0011921441610431,0.0012007062299389,0.00075166226552,-8.56206889578463e-06,-0.011390845714279,0.4382470119521912,2705,2,False,False
UNIUSDT,aspect_opposition_count_q5,fwd_absret_terc,0.0116961685669025,0.0107643471777076,0.0039124634358877,0.0009318213891948,0.2381674370800767,0.4382470119521912,2095,5,False,False
LINKUSDT,uranus_retrograde,fwd_ret_terc,0.0008527183431526,0.0009678917634511,0.0006792001155713,-0.0001151734202985,-0.1695721447303414,0.4382470119521912,2705,2,False,False
DOTUSDT,moon_sign,fwd_absret_terc,0.0158747488635531,0.0154932220929769,0.0020151046491115,0.0003815267705761,0.1893334774173636,0.4382470119521912,2125,12,False,False
DOTUSDT,moon_decl_q4,fwd_ret_terc,0.0052059397590934,0.005178386898103,0.0017564398324225,2.7552860990393696e-05,0.015686766197047,0.4382470119521912,2125,4,False,False
SOLUSDT,harmonic_3_count_q5,fwd_absret_terc,0.0081863184792393,0.0081196937883743,0.0027058341276742,6.662469086497758e-05,0.0246226071966368,0.4382470119521912,2132,5,False,False
DOGEUSDT,moon_out_of_bounds,fwd_absret_terc,0.0015044800616743,0.0015006013737986,0.0007536896894105,3.878687875650448e-06,0.0051462663350006,0.4422310756972111,2535,2,False,False
DOGEUSDT,uranus_retrograde,fwd_ret_terc,0.0025966764375403,0.0027223125957973,0.0015142341512443,-0.000125636158257,-0.0829700995409403,0.4422310756972111,2535,2,False,False
DOTUSDT,uranus_retrograde,fwd_ret_terc,0.0019527373404445,0.002065495709501,0.0011265838783723,-0.0001127583690564,-0.1000887472483646,0.4422310756972111,2125,2,False,False
BTCUSDT,hard_aspect_count_q5,fwd_ret_terc,0.0041285835953858,0.0040706343828857,0.0012161286960959,5.794921250013019e-05,0.0476505592591962,0.4422310756972111,3222,5,False,False
UNIUSDT,mars_sign,fwd_ret_terc,0.0199726184869855,0.0195270302299738,0.0030006800576907,0.0004455882570117,0.1484957571100116,0.4422310756972111,2095,12,False,False
BTCUSDT,venus_sign,fwd_ret_terc,0.0121464448267041,0.0119434554150451,0.0019834735083007,0.0002029894116589,0.1023403694627006,0.4422310756972111,3222,12,False,False
NEARUSDT,harmonic_3_count_q5,fwd_absret_terc,0.0082538082688929,0.0081566313985358,0.0027378422348323,9.717687035703908e-05,0.0354939627713751,0.4422310756972111,2068,5,False,False
SOLUSDT,venus_retrograde,fwd_ret_terc,0.0017244870921087,0.0017597884276361,0.0009208388476629,-3.530133552739857e-05,-0.0383360624033094,0.4422310756972111,2132,2,False,False
XRPUSDT,venus_sign,fwd_absret_terc,0.0130808531817619,0.012707396063659,0.0022621819751295,0.0003734571181029,0.1650871248240401,0.4422310756972111,2962,12,False,False
DOGEUSDT,jupiter_retrograde,fwd_absret_terc,0.0018318241869461,0.001795780927826,0.001005231227432,3.604325912009618e-05,0.0358556898517502,0.4422310756972111,2535,2,False,False
XRPUSDT,moon_perigee_q4,fwd_ret_terc,0.0032082182931814,0.0032587294436674,0.0011020705431788,-5.051115048594233e-05,-0.0458329557926914,0.4422310756972111,2962,4,False,False
SOLUSDT,mercury_sign,fwd_ret_terc,0.0180780271312185,0.0181731763958249,0.0028443219162161,-9.514926460638118e-05,-0.0334523543428444,0.446215139442231,2132,12,False,False
BNBUSDT,moon_perigee_q4,fwd_absret_terc,0.0041829560577748,0.0041222268385906,0.0009651779777275,6.07292191842166e-05,0.0629202287926236,0.446215139442231,3141,4,False,False
ADAUSDT,aspect_trine_count_q5,fwd_absret_terc,0.0050959388998756,0.0050992131954498,0.0017458221245396,-3.2742955741954863e-06,-0.0018755035396626,0.446215139442231,2979,5,False,False
DOTUSDT,moon_decl_sign,fwd_absret_terc,0.0010948279246047,0.0010852725464197,0.0004572045657182,9.555378184986866e-06,0.0208995685989607,0.446215139442231,2125,2,False,False
LTCUSDT,moon_out_of_bounds,fwd_absret_terc,0.001070805600762,0.0010931749586158,0.0005617220025261,-2.2369357853789735e-05,-0.0398228265106062,0.446215139442231,3104,2,False,False
BCHUSDT,neptune_retrograde,fwd_ret_terc,0.0015711389561184,0.0015355604285596,0.0008687161754692,3.557852755880662e-05,0.0409552953697332,0.446215139442231,2389,2,False,False
ADAUSDT,mercury_retrograde,fwd_ret_terc,0.0010863151083283,0.0011149507027055,0.0006049397555675,-2.863559437718045e-05,-0.0473362745854141,0.446215139442231,2979,2,False,False
BTCUSDT,neptune_retrograde,fwd_absret_terc,0.0019643180332691,0.0018468480103994,0.0007817660974861,0.0001174700228697,0.1502623652361534,0.450199203187251,3222,2,False,False
SOLUSDT,mars_retrograde,fwd_ret_terc,0.0014829368012995,0.0015643699429804,0.0008314617065243,-8.143314168090909e-05,-0.0979397379842173,0.450199203187251,2132,2,False,False
SOLUSDT,mars_sign,fwd_absret_terc,0.0224980153339606,0.0223220878915662,0.0035010415020131,0.0001759274423944,0.0502500305389948,0.450199203187251,2132,12,False,False
AVAXUSDT,sun_modality,fwd_absret_terc,0.0036197399348951,0.003444572749859,0.0009005257691328,0.0001751671850361,0.1945165713634067,0.450199203187251,2090,3,False,False
ATOMUSDT,sun_sign,fwd_ret_terc,0.0130069913990316,0.0128057466644108,0.0019598216197298,0.0002012447346208,0.1026852304285755,0.450199203187251,2602,12,False,False
DOTUSDT,mars_saturn_hard_aspect,fwd_absret_terc,0.0022388524105175,0.0021618028371317,0.0012956919350877,7.704957338577987e-05,0.0594659666385581,0.4541832669322709,2125,2,False,False
ETHUSDT,saturn_retrograde,fwd_ret_terc,0.0011297463023561,0.0011775801410581,0.000638792772324,-4.7833838701992785e-05,-0.0748816216688871,0.4541832669322709,3222,2,False,False
UNIUSDT,mars_saturn_hard_aspect,fwd_absret_terc,0.0015439508680501,0.001634520378771,0.0010213958524299,-9.056951072091496e-05,-0.0886722914582478,0.4541832669322709,2095,2,False,False
ADAUSDT,mercury_sign,fwd_ret_terc,0.0130318379745738,0.0128817547959151,0.0016867477561227,0.0001500831786586,0.0889778439685879,0.4541832669322709,2979,12,False,False
ATOMUSDT,venus_sign,fwd_ret_terc,0.0140712929697052,0.0140939274974033,0.0023875472639849,-2.2634527698166956e-05,-0.0094802427744986,0.4541832669322709,2602,12,False,False
NEARUSDT,hard_aspect_count_q5,fwd_absret_terc,0.0069100978129894,0.0067561834688116,0.0018582122803608,0.0001539143441778,0.0828292578864651,0.4541832669322709,2068,5,False,False
BNBUSDT,harmonic_4_count_q5,fwd_ret_terc,0.0043234690584386,0.0043487893804235,0.0012210787772013,-2.5320321984895897e-05,-0.0207360265837463,0.4541832669322709,3141,5,False,False
DOGEUSDT,neptune_retrograde,fwd_ret_terc,0.0027352785729099,0.0028828844179533,0.001641088928926,-0.0001476058450433,-0.0899438430432815,0.4581673306772908,2535,2,False,False
BNBUSDT,mars_saturn_hard_aspect,fwd_ret_terc,0.0010403179841336,0.0011251674369785,0.0006919252428628,-8.484945284490232e-05,-0.1226280638264197,0.4581673306772908,3141,2,False,False
ETHUSDT,lunar_4phase,fwd_ret_terc,0.0022437680493316,0.0021878015701465,0.0007053858558441,5.596647918512578e-05,0.0793416521205273,0.4581673306772908,3222,4,False,False
DOTUSDT,pluto_retrograde,fwd_ret_terc,0.0020355176517061,0.0021491842723824,0.0011482529414744,-0.0001136666206762,-0.0989909248830738,0.4581673306772908,2125,2,False,False
BNBUSDT,venus_out_of_bounds,fwd_ret_terc,0.0011037487096988,0.0011199161235487,0.0006121980531532,-1.616741384993488e-05,-0.0264087965759814,0.4581673306772908,3141,2,False,False
ADAUSDT,harmonic_4_count_q5,fwd_ret_terc,0.0043455840465427,0.0044052138386098,0.0012770152847076,-5.962979206710489e-05,-0.0466946580680553,0.4581673306772908,2979,5,False,False
ATOMUSDT,jupiter_sign,fwd_ret_terc,0.0213894892297684,0.0212910633729788,0.0018705396143938,9.842585678953088e-05,0.052618964085091,0.4621513944223107,2602,8,False,False
AAVEUSDT,mars_saturn_hard_aspect,fwd_absret_terc,0.0014535153695414,0.0015173102146059,0.0008483723469875,-6.379484506450692e-05,-0.0751967520995197,0.4621513944223107,2067,2,False,False
SOLUSDT,uranus_retrograde,fwd_ret_terc,0.0013633477956791,0.0014335235939017,0.0007469056122746,-7.017579822259372e-05,-0.093955376782994,0.4621513944223107,2132,2,False,False
NEARUSDT,moon_void_of_course,fwd_absret_terc,0.0013051929242719,0.0014757658969693,0.0009059660978894,-0.0001705729726973,-0.1882774345472228,0.4621513944223107,2068,2,False,False
SOLUSDT,harmonic_4_count_q5,fwd_absret_terc,0.0071179121446083,0.0070723713876654,0.0020065852045925,4.554075694295032e-05,0.0226956507197999,0.4661354581673306,2132,5,False,False
UNIUSDT,jupiter_saturn_aspect,fwd_absret_terc,0.0027187028990632,0.0032349916534029,0.002228395331519,-0.0005162887543396,-0.2316863381632071,0.4661354581673306,2095,2,False,False
UNIUSDT,venus_retrograde,fwd_absret_terc,0.0017753502104094,0.0019410262197296,0.0011776596111622,-0.0001656760093202,-0.1406824244882533,0.4661354581673306,2095,2,False,False
LINKUSDT,lunar_8phase,fwd_absret_terc,0.0067435017980862,0.0066551924310117,0.0010596455454475,8.830936707452264e-05,0.0833385913373741,0.4661354581673306,2705,8,False,False
ETHUSDT,saturn_sign,fwd_absret_terc,0.0163982514500141,0.0152506688120082,0.0039120387049066,0.0011475826380058,0.2933464427554232,0.4661354581673306,3222,5,False,False
DOGEUSDT,moon_out_of_bounds,fwd_ret_terc,0.0010165808156364,0.0010074182154908,0.0005684634837371,9.162600145558092e-06,0.0161181859656527,0.4661354581673306,2535,2,False,False
ETHUSDT,aspect_opposition_count_q5,fwd_absret_terc,0.0075473283581696,0.0075771966128672,0.0029456841104854,-2.98682546975796e-05,-0.0101396665688831,0.4661354581673306,3222,5,False,False
FILUSDT,mars_saturn_hard_aspect,fwd_ret_terc,0.0012710952617273,0.001414111728021,0.0009066986464455,-0.0001430164662937,-0.1577331860529514,0.4701195219123506,2067,2,False,False
LTCUSDT,sun_element,fwd_absret_terc,0.0039967594970732,0.0040415933919428,0.0008664574933779,-4.483389486965861e-05,-0.051743905745301,0.4701195219123506,3104,4,False,False
LTCUSDT,moon_sign,fwd_absret_terc,0.0119160388159737,0.0118931650943969,0.0018682960946208,2.287372157679969e-05,0.012243092324957,0.4741035856573705,3104,12,False,False
LINKUSDT,venus_retrograde,fwd_absret_terc,0.00124176341393,0.0015349969699235,0.001355630271415,-0.0002932335559934,-0.2163079138734496,0.4741035856573705,2705,2,False,False
LTCUSDT,mars_retrograde,fwd_absret_terc,0.0013563197182541,0.0015005064927639,0.0009212520797889,-0.0001441867745097,-0.1565117492519306,0.4741035856573705,3104,2,False,False
FILUSDT,sun_modality,fwd_absret_terc,0.0032891007361204,0.0032645778700453,0.0010313629460225,2.452286607504883e-05,0.0237771447671473,0.4741035856573705,2067,3,False,False
DOGEUSDT,harmonic_4_count_q5,fwd_absret_terc,0.0054290137879344,0.0056056686190514,0.0015901041820059,-0.0001766548311169,-0.1110963879700847,0.4741035856573705,2535,5,False,False
LINKUSDT,venus_retrograde,fwd_ret_terc,0.0011002060196752,0.0011612790418173,0.0006472464839156,-6.107302214207141e-05,-0.094358213848604,0.4780876494023904,2705,2,False,False
DOTUSDT,eclipse_window,fwd_ret_terc,0.0012465547503607,0.0013794035828514,0.0007338140892521,-0.0001328488324906,-0.1810388141034995,0.4780876494023904,2125,2,False,False
FILUSDT,harmonic_3_count_q5,fwd_absret_terc,0.0070764806598882,0.0071527617922205,0.0019266944134976,-7.628113233229712e-05,-0.039591713038613,0.4780876494023904,2067,5,False,False
LTCUSDT,harmonic_3_count_q5,fwd_ret_terc,0.0040695611584782,0.0042017821981655,0.0012829743293286,-0.0001322210396872,-0.103058211426935,0.4780876494023904,3104,5,False,False
ETHUSDT,jupiter_retrograde,fwd_ret_terc,0.0007113318631296,0.0008111128934587,0.0004297457257591,-9.978103032905564e-05,-0.232186207676168,0.4780876494023904,3222,2,False,False
FILUSDT,moon_perigee_q4,fwd_ret_terc,0.0037127155639977,0.0037288988639509,0.0011870628094814,-1.6183299953162478e-05,-0.0136330612195924,0.4780876494023904,2067,4,False,False
BTCUSDT,moon_decl_sign,fwd_ret_terc,0.0009004474653746,0.0009899506061083,0.0003891496230097,-8.950314073372329e-05,-0.2299967298991075,0.4780876494023904,3222,2,False,False
XRPUSDT,moon_perigee_q4,fwd_absret_terc,0.0029672879457942,0.002970132903074,0.0009015339074611,-2.844957279800678e-06,-0.0031556852784521,0.4820717131474104,2962,4,False,False
NEARUSDT,pluto_out_of_bounds,fwd_absret_terc,0.0024984095476029,0.0035226800215703,0.0031318218188699,-0.0010242704739673,-0.3270526017144005,0.4820717131474104,2068,2,False,False
FILUSDT,moon_decl_q4,fwd_ret_terc,0.0051854048753862,0.0051005236847908,0.0013694429482683,8.488119059537388e-05,0.0619822758609282,0.4820717131474104,2067,4,False,False
BNBUSDT,n_retrograde,fwd_ret_terc,0.0075364360047469,0.0076092616649042,0.0018993953156175,-7.282566015730241e-05,-0.0383414971904493,0.4820717131474104,3141,7,False,False
SOLUSDT,moon_void_of_course,fwd_ret_terc,0.0014432935438639,0.0015564737631428,0.000858138307437,-0.0001131802192788,-0.1318904170784576,0.4820717131474104,2132,2,False,False
ATOMUSDT,jupiter_saturn_aspect,fwd_absret_terc,0.0019777673302836,0.0025225347714304,0.0018810155813638,-0.0005447674411467,-0.2896134654832618,0.4820717131474104,2602,2,False,False
LINKUSDT,jupiter_saturn_aspect,fwd_ret_terc,0.0012609460160402,0.0014276103172369,0.0009195556734467,-0.0001666643011967,-0.1812443835749994,0.4820717131474104,2705,2,False,False
ETHUSDT,pluto_retrograde,fwd_ret_terc,0.0012358908795555,0.0012661085358203,0.0005172770085106,-3.021765626477638e-05,-0.0584167781819221,0.4820717131474104,3222,2,False,False
NEARUSDT,harmonic_3_count_q5,fwd_ret_terc,0.0067357602135922,0.0069941316160512,0.0020100406477602,-0.000258371402459,-0.1285403868558293,0.4860557768924303,2068,5,False,False
XRPUSDT,mars_sign,fwd_ret_terc,0.0131305661321114,0.0132382158454286,0.0025833756831212,-0.0001076497133172,-0.0416701736493732,0.4860557768924303,2962,12,False,False
BTCUSDT,moon_void_of_course,fwd_absret_terc,0.0008386321493219,0.0009434027680461,0.0005623611222398,-0.0001047706187241,-0.1863048752497169,0.4900398406374502,3222,2,False,False
DOGEUSDT,uranus_retrograde,fwd_absret_terc,0.0023604819615309,0.002660104822583,0.0016377287672419,-0.0002996228610521,-0.1829502339125043,0.4900398406374502,2535,2,False,False
LTCUSDT,mars_saturn_hard_aspect,fwd_absret_terc,0.0011142333537445,0.0013157350181309,0.0008499367791898,-0.0002015016643863,-0.2370784149126641,0.4940239043824701,3104,2,False,False
LTCUSDT,eclipse_window,fwd_ret_terc,0.000934078458714,0.0010625903648398,0.0006700609962876,-0.0001285119061257,-0.1917913545747954,0.4940239043824701,3104,2,False,False
UNIUSDT,lunar_8phase,fwd_absret_terc,0.0101111206356071,0.010192982115646,0.0016094973249008,-8.186148003895208e-05,-0.0508615197878585,0.4940239043824701,2095,8,False,False
DOTUSDT,aspect_opposition_count_q5,fwd_ret_terc,0.0090645535226637,0.0091608492981864,0.0025010870131567,-9.629577552270828e-05,-0.038501569524032,0.49800796812749,2125,5,False,False
ADAUSDT,venus_out_of_bounds,fwd_absret_terc,0.0011895591879006,0.0013352780671923,0.0007638915076822,-0.0001457188792916,-0.1907586061976546,0.49800796812749,2979,2,False,False
BCHUSDT,aspect_conjunction_count_q5,fwd_absret_terc,0.0061128526578864,0.0063367715133058,0.0018897415618452,-0.0002239188554194,-0.1184917874170932,0.49800796812749,2389,5,False,False
ATOMUSDT,n_retrograde,fwd_ret_terc,0.0080268056204229,0.0080916584253159,0.0019505272777608,-6.485280489302615e-05,-0.0332488582100089,0.49800796812749,2602,7,False,False
LINKUSDT,aspect_square_count_q5,fwd_absret_terc,0.0050058690052434,0.005037806976115,0.0014769757487711,-3.193797087158463e-05,-0.0216238965996268,0.49800796812749,2705,5,False,False
SOLUSDT,moon_near_full,fwd_absret_terc,0.0012630986458248,0.0015044034986202,0.0008600870592994,-0.0002413048527953,-0.280558636694198,0.50199203187251,2132,2,False,False
DOGEUSDT,moon_near_new,fwd_absret_terc,0.0010509217438294,0.0011988886406759,0.0006310751890374,-0.0001479668968464,-0.2344679357021618,0.50199203187251,2535,2,False,False
ATOMUSDT,moon_near_new,fwd_ret_terc,0.0009756034351677,0.0011242953748332,0.0006463987942584,-0.0001486919396655,-0.2300312763363002,0.50199203187251,2602,2,False,False
AAVEUSDT,harmonic_4_count_q5,fwd_absret_terc,0.0067444030305736,0.0071205344707322,0.0023560310340754,-0.0003761314401586,-0.1596462163352699,0.50199203187251,2067,5,False,False
ETHUSDT,aspect_conjunction_count_q5,fwd_ret_terc,0.0050950753856609,0.0052501853081487,0.0014421650807218,-0.0001551099224878,-0.1075535141997636,0.50199203187251,3222,5,False,False
NEARUSDT,mars_saturn_hard_aspect,fwd_ret_terc,0.0014691548357393,0.0016354081978861,0.0009189582152136,-0.0001662533621468,-0.1809150398728218,0.50199203187251,2068,2,False,False
BCHUSDT,eclipse_window,fwd_absret_terc,0.0010310261596604,0.0011910669258372,0.0007045978733369,-0.0001600407661768,-0.2271377366197134,0.5059760956175299,2389,2,False,False
UNIUSDT,lunar_4phase,fwd_ret_terc,0.0039161333845315,0.0039547053945894,0.000790149383871,-3.857201005787788e-05,-0.0488160983799173,0.5059760956175299,2095,4,False,False
NEARUSDT,pluto_out_of_bounds,fwd_ret_terc,0.0017533493002959,0.0023123826372141,0.0017454242800112,-0.0005590333369182,-0.3202850695503387,0.5059760956175299,2068,2,False,False
FILUSDT,moon_sign,fwd_absret_terc,0.0181670475679141,0.0185841204331847,0.002646492389121,-0.0004170728652705,-0.1575945833001634,0.5059760956175299,2067,12,False,False
XRPUSDT,sun_modality,fwd_ret_terc,0.0020971350749198,0.0021001116620356,0.0006212139013351,-2.976587115836437e-06,-0.0047915655291018,0.5059760956175299,2962,3,False,False
BNBUSDT,pluto_out_of_bounds,fwd_absret_terc,0.0017818886925699,0.0024534537796421,0.0018036140912947,-0.0006715650870721,-0.372344111921475,0.5059760956175299,3141,2,False,False
DOGEUSDT,mercury_out_of_bounds,fwd_absret_terc,0.0014705170859041,0.0017317094200527,0.0010560114257979,-0.0002611923341485,-0.2473385493449825,0.5099601593625498,2535,2,False,False
ATOMUSDT,pluto_retrograde,fwd_absret_terc,0.0013431348228924,0.0014719098634179,0.0007183252092339,-0.0001287750405254,-0.1792712254423318,0.5099601593625498,2602,2,False,False
SOLUSDT,mercury_retrograde,fwd_absret_terc,0.0016294745248621,0.00179334269968,0.0008788524842607,-0.0001638681748179,-0.1864569740117529,0.5099601593625498,2132,2,False,False
XRPUSDT,moon_near_full,fwd_absret_terc,0.0010283698500584,0.0011150771563487,0.0005879226503256,-8.6707306290317e-05,-0.1474808059228311,0.5099601593625498,2962,2,False,False
DOTUSDT,saturn_retrograde,fwd_absret_terc,0.0017681117966246,0.0019315038501352,0.0011022567876578,-0.0001633920535105,-0.1482341096377049,0.5139442231075697,2125,2,False,False
FILUSDT,soft_aspect_count_q5,fwd_absret_terc,0.0072041819460368,0.0073824608542059,0.0019127048218247,-0.0001782789081691,-0.0932077475493788,0.5139442231075697,2067,5,False,False
ADAUSDT,jupiter_saturn_aspect,fwd_ret_terc,0.0013142447723456,0.0015114019277289,0.0008473027420055,-0.0001971571553833,-0.2326879704373957,0.5139442231075697,2979,2,False,False
BCHUSDT,pluto_retrograde,fwd_ret_terc,0.0014018047858824,0.0014864989777699,0.0008085268999387,-8.469419188749695e-05,-0.104751235727491,0.5139442231075697,2389,2,False,False
AVAXUSDT,venus_out_of_bounds,fwd_ret_terc,0.0012784504686075,0.0014487900818598,0.0008468427584096,-0.0001703396132522,-0.2011466846243651,0.5139442231075697,2090,2,False,False
BCHUSDT,mercury_out_of_bounds,fwd_ret_terc,0.0010850982452906,0.0012582554847914,0.0007300200731224,-0.0001731572395007,-0.2371951756890448,0.5139442231075697,2389,2,False,False
ETHUSDT,moon_decl_q4,fwd_absret_terc,0.0029793458196686,0.0029855344231219,0.0005736229174626,-6.188603453257269e-06,-0.0107886265782966,0.5139442231075697,3222,4,False,False
BCHUSDT,venus_sign,fwd_ret_terc,0.0158292208759043,0.0157623109298762,0.0027028699010949,6.690994602806533e-05,0.0247551485925978,0.5139442231075697,2389,12,False,False
SOLUSDT,moon_near_full,fwd_ret_terc,0.0012622897328247,0.0015138229351267,0.0008489850501389,-0.0002515332023019,-0.2962751844226248,0.5139442231075697,2132,2,False,False
ADAUSDT,venus_retrograde,fwd_ret_terc,0.0012435933924012,0.0013745497272831,0.0006194910873365,-0.0001309563348819,-0.2113934123652509,0.5179282868525896,2979,2,False,False
BCHUSDT,aspect_conjunction_count_q5,fwd_ret_terc,0.0058987353148901,0.0060612612579085,0.0016931019882187,-0.0001625259430184,-0.0959930022818067,0.5179282868525896,2389,5,False,False
ETHUSDT,mars_saturn_hard_aspect,fwd_absret_terc,0.0010941551176728,0.0012378822543922,0.0007352782410089,-0.0001437271367193,-0.1954731266386067,0.5179282868525896,3222,2,False,False
XRPUSDT,harmonic_4_count_q5,fwd_absret_terc,0.0045451329316954,0.0046230701129007,0.0013065333692229,-7.793718120524453e-05,-0.0596518872316252,0.5179282868525896,2962,5,False,False
BNBUSDT,moon_near_full,fwd_absret_terc,0.0007942553734854,0.0008737346215014,0.0004976025419082,-7.947924801596717e-05,-0.1597243609551771,0.5179282868525896,3141,2,False,False
LTCUSDT,n_retrograde,fwd_ret_terc,0.0064738582299688,0.0066335473975943,0.0014807919964438,-0.0001596891676254,-0.1078403773176294,0.5179282868525896,3104,7,False,False
BCHUSDT,harmonic_3_count_q5,fwd_ret_terc,0.0056230239205893,0.0058964362349544,0.0016370095945133,-0.0002734123143651,-0.1670193719581638,0.5219123505976095,2389,5,False,False
AAVEUSDT,moon_decl_sign,fwd_absret_terc,0.0015912772853401,0.0017728062010119,0.0008516605583833,-0.0001815289156718,-0.213147026576417,0.5219123505976095,2067,2,False,False
DOTUSDT,moon_near_new,fwd_ret_terc,0.0013567873695261,0.0015042318763506,0.0008152798553121,-0.0001474445068244,-0.1808514044149593,0.5219123505976095,2125,2,False,False
BNBUSDT,lunar_4phase,fwd_absret_terc,0.0029486368633322,0.0030417316233841,0.0007571917068285,-9.309476005182026e-05,-0.1229474110879264,0.5219123505976095,3141,4,False,False
XRPUSDT,pluto_retrograde,fwd_absret_terc,0.0006362757502977,0.0006886716716152,0.0003142548568567,-5.239592131755523e-05,-0.1667306651729291,0.5219123505976095,2962,2,False,False
DOGEUSDT,venus_retrograde,fwd_ret_terc,0.0012253080439181,0.0014884026150146,0.0009582491771297,-0.0002630945710965,-0.2745575758119419,0.5219123505976095,2535,2,False,False
BNBUSDT,n_retrograde,fwd_absret_terc,0.0091925155218234,0.0094398990678638,0.0024420405734615,-0.0002473835460404,-0.1013019802901133,0.5219123505976095,3141,7,False,False
DOGEUSDT,neptune_retrograde,fwd_absret_terc,0.002270490301955,0.0029261213103064,0.0017983356104115,-0.0006556310083513,-0.3645765587666438,0.5219123505976095,2535,2,False,False
AAVEUSDT,mars_retrograde,fwd_absret_terc,0.0020079978012851,0.0024157602080487,0.0014442377431579,-0.0004077624067635,-0.2823374535773736,0.5258964143426295,2067,2,False,False
FILUSDT,sun_modality,fwd_ret_terc,0.0032745539708813,0.0035399497638694,0.0014594117035157,-0.000265395792988,-0.1818512160405002,0.5258964143426295,2067,3,False,False
AVAXUSDT,jupiter_sign,fwd_absret_terc,0.0283837079477531,0.0278652693661912,0.0045559216499437,0.0005184385815619,0.1137944463044833,0.5258964143426295,2090,7,False,False
XRPUSDT,soft_aspect_count_q5,fwd_absret_terc,0.0049408980124034,0.0051648389099089,0.0017895699755449,-0.0002239408975054,-0.1251367091344008,0.5258964143426295,2962,5,False,False
BCHUSDT,n_retrograde,fwd_absret_terc,0.0100262283715359,0.0102873740090332,0.0024072760912842,-0.0002611456374973,-0.1084817975149749,0.5258964143426295,2389,7,False,False
ATOMUSDT,aspect_trine_count_q5,fwd_absret_terc,0.0059578447659855,0.0065023518432428,0.0024321921014303,-0.0005445070772573,-0.2238750290066051,0.5258964143426295,2602,5,False,False
UNIUSDT,pluto_retrograde,fwd_ret_terc,0.0013925733465773,0.0016373066358039,0.0010131981419344,-0.0002447332892266,-0.2415453395516273,0.5258964143426295,2095,2,False,False
BTCUSDT,mars_saturn_hard_aspect,fwd_absret_terc,0.0011213404227256,0.0013903524057534,0.0008816729534429,-0.0002690119830277,-0.3051153854468321,0.5298804780876494,3222,2,False,False
UNIUSDT,uranus_retrograde,fwd_ret_terc,0.0013919986110575,0.0015992567435993,0.000886998257318,-0.0002072581325418,-0.2336623897870423,0.5298804780876494,2095,2,False,False
NEARUSDT,mars_retrograde,fwd_absret_terc,0.0020557219365987,0.0023131480207035,0.0014068082320251,-0.0002574260841047,-0.1829859096958826,0.5298804780876494,2068,2,False,False
BTCUSDT,aspect_conjunction_count_q5,fwd_ret_terc,0.0046941533934145,0.0049245847059942,0.0014159358816245,-0.0002304313125797,-0.1627413469565721,0.5298804780876494,3222,5,False,False
AVAXUSDT,jupiter_retrograde,fwd_absret_terc,0.0016637029462865,0.0017189332689406,0.0008005091109758,-5.523032265403009e-05,-0.0689939963165481,0.5298804780876494,2090,2,False,False
XRPUSDT,moon_out_of_bounds,fwd_absret_terc,0.001188687307388,0.0012996882731103,0.000629769582118,-0.0001110009657222,-0.1762564735961414,0.5338645418326693,2962,2,False,False
LTCUSDT,neptune_retrograde,fwd_ret_terc,0.0014768194308119,0.0016262193734561,0.0008916482875885,-0.0001493999426442,-0.1675547911927345,0.5338645418326693,3104,2,False,False
BNBUSDT,neptune_retrograde,fwd_ret_terc,0.0012476695288538,0.0017510699968832,0.0012631061498655,-0.0005034004680294,-0.3985416966602926,0.5338645418326693,3141,2,False,False
ETHUSDT,moon_near_new,fwd_ret_terc,0.000773390736102,0.0008925111601129,0.0005050377302771,-0.0001191204240108,-0.2358644055079233,0.5338645418326693,3222,2,False,False
BCHUSDT,sun_element,fwd_absret_terc,0.0046666964696257,0.0049601270030384,0.001274683540752,-0.0002934305334126,-0.2301987309254513,0.5338645418326693,2389,4,False,False
LTCUSDT,moon_perigee_q4,fwd_absret_terc,0.003210949230685,0.0032835672908633,0.0008326536027375,-7.261806017828856e-05,-0.0872128096720451,0.5338645418326693,3104,4,False,False
XRPUSDT,sun_element,fwd_absret_terc,0.0035544614706136,0.0037738287284295,0.0009635151150896,-0.0002193672578159,-0.2276739143791533,0.5338645418326693,2962,4,False,False
XRPUSDT,moon_sign,fwd_absret_terc,0.0124312860453114,0.0125786958276735,0.0015829626438483,-0.000147409782362,-0.0931227170362769,0.5338645418326693,2962,12,False,False
AVAXUSDT,moon_decl_sign,fwd_absret_terc,0.001525609980828,0.001826461890737,0.0008881279953655,-0.000300851909909,-0.3387483690176503,0.5338645418326693,2090,2,False,False
ETHUSDT,sun_modality,fwd_absret_terc,0.0012430965984202,0.0013400447726669,0.0005051212741207,-9.694817424663396e-05,-0.1919304911783514,0.5378486055776892,3222,3,False,False
AVAXUSDT,pluto_out_of_bounds,fwd_absret_terc,0.0020176299801339,0.0029572503590279,0.002401753220038,-0.000939620378894,-0.3912226997572737,0.5378486055776892,2090,2,False,False
AAVEUSDT,moon_near_full,fwd_ret_terc,0.0014479462080737,0.0016416153758012,0.000930968720306,-0.0001936691677274,-0.2080297259222759,0.5378486055776892,2067,2,False,False
ETHUSDT,jupiter_saturn_aspect,fwd_ret_terc,0.0016152212517753,0.0020285006027333,0.0014339985152542,-0.000413279350958,-0.2882006826100121,0.5418326693227091,3222,2,False,False
SOLUSDT,moon_out_of_bounds,fwd_absret_terc,0.0021629750615109,0.0026325842237965,0.001551649911977,-0.0004696091622856,-0.3026514928791364,0.5418326693227091,2132,2,False,False
UNIUSDT,mars_retrograde,fwd_absret_terc,0.0020836606604578,0.0022861591567354,0.0012514825267221,-0.0002024984962776,-0.1618068905908262,0.5418326693227091,2095,2,False,False
DOTUSDT,lunar_4phase,fwd_ret_terc,0.0050989088315953,0.0052548906369783,0.001038513912044,-0.000155981805383,-0.1501971264651057,0.5418326693227091,2125,4,False,False
UNIUSDT,moon_sign,fwd_absret_terc,0.016550714593203,0.0167146185315573,0.002266813568851,-0.0001639039383542,-0.0723058749102876,0.5418326693227091,2095,12,False,False
XRPUSDT,mercury_sign,fwd_ret_terc,0.0117192753786038,0.0121258674227385,0.001865656818019,-0.0004065920441346,-0.2179350672683832,0.545816733067729,2962,12,False,False
LINKUSDT,pluto_out_of_bounds,fwd_absret_terc,0.0013096891011456,0.0020146644047108,0.0017054015601775,-0.0007049753035652,-0.4133778929414418,0.545816733067729,2705,2,False,False
NEARUSDT,pluto_retrograde,fwd_ret_terc,0.0018860820144393,0.0023767489277714,0.0015311892379332,-0.000490666913332,-0.3204482510563793,0.545816733067729,2068,2,False,False
AVAXUSDT,mars_out_of_bounds,fwd_ret_terc,0.0018915980762076,0.002284007983177,0.0012977123993627,-0.0003924099069693,-0.3023858808485277,0.545816733067729,2090,2,False,False
FILUSDT,harmonic_4_count_q5,fwd_absret_terc,0.0062647832538655,0.006591096740484,0.0017629624219265,-0.0003263134866184,-0.1850938412299396,0.545816733067729,2067,5,False,False
ADAUSDT,harmonic_4_count_q5,fwd_absret_terc,0.003980916156383,0.0043365011383227,0.0012788580082083,-0.0003555849819397,-0.2780488370541344,0.545816733067729,2979,5,False,False
SOLUSDT,moon_decl_q4,fwd_ret_terc,0.0032147160215252,0.003465221172973,0.000885792254738,-0.0002505051514477,-0.2828035017328933,0.549800796812749,2132,4,False,False
ATOMUSDT,sun_sign,fwd_absret_terc,0.0147941094038564,0.015012911615983,0.0017167700197362,-0.0002188022121265,-0.1274499260886021,0.549800796812749,2602,12,False,False
DOTUSDT,moon_near_new,fwd_absret_terc,0.0012335274412676,0.0014538992901918,0.0008798677809047,-0.0002203718489242,-0.2504601869813316,0.549800796812749,2125,2,False,False
LTCUSDT,sun_sign,fwd_absret_terc,0.0162931590613183,0.0167301691090138,0.0023997232785737,-0.0004370100476954,-0.1821085170933604,0.5537848605577689,3104,12,False,False
AVAXUSDT,harmonic_3_count_q5,fwd_absret_terc,0.0069922954982622,0.0077077536743932,0.0026105154037842,-0.0007154581761309,-0.2740677856540559,0.5537848605577689,2090,5,False,False
DOTUSDT,hard_aspect_count_q5,fwd_absret_terc,0.0063692417604299,0.006752864811905,0.0018657699807202,-0.000383623051475,-0.2056111178972695,0.5537848605577689,2125,5,False,False
BCHUSDT,aspect_trine_count_q5,fwd_ret_terc,0.0055383779192911,0.0058886769004325,0.0016165769943354,-0.0003502989811413,-0.2166918014847625,0.5577689243027888,2389,5,False,False
DOGEUSDT,aspect_square_count_q5,fwd_absret_terc,0.0058341166232953,0.0061263385794415,0.0017107520506092,-0.0002922219561462,-0.1708149091752851,0.5577689243027888,2535,5,False,False
LINKUSDT,neptune_retrograde,fwd_ret_terc,0.0008202451331555,0.001145849790404,0.0007307291404754,-0.0003256046572484,-0.4455887129895683,0.5577689243027888,2705,2,False,False
BNBUSDT,saturn_retrograde,fwd_absret_terc,0.0016917748021281,0.0022245148166292,0.0014078476143448,-0.0005327400145011,-0.3784074420221018,0.5577689243027888,3141,2,False,False
AVAXUSDT,saturn_retrograde,fwd_ret_terc,0.0016235432629505,0.0021047979571321,0.0013979851777313,-0.0004812546941815,-0.3442487816376899,0.5617529880478087,2090,2,False,False
ADAUSDT,moon_near_new,fwd_absret_terc,0.000797953607314,0.0009697228917858,0.0005250321407058,-0.0001717692844718,-0.3271595606335809,0.5617529880478087,2979,2,False,False
BTCUSDT,mercury_retrograde,fwd_ret_terc,0.0009300555535911,0.0010445285842371,0.0005359322194495,-0.0001144730306459,-0.2135960975876606,0.5617529880478087,3222,2,False,False
DOGEUSDT,pluto_out_of_bounds,fwd_ret_terc,0.001705772511098,0.0020274436114033,0.0012070462048646,-0.0003216711003053,-0.2664944382484415,0.5617529880478087,2535,2,False,False
LINKUSDT,mercury_sign,fwd_ret_terc,0.0137324825455578,0.014006019096126,0.0021622328290458,-0.0002735365505681,-0.126506519970309,0.5617529880478087,2705,12,False,False
LINKUSDT,moon_sign,fwd_ret_terc,0.0122465368193844,0.0125612288261232,0.001528048136002,-0.0003146920067388,-0.2059437784219072,0.5657370517928287,2705,12,False,False
BCHUSDT,jupiter_saturn_aspect,fwd_absret_terc,0.0011861531070319,0.0016450437846981,0.001273920889756,-0.0004588906776661,-0.3602191324094589,0.5657370517928287,2389,2,False,False
DOGEUSDT,pluto_retrograde,fwd_absret_terc,0.0022799441389356,0.0031010166004462,0.0018882897467753,-0.0008210724615106,-0.4348233436699935,0.5657370517928287,2535,2,False,False
LINKUSDT,eclipse_window,fwd_ret_terc,0.0009068106660428,0.0011781390669393,0.0006814258188681,-0.0002713284008965,-0.3981774587691315,0.5657370517928287,2705,2,False,False
ADAUSDT,moon_near_full,fwd_absret_terc,0.0008355765513243,0.0009881968717074,0.0004994307874369,-0.0001526203203831,-0.3055885304275336,0.5657370517928287,2979,2,False,False
SOLUSDT,n_retrograde,fwd_absret_terc,0.0099370275661299,0.0107996270540799,0.0031473107359248,-0.0008625994879499,-0.2740750946844354,0.5657370517928287,2132,7,False,False
BTCUSDT,moon_sign,fwd_ret_terc,0.009620175551266,0.0099600064975236,0.0013374294194634,-0.0003398309462576,-0.2540926207485008,0.5697211155378487,3222,12,False,False
FILUSDT,lunar_8phase,fwd_absret_terc,0.0090546557573102,0.0093587019711057,0.0011597775579649,-0.0003040462137954,-0.2621590767189583,0.5697211155378487,2067,8,False,False
LTCUSDT,venus_sign,fwd_ret_terc,0.0115317053848083,0.0119959359020931,0.0017266247386567,-0.0004642305172848,-0.2688659017164273,0.5697211155378487,3104,12,False,False
BNBUSDT,mercury_sign,fwd_absret_terc,0.0169373296321235,0.017687900093472,0.0036598616877146,-0.0007505704613484,-0.2050816466283212,0.5697211155378487,3141,12,False,False
BTCUSDT,moon_near_new,fwd_absret_terc,0.0006026796456201,0.0007336815417767,0.0004378192193889,-0.0001310018961566,-0.2992145852790542,0.5697211155378487,3222,2,False,False
SOLUSDT,moon_perigee_q4,fwd_absret_terc,0.0043443964652425,0.0046508812728065,0.0014868747555295,-0.000306484807564,-0.2061268485622525,0.5697211155378487,2132,4,False,False
XRPUSDT,moon_void_of_course,fwd_absret_terc,0.0007964819985708,0.0010625382253647,0.0006296819020908,-0.0002660562267939,-0.4225248111951778,0.5737051792828686,2962,2,False,False
XRPUSDT,mercury_sign,fwd_absret_terc,0.0125369312953525,0.0131912254838245,0.0024968879949616,-0.000654294188472,-0.262043868123962,0.5737051792828686,2962,12,False,False
LINKUSDT,pluto_out_of_bounds,fwd_ret_terc,0.0010120850257769,0.0013894779744546,0.0009193891501173,-0.0003773929486777,-0.4104822736156865,0.5737051792828686,2705,2,False,False
DOTUSDT,pluto_out_of_bounds,fwd_absret_terc,0.002311440206806,0.0031225934795227,0.0023402709231108,-0.0008111532727166,-0.3466065679431769,0.5737051792828686,2125,2,False,False
BNBUSDT,moon_decl_sign,fwd_ret_terc,0.0006601919857784,0.0008751234406457,0.0005384143167624,-0.0002149314548673,-0.3991934244240496,0.5737051792828686,3141,2,False,False
BTCUSDT,mercury_retrograde,fwd_absret_terc,0.0008637836378539,0.0010527445659345,0.0004885174020478,-0.0001889609280805,-0.3868049066183539,0.5737051792828686,3222,2,False,False
FILUSDT,pluto_out_of_bounds,fwd_ret_terc,0.0012471739585565,0.0017652885886988,0.0014486237511301,-0.0005181146301423,-0.3576599028823922,0.5737051792828686,2067,2,False,False
SOLUSDT,mars_out_of_bounds,fwd_ret_terc,0.0013170112972191,0.0016275756860639,0.0009524447910938,-0.0003105643888448,-0.3260707515531147,0.5737051792828686,2132,2,False,False
LTCUSDT,moon_decl_sign,fwd_ret_terc,0.000813554534029,0.0009543873278116,0.0005330400022001,-0.0001408327937826,-0.2642068009930622,0.5737051792828686,3104,2,False,False
LTCUSDT,soft_aspect_count_q5,fwd_ret_terc,0.0039050677107497,0.0043290313188343,0.0012232154202657,-0.0004239636080846,-0.3465976646963024,0.5776892430278885,3104,5,False,False
ADAUSDT,venus_retrograde,fwd_absret_terc,0.0009232131468363,0.0011571329164118,0.0006816856856686,-0.0002339197695755,-0.3431490120642465,0.5776892430278885,2979,2,False,False
UNIUSDT,eclipse_window,fwd_absret_terc,0.0012247503090492,0.0016248122808451,0.0009237593524718,-0.0004000619717958,-0.433080293829074,0.5776892430278885,2095,2,False,False
LTCUSDT,mercury_sign,fwd_absret_terc,0.0157192556783421,0.0167811145455425,0.0031333671783026,-0.0010618588672003,-0.3388874673077995,0.5816733067729084,3104,12,False,False
LINKUSDT,moon_void_of_course,fwd_absret_terc,0.000929750055897,0.0011362595023533,0.000621748513581,-0.0002065094464562,-0.3321430481061386,0.5816733067729084,2705,2,False,False
AVAXUSDT,lunar_4phase,fwd_ret_terc,0.0039579216895716,0.004122506689021,0.0007753748000174,-0.0001645849994493,-0.2122650870852027,0.5816733067729084,2090,4,False,False
ATOMUSDT,eclipse_window,fwd_ret_terc,0.0008948498434198,0.001081691687454,0.0005895965707659,-0.0001868418440341,-0.3168977794280815,0.5816733067729084,2602,2,False,False
ETHUSDT,mars_retrograde,fwd_absret_terc,0.0013115049174753,0.0018213519259231,0.001112626622633,-0.0005098470084477,-0.4582372900993716,0.5816733067729084,3222,2,False,False
ETHUSDT,sun_element,fwd_absret_terc,0.0037621467336054,0.0042552270267245,0.0011870780852292,-0.0004930802931191,-0.4153730906622413,0.5816733067729084,3222,4,False,False
UNIUSDT,venus_retrograde,fwd_ret_terc,0.0011320612568978,0.0014806974435824,0.0008921852748477,-0.0003486361866846,-0.3907665778771177,0.5816733067729084,2095,2,False,False
AVAXUSDT,hard_aspect_count_q5,fwd_absret_terc,0.0057970942511854,0.0065903352955273,0.0019968540448797,-0.0007932410443419,-0.3972453802399555,0.5816733067729084,2090,5,False,False
UNIUSDT,mercury_retrograde,fwd_absret_terc,0.001458811630983,0.001737496863203,0.0008200150336402,-0.00027868523222,-0.3398538085123889,0.5816733067729084,2095,2,False,False
ATOMUSDT,moon_decl_sign,fwd_absret_terc,0.0012354757108599,0.0014581919948683,0.0007321037659734,-0.0002227162840084,-0.3042140941759418,0.5856573705179283,2602,2,False,False
LINKUSDT,lunar_8phase,fwd_ret_terc,0.0070895745646593,0.0073574235646383,0.0012041685281635,-0.000267848999979,-0.222434811834465,0.5856573705179283,2705,8,False,False
AVAXUSDT,n_retrograde,fwd_absret_terc,0.011067830192866,0.0118849385497757,0.0032992471950807,-0.0008171083569097,-0.2476650910329089,0.5856573705179283,2090,7,False,False
BTCUSDT,eclipse_window,fwd_absret_terc,0.0007061573533284,0.0009029947710744,0.000510062373706,-0.0001968374177459,-0.3859085239238125,0.5856573705179283,3222,2,False,False
ETHUSDT,hard_aspect_count_q5,fwd_ret_terc,0.0037916235027995,0.0041788989621959,0.001213876528416,-0.0003872754593963,-0.3190402403626086,0.5856573705179283,3222,5,False,False
XRPUSDT,sun_element,fwd_ret_terc,0.0028246249756241,0.0030689015132429,0.0008148629821528,-0.0002442765376187,-0.2997762114230986,0.5856573705179283,2962,4,False,False
DOTUSDT,jupiter_retrograde,fwd_absret_terc,0.0012159382926534,0.0017162104518885,0.0010580781815064,-0.0005002721592351,-0.472812092697032,0.5896414342629482,2125,2,False,False
AAVEUSDT,sun_modality,fwd_ret_terc,0.0019704629172131,0.0022267305410677,0.0008278659354652,-0.0002562676238545,-0.3095520818965961,0.5896414342629482,2067,3,False,False
BCHUSDT,mercury_retrograde,fwd_ret_terc,0.0011188993060727,0.0013651851073929,0.0007573731062257,-0.0002462858013201,-0.3251842444571597,0.5896414342629482,2389,2,False,False
DOTUSDT,jupiter_retrograde,fwd_ret_terc,0.0011054286983361,0.0014927772919998,0.0009118652865164,-0.0003873485936637,-0.4247870813719637,0.5896414342629482,2125,2,False,False
XRPUSDT,mars_retrograde,fwd_ret_terc,0.0008423288403661,0.00110080829304,0.000636094343706,-0.0002584794526738,-0.4063539555593762,0.5896414342629482,2962,2,False,False
ADAUSDT,uranus_retrograde,fwd_ret_terc,0.0010393427773257,0.0012006374956869,0.0005482574797899,-0.0001612947183611,-0.2941951989838853,0.5896414342629482,2979,2,False,False
BCHUSDT,mercury_out_of_bounds,fwd_absret_terc,0.0010506892448347,0.0013268923246368,0.0007429638669007,-0.0002762030798021,-0.3717584287838054,0.5896414342629482,2389,2,False,False
ADAUSDT,moon_decl_q4,fwd_ret_terc,0.0032870593844227,0.0034464293437623,0.0007512160754099,-0.0001593699593396,-0.2121492930681555,0.5936254980079682,2979,4,False,False
DOGEUSDT,venus_retrograde,fwd_absret_terc,0.001093629514123,0.0017105948758206,0.001209273031659,-0.0006169653616975,-0.5101952541281003,0.5936254980079682,2535,2,False,False
ETHUSDT,moon_decl_sign,fwd_absret_terc,0.0012063746660627,0.0014591100019636,0.000529300166822,-0.0002527353359009,-0.4774896207162369,0.5936254980079682,3222,2,False,False
SOLUSDT,moon_decl_q4,fwd_absret_terc,0.0042986793434562,0.0048960256517359,0.0016089166099147,-0.0005973463082796,-0.3712723857772398,0.5936254980079682,2132,4,False,False
AAVEUSDT,moon_void_of_course,fwd_ret_terc,0.0012387362690464,0.0015478369992325,0.0008564266221236,-0.0003091007301861,-0.3609191052698035,0.5976095617529881,2067,2,False,False
UNIUSDT,moon_void_of_course,fwd_ret_terc,0.0010826859118749,0.0015177862481541,0.0009192946177676,-0.0004351003362791,-0.4732980351127086,0.5976095617529881,2095,2,False,False
XRPUSDT,harmonic_3_count_q5,fwd_ret_terc,0.0041276195995095,0.0044793486328843,0.0012088333666883,-0.0003517290333748,-0.2909656889587894,0.5976095617529881,2962,5,False,False
NEARUSDT,mercury_retrograde,fwd_ret_terc,0.0008717462945669,0.0012396086892507,0.0008286517161678,-0.0003678623946838,-0.4439288394707265,0.5976095617529881,2068,2,False,False
BCHUSDT,lunar_8phase,fwd_ret_terc,0.0088826034726316,0.0092165121723377,0.0012608570639062,-0.000333908699706,-0.2648267668593714,0.5976095617529881,2389,8,False,False
ADAUSDT,harmonic_3_count_q5,fwd_ret_terc,0.0042878382334576,0.0047237679204935,0.0014566755014945,-0.0004359296870359,-0.2992634163124451,0.601593625498008,2979,5,False,False
BCHUSDT,mercury_retrograde,fwd_absret_terc,0.0012076721417236,0.0015387289791855,0.0008539178783675,-0.0003310568374619,-0.3876916572993896,0.601593625498008,2389,2,False,False
BTCUSDT,aspect_square_count_q5,fwd_ret_terc,0.0037352017842963,0.0040967928651078,0.0011895903616788,-0.0003615910808114,-0.3039626853576599,0.601593625498008,3222,5,False,False
NEARUSDT,lunar_8phase,fwd_ret_terc,0.0069213802836074,0.0072477379324684,0.0014383200917436,-0.000326357648861,-0.2269019606514458,0.601593625498008,2068,8,False,False
FILUSDT,mars_sign,fwd_ret_terc,0.0172479818370089,0.018284520903915,0.0027443244576471,-0.0010365390669061,-0.377702812806206,0.601593625498008,2067,12,False,False
ETHUSDT,mars_saturn_hard_aspect,fwd_ret_terc,0.0008625780018626,0.00108700685036,0.000663244935684,-0.0002244288484973,-0.3383800409510917,0.601593625498008,3222,2,False,False
ADAUSDT,mars_retrograde,fwd_ret_terc,0.0008823315917908,0.0012135713994899,0.0006847448824406,-0.0003312398076991,-0.4837419251947923,0.601593625498008,2979,2,False,False
XRPUSDT,sun_modality,fwd_absret_terc,0.0025087761061585,0.0029058511059273,0.0010315823565032,-0.0003970749997688,-0.3849183705650154,0.601593625498008,2962,3,False,False
BNBUSDT,sun_sign,fwd_absret_terc,0.0134004466881885,0.0146149978702195,0.0038296853034512,-0.0012145511820309,-0.3171412494223374,0.601593625498008,3141,12,False,False
LINKUSDT,venus_out_of_bounds,fwd_absret_terc,0.0011497567140215,0.001500752726754,0.0008614213150564,-0.0003509960127324,-0.4074614902110419,0.601593625498008,2705,2,False,False
BNBUSDT,saturn_retrograde,fwd_ret_terc,0.0011260075389085,0.0015090115091781,0.0010938450845293,-0.0003830039702696,-0.350144618910499,0.6055776892430279,3141,2,False,False
UNIUSDT,sun_modality,fwd_ret_terc,0.0022762637675174,0.0026493808639847,0.0009133071574897,-0.0003731170964673,-0.4085340768519188,0.6055776892430279,2095,3,False,False
DOTUSDT,n_retrograde,fwd_absret_terc,0.0105889189704794,0.0118874067728341,0.0029897644844815,-0.0012984878023547,-0.4343110666724982,0.6095617529880478,2125,7,False,False
XRPUSDT,venus_retrograde,fwd_ret_terc,0.0008084374304795,0.0011079463764216,0.0006736854363342,-0.000299508945942,-0.4445827826883533,0.6095617529880478,2962,2,False,False
UNIUSDT,saturn_retrograde,fwd_ret_terc,0.0010524851252014,0.0014783834304046,0.0009582064310011,-0.0004258983052032,-0.4444744800535914,0.6095617529880478,2095,2,False,False
ETHUSDT,uranus_retrograde,fwd_ret_terc,0.0010836515429608,0.0012887004897743,0.0005437706203263,-0.0002050489468134,-0.377087211314228,0.6095617529880478,3222,2,False,False
BTCUSDT,moon_perigee_q4,fwd_absret_terc,0.002843364861781,0.00310723231562,0.0007664040774565,-0.0002638674538389,-0.3442928627345917,0.6135458167330677,3222,4,False,False
AVAXUSDT,moon_void_of_course,fwd_ret_terc,0.0011945354006562,0.0015589195607495,0.0008835879938326,-0.0003643841600933,-0.4123914795546127,0.6135458167330677,2090,2,False,False
DOTUSDT,saturn_retrograde,fwd_ret_terc,0.0014406269674523,0.0020066856090342,0.0011023151376408,-0.0005660586415818,-0.5135179788906236,0.6135458167330677,2125,2,False,False
FILUSDT,mars_retrograde,fwd_absret_terc,0.001257683777797,0.0016381553258492,0.0009276014300987,-0.0003804715480522,-0.4101670563527707,0.6135458167330677,2067,2,False,False
BCHUSDT,sun_modality,fwd_absret_terc,0.0013380110712166,0.0014839361984311,0.0004510887342991,-0.0001459251272145,-0.3234953926332088,0.6135458167330677,2389,3,False,False
SOLUSDT,harmonic_3_count_q5,fwd_ret_terc,0.0061392631131033,0.006655582973848,0.0019123770074386,-0.0005163198607447,-0.269988531935082,0.6135458167330677,2132,5,False,False
BNBUSDT,sun_sign,fwd_ret_terc,0.0125575277786079,0.0133443704700023,0.0023009177874089,-0.0007868426913943,-0.3419690593467087,0.6135458167330677,3141,12,False,False
NEARUSDT,venus_out_of_bounds,fwd_absret_terc,0.0016205931327284,0.0021073230146311,0.0011971274492875,-0.0004867298819027,-0.4065815065825882,0.6175298804780877,2068,2,False,False
AVAXUSDT,neptune_retrograde,fwd_ret_terc,0.0018465489050107,0.002666742230611,0.0016424962883424,-0.0008201933256002,-0.4993577954614608,0.6175298804780877,2090,2,False,False
LINKUSDT,aspect_opposition_count_q5,fwd_ret_terc,0.0047083216395314,0.0052955532162463,0.0017534832993765,-0.0005872315767148,-0.334894308331085,0.6175298804780877,2705,5,False,False
AVAXUSDT,mars_saturn_hard_aspect,fwd_ret_terc,0.0011657226418032,0.0014654922226602,0.0008024635414856,-0.0002997695808569,-0.3735616203846486,0.6175298804780877,2090,2,False,False
UNIUSDT,harmonic_4_count_q5,fwd_ret_terc,0.0057565391374305,0.0063601029778207,0.0017988823609529,-0.0006035638403902,-0.3355215735566447,0.6175298804780877,2095,5,False,False
FILUSDT,pluto_retrograde,fwd_absret_terc,0.0021205410350168,0.0031635401625744,0.0021010373127153,-0.0010429991275576,-0.4964210398575406,0.6175298804780877,2067,2,False,False
SOLUSDT,sun_sign,fwd_absret_terc,0.0164484230381868,0.0175581258483573,0.0025142675283206,-0.0011097028101705,-0.4413622646241205,0.6175298804780877,2132,12,False,False
ETHUSDT,mercury_out_of_bounds,fwd_absret_terc,0.0006964107637007,0.0009299976096882,0.000524161946488,-0.0002335868459875,-0.4456386953547107,0.6175298804780877,3222,2,False,False
ADAUSDT,eclipse_window,fwd_ret_terc,0.0008340726946508,0.0010365603284957,0.000565130201855,-0.0002024876338448,-0.3583026233250106,0.6215139442231076,2979,2,False,False
FILUSDT,venus_sign,fwd_ret_terc,0.0178426039941395,0.0190004136360203,0.0031089704383425,-0.0011578096418808,-0.3724093441358294,0.6215139442231076,2067,12,False,False
BCHUSDT,uranus_retrograde,fwd_ret_terc,0.0010802552541421,0.0014619503371712,0.0008454319541219,-0.000381695083029,-0.4514793664564331,0.6215139442231076,2389,2,False,False
LINKUSDT,moon_decl_sign,fwd_ret_terc,0.0011517684589555,0.0013434537550627,0.0005853991838437,-0.0001916852961071,-0.327443736509071,0.6215139442231076,2705,2,False,False
ATOMUSDT,venus_out_of_bounds,fwd_ret_terc,0.0008383611061983,0.0011999566666607,0.0007040518755957,-0.0003615955604623,-0.5135922124437281,0.6215139442231076,2602,2,False,False
DOGEUSDT,moon_decl_q4,fwd_absret_terc,0.0039888989445764,0.0043437884236772,0.0010634732345925,-0.0003548894791008,-0.3337079557407335,0.6215139442231076,2535,4,False,False
FILUSDT,saturn_retrograde,fwd_absret_terc,0.001676582738097,0.002224850232111,0.001249818566735,-0.0005482674940139,-0.4386776677884275,0.6254980079681275,2067,2,False,False
ETHUSDT,mars_sign,fwd_absret_terc,0.0140107424245529,0.0160660888406588,0.0037011352528195,-0.0020553464161059,-0.5553286426212601,0.6254980079681275,3222,12,False,False
AAVEUSDT,moon_decl_q4,fwd_absret_terc,0.0036242684886975,0.004257425893663,0.0013785399164293,-0.0006331574049655,-0.4592956630559287,0.6254980079681275,2067,4,False,False
DOTUSDT,moon_out_of_bounds,fwd_absret_terc,0.001669752081,0.0021495378108234,0.0010342020246282,-0.0004797857298234,-0.463918768671811,0.6254980079681275,2125,2,False,False
ETHUSDT,neptune_retrograde,fwd_ret_terc,0.0010320240457586,0.0012950176724427,0.0005393644553672,-0.000262993626684,-0.4875991068136674,0.6294820717131474,3222,2,False,False
ETHUSDT,mars_out_of_bounds,fwd_ret_terc,0.0007501555234833,0.0014191248649525,0.001346828309153,-0.0006689693414691,-0.4966997923364058,0.6294820717131474,3222,2,False,False
BTCUSDT,jupiter_saturn_aspect,fwd_absret_terc,0.0014226142246439,0.0022856345358697,0.0017868673970998,-0.0008630203112257,-0.4829794939604587,0.6294820717131474,3222,2,False,False
FILUSDT,hard_aspect_count_q5,fwd_absret_terc,0.0057673303030922,0.0065023218426125,0.0017846266434225,-0.0007349915395203,-0.4118461092291771,0.6334661354581673,2067,5,False,False
FILUSDT,moon_decl_q4,fwd_absret_terc,0.0043499390707612,0.0050972211485338,0.0015589903005224,-0.0007472820777725,-0.4793372207140591,0.6334661354581673,2067,4,False,False
LINKUSDT,pluto_retrograde,fwd_absret_terc,0.0009340071037175,0.0015321320555479,0.0010095700965442,-0.0005981249518303,-0.5924550993316235,0.6334661354581673,2705,2,False,False
DOTUSDT,venus_sign,fwd_absret_terc,0.0198687854593761,0.021159528980993,0.0032711735306938,-0.0012907435216168,-0.394581183023646,0.6334661354581673,2125,12,False,False
AAVEUSDT,saturn_retrograde,fwd_ret_terc,0.0013888176611094,0.0019738414869183,0.0011937953783527,-0.0005850238258089,-0.490053686265903,0.6374501992031872,2067,2,False,False
DOTUSDT,moon_decl_q4,fwd_absret_terc,0.0038863296073306,0.0046085147995848,0.0015274193167851,-0.0007221851922542,-0.4728139708055183,0.6374501992031872,2125,4,False,False
BCHUSDT,lunar_4phase,fwd_ret_terc,0.003902112933815,0.0042431253609721,0.0008202648229996,-0.000341012427157,-0.4157345501053916,0.6374501992031872,2389,4,False,False
XRPUSDT,moon_near_new,fwd_absret_terc,0.0008169746951889,0.0011727448650393,0.0007405483844523,-0.0003557701698504,-0.4804144838064955,0.6414342629482072,2962,2,False,False
ETHUSDT,mercury_out_of_bounds,fwd_ret_terc,0.0007374250236582,0.0009643382030568,0.0004555345296607,-0.0002269131793985,-0.4981250917852062,0.6414342629482072,3222,2,False,False
BCHUSDT,moon_perigee_q4,fwd_ret_terc,0.0035128106924684,0.0038792694788083,0.0009456765904168,-0.0003664587863399,-0.3875096307273895,0.6414342629482072,2389,4,False,False
AVAXUSDT,venus_out_of_bounds,fwd_absret_terc,0.0013371716644264,0.0021272806457975,0.0013819479084442,-0.000790108981371,-0.5717357192287787,0.6414342629482072,2090,2,False,False
NEARUSDT,moon_void_of_course,fwd_ret_terc,0.0010799241347125,0.0014527462360376,0.0008344300640949,-0.000372822101325,-0.4467985003984981,0.6414342629482072,2068,2,False,False
LINKUSDT,moon_perigee_q4,fwd_ret_terc,0.0029979780445337,0.003453350273874,0.00113480577989,-0.0004553722293402,-0.4012776788856318,0.6414342629482072,2705,4,False,False
AVAXUSDT,jupiter_saturn_aspect,fwd_ret_terc,0.0014306093017212,0.0021728871462535,0.0015269717504937,-0.0007422778445322,-0.486111052344109,0.6414342629482072,2090,2,False,False
LTCUSDT,jupiter_saturn_aspect,fwd_ret_terc,0.0008495312325906,0.001326398468629,0.0008356692003909,-0.0004768672360383,-0.5706411530008608,0.6454183266932271,3104,2,False,False
BNBUSDT,jupiter_retrograde,fwd_ret_terc,0.0011517328518021,0.0014866831919159,0.0006893991992968,-0.0003349503401137,-0.485858324836193,0.6454183266932271,3141,2,False,False
LINKUSDT,moon_near_full,fwd_absret_terc,0.0007929646687034,0.0010715714260937,0.0005824028368035,-0.0002786067573902,-0.4783746571691833,0.6454183266932271,2705,2,False,False
BTCUSDT,sun_element,fwd_ret_terc,0.0022932651678759,0.0026386388779998,0.0006657731836259,-0.0003453737101238,-0.5187558144695527,0.649402390438247,3222,4,False,False
SOLUSDT,lunar_8phase,fwd_absret_terc,0.0088511144149698,0.0095440249900651,0.0017661514127389,-0.0006929105750953,-0.3923279567637615,0.649402390438247,2132,8,False,False
XRPUSDT,n_retrograde,fwd_ret_terc,0.0062215968376227,0.0069832572735574,0.0016431723341295,-0.0007616604359347,-0.4635304648907888,0.649402390438247,2962,7,False,False
NEARUSDT,jupiter_saturn_aspect,fwd_ret_terc,0.001504877012666,0.0025743943965134,0.0020475207594288,-0.0010695173838474,-0.5223475165867327,0.649402390438247,2068,2,False,False
BNBUSDT,eclipse_window,fwd_absret_terc,0.0005807944833597,0.0008362032836117,0.0004625611233631,-0.0002554088002519,-0.5521622707827091,0.649402390438247,3141,2,False,False
DOGEUSDT,aspect_trine_count_q5,fwd_ret_terc,0.0048893816834768,0.005895213646825,0.0018566842107779,-0.0010058319633481,-0.5417356153024799,0.6533864541832669,2535,5,False,False
BNBUSDT,harmonic_3_count_q5,fwd_ret_terc,0.004458465537218,0.0050999372813547,0.0014065065202161,-0.0006414717441366,-0.4560744901759344,0.6533864541832669,3141,5,False,False
BCHUSDT,jupiter_sign,fwd_absret_terc,0.0166084445541084,0.0179577071665779,0.0028285341254568,-0.0013492626124694,-0.4770183256147113,0.6533864541832669,2389,8,False,False
XRPUSDT,mercury_retrograde,fwd_ret_terc,0.0006352094469796,0.0009322567864741,0.0005223603290699,-0.0002970473394945,-0.5686636656031421,0.6533864541832669,2962,2,False,False
DOTUSDT,aspect_square_count_q5,fwd_ret_terc,0.0056272750662705,0.0063447561425803,0.001733167731442,-0.0007174810763097,-0.4139709407772078,0.6533864541832669,2125,5,False,False
BTCUSDT,aspect_opposition_count_q5,fwd_ret_terc,0.0042660085702952,0.0049299219990898,0.0014632106752873,-0.0006639134287946,-0.4537374145826956,0.6573705179282868,3222,5,False,False
AAVEUSDT,jupiter_retrograde,fwd_absret_terc,0.0013568703822317,0.002031567058218,0.0013922600249951,-0.0006746966759863,-0.484605363849792,0.6573705179282868,2067,2,False,False
DOGEUSDT,jupiter_retrograde,fwd_ret_terc,0.0010108208914718,0.0014065360980919,0.0007645534273716,-0.0003957152066201,-0.5175769180454267,0.6573705179282868,2535,2,False,False
ATOMUSDT,moon_void_of_course,fwd_ret_terc,0.0007952432156908,0.0011437122764727,0.0006570659104167,-0.0003484690607818,-0.5303411046858841,0.6613545816733067,2602,2,False,False
BCHUSDT,sun_sign,fwd_absret_terc,0.0144145670124846,0.0157251359704861,0.0028061710095805,-0.0013105689580015,-0.4670310374981227,0.6613545816733067,2389,12,False,False
BCHUSDT,pluto_out_of_bounds,fwd_absret_terc,0.0011741732416898,0.001921435124274,0.0013430341989095,-0.0007472618825841,-0.5563982534405439,0.6653386454183267,2389,2,False,False
BTCUSDT,sun_sign,fwd_absret_terc,0.013664444778153,0.0144415937720705,0.0014525249393033,-0.0007771489939174,-0.5350331501297259,0.6653386454183267,3222,12,False,False
UNIUSDT,pluto_out_of_bounds,fwd_absret_terc,0.0017425220964108,0.0031980759528246,0.0025074968231199,-0.0014555538564137,-0.5804808376995978,0.6653386454183267,2095,2,False,False
AAVEUSDT,uranus_retrograde,fwd_absret_terc,0.0015187613220284,0.0022714755608587,0.0015246317152852,-0.0007527142388302,-0.4937023356420685,0.6653386454183267,2067,2,False,False
BTCUSDT,harmonic_4_count_q5,fwd_ret_terc,0.0035514479669966,0.0040938135283219,0.0011797143231862,-0.0005423655613253,-0.4597431349824495,0.6653386454183267,3222,5,False,False
DOGEUSDT,moon_sign,fwd_ret_terc,0.0122827624478748,0.0130149915252799,0.0016834911154674,-0.0007322290774051,-0.4349468023190943,0.6653386454183267,2535,12,False,False
FILUSDT,mars_sign,fwd_absret_terc,0.0199458217020404,0.0218000077580653,0.0037165399903957,-0.0018541860560249,-0.4989011448327082,0.6693227091633466,2067,12,False,False
FILUSDT,venus_sign,fwd_absret_terc,0.0204170360188334,0.0221208435359915,0.003278819131115,-0.0017038075171581,-0.5196405928553577,0.6693227091633466,2067,12,False,False
BCHUSDT,saturn_sign,fwd_ret_terc,0.0062500940010624,0.007028314929749,0.001873353364276,-0.0007782209286865,-0.4154159826580941,0.6693227091633466,2389,4,False,False
SOLUSDT,sun_modality,fwd_absret_terc,0.0018478739626465,0.0024225582325871,0.0010870358125502,-0.0005746842699405,-0.528670963095807,0.6693227091633466,2132,3,False,False
LINKUSDT,harmonic_3_count_q5,fwd_absret_terc,0.0048625241422916,0.0059869675433106,0.0019974527745369,-0.001124443401019,-0.5629386663620506,0.6693227091633466,2705,5,False,False
BCHUSDT,mars_retrograde,fwd_absret_terc,0.0013136805924357,0.0018957873886045,0.0009807153217074,-0.0005821067961687,-0.5935532802274097,0.6693227091633466,2389,2,False,False
ATOMUSDT,hard_aspect_count_q5,fwd_ret_terc,0.004604172718784,0.0051879017924166,0.0014207881915915,-0.0005837290736326,-0.4108487648526893,0.6733067729083665,2602,5,False,False
SOLUSDT,hard_aspect_count_q5,fwd_ret_terc,0.0050015489179293,0.005968218180923,0.0018452646165596,-0.0009666692629936,-0.5238648453553081,0.6733067729083665,2132,5,False,False
DOGEUSDT,moon_perigee_q4,fwd_ret_terc,0.0032580766077933,0.0037112668087493,0.0009608385411442,-0.0004531902009559,-0.4716611392547204,0.6733067729083665,2535,4,False,False
LINKUSDT,harmonic_4_count_q5,fwd_absret_terc,0.0041431151022307,0.0049758512192916,0.0014723905325561,-0.0008327361170609,-0.56556742158293,0.6733067729083665,2705,5,False,False
ETHUSDT,mercury_sign,fwd_ret_terc,0.0116174095480386,0.0127276862973555,0.0020454702079004,-0.0011102767493169,-0.54279781002365,0.6772908366533864,3222,12,False,False
AAVEUSDT,moon_near_new,fwd_absret_terc,0.0011070813523495,0.0014986580407441,0.0007186510545038,-0.0003915766883946,-0.5448773586855453,0.6772908366533864,2067,2,False,False
UNIUSDT,venus_out_of_bounds,fwd_absret_terc,0.001304419688755,0.0017799149556327,0.0009054830997388,-0.0004754952668776,-0.5251288146789543,0.6772908366533864,2095,2,False,False
FILUSDT,sun_sign,fwd_ret_terc,0.0196441387575718,0.0202322954469166,0.0020067404877589,-0.0005881566893447,-0.2930905580131023,0.6772908366533864,2067,12,False,False
NEARUSDT,harmonic_4_count_q5,fwd_ret_terc,0.0054701092560728,0.0064104968227139,0.0019134557070365,-0.0009403875666411,-0.4914603265614735,0.6772908366533864,2068,5,False,False
BNBUSDT,mercury_out_of_bounds,fwd_absret_terc,0.0007632935288397,0.0011461174326972,0.0006570166079674,-0.0003828239038575,-0.5826700561525595,0.6772908366533864,3141,2,False,False
BCHUSDT,lunar_8phase,fwd_absret_terc,0.0090515388988318,0.0096051862413778,0.0011762873767849,-0.0005536473425459,-0.4706735390285653,0.6772908366533864,2389,8,False,False
ETHUSDT,moon_out_of_bounds,fwd_absret_terc,0.0009265207683412,0.0014133941846746,0.0007883115137769,-0.0004868734163333,-0.6176155083675898,0.6772908366533864,3222,2,False,False
XRPUSDT,moon_decl_sign,fwd_absret_terc,0.000831850435285,0.0010706175234243,0.0004614568500929,-0.0002387670881393,-0.5174201836883231,0.6772908366533864,2962,2,False,False
BTCUSDT,moon_out_of_bounds,fwd_ret_terc,0.0007421724952581,0.0010555962370507,0.000563327917193,-0.0003134237417926,-0.5563788554175484,0.6812749003984063,3222,2,False,False
AAVEUSDT,uranus_retrograde,fwd_ret_terc,0.0011738783536585,0.0018834067020292,0.0012008425722515,-0.0007095283483707,-0.5908587559819368,0.6812749003984063,2067,2,False,False
AAVEUSDT,moon_sign,fwd_absret_terc,0.0143521010157614,0.0152656145785098,0.0020815969127255,-0.0009135135627484,-0.4388522855523871,0.6812749003984063,2067,12,False,False
AVAXUSDT,sun_sign,fwd_ret_terc,0.0176232461770387,0.0191278622288682,0.0027917060723178,-0.0015046160518295,-0.5389593362815251,0.6812749003984063,2090,12,False,False
AAVEUSDT,neptune_retrograde,fwd_ret_terc,0.0014368746587788,0.0021448277069003,0.0011600384932243,-0.0007079530481214,-0.6102841002747653,0.6812749003984063,2067,2,False,False
DOTUSDT,lunar_4phase,fwd_absret_terc,0.00367384578419,0.0049080345986569,0.0016447332835816,-0.0012341888144668,-0.7503884227229753,0.6812749003984063,2125,4,False,False
AVAXUSDT,sun_sign,fwd_absret_terc,0.0193416229581798,0.020258451843829,0.0022459082905872,-0.0009168288856491,-0.4082218715215047,0.6852589641434262,2090,12,False,False
AVAXUSDT,jupiter_sign,fwd_ret_terc,0.0179344661826081,0.0193025900444913,0.002965507973806,-0.0013681238618831,-0.461345534717014,0.6852589641434262,2090,7,False,False
AVAXUSDT,pluto_retrograde,fwd_ret_terc,0.0013569961213435,0.0024303206411901,0.0014568091562674,-0.0010733245198465,-0.7367639853366609,0.6852589641434262,2090,2,False,False
BNBUSDT,moon_near_new,fwd_ret_terc,0.0006042296361355,0.000879652267948,0.0004717600247752,-0.0002754226318125,-0.5838193516792944,0.6852589641434262,3141,2,False,False
ATOMUSDT,sun_element,fwd_ret_terc,0.0039970289277133,0.0045916590507254,0.001187878358729,-0.0005946301230121,-0.5005816619543016,0.6892430278884463,2602,4,False,False
UNIUSDT,venus_out_of_bounds,fwd_ret_terc,0.0011207302679815,0.0016483880338935,0.0009221937845266,-0.0005276577659119,-0.5721766669494519,0.6892430278884463,2095,2,False,False
XRPUSDT,lunar_4phase,fwd_absret_terc,0.0034079375911259,0.0037182578475167,0.0007099161313167,-0.0003103202563907,-0.4371224186935138,0.6892430278884463,2962,4,False,False
LTCUSDT,pluto_retrograde,fwd_ret_terc,0.0012357034247419,0.0016799364648228,0.0008393449510325,-0.0004442330400808,-0.529261586114688,0.6892430278884463,3104,2,False,False
LTCUSDT,moon_near_full,fwd_ret_terc,0.0006613844610175,0.000939962950216,0.0005256227896359,-0.0002785784891985,-0.5299969763325564,0.6932270916334662,3104,2,False,False
BTCUSDT,lunar_4phase,fwd_ret_terc,0.0027068866186687,0.0030869237137355,0.000717976939782,-0.0003800370950668,-0.5293165755187987,0.6932270916334662,3222,4,False,False
AVAXUSDT,uranus_retrograde,fwd_absret_terc,0.00096620505618,0.0021862169527012,0.0013981661033188,-0.0012200118965212,-0.8725800844586747,0.6932270916334662,2090,2,False,False
ADAUSDT,mars_saturn_hard_aspect,fwd_absret_terc,0.0008444205095527,0.001300858423714,0.0007315852320516,-0.0004564379141613,-0.6239025805390457,0.6932270916334662,2979,2,False,False
ADAUSDT,lunar_8phase,fwd_ret_terc,0.0057519580923632,0.0062669338189803,0.0009406755122845,-0.0005149757266171,-0.5474531014062801,0.6932270916334662,2979,8,False,False
SOLUSDT,lunar_8phase,fwd_ret_terc,0.0110767974780122,0.0117528550161001,0.0016377623293099,-0.0006760575380879,-0.4127934352799441,0.6932270916334662,2132,8,False,False
UNIUSDT,harmonic_4_count_q5,fwd_absret_terc,0.0059740439291592,0.0071567091951926,0.0019085787397753,-0.0011826652660333,-0.6196575710429101,0.6932270916334662,2095,5,False,False
ETHUSDT,hard_aspect_count_q5,fwd_absret_terc,0.003540630727755,0.0042817074106276,0.0012258815557732,-0.0007410766828726,-0.6045255182953946,0.6972111553784861,3222,5,False,False
NEARUSDT,moon_perigee_q4,fwd_absret_terc,0.0057360860752017,0.0069753644487764,0.0020641711139299,-0.0012392783735747,-0.6003757950159858,0.6972111553784861,2068,4,False,False
LTCUSDT,aspect_square_count_q5,fwd_ret_terc,0.003445959165817,0.0040785863087011,0.0012293944450267,-0.0006326271428841,-0.5145843512172251,0.6972111553784861,3104,5,False,False
AVAXUSDT,mars_retrograde,fwd_absret_terc,0.0012042284080115,0.0018860968413049,0.001172004345514,-0.0006818684332933,-0.5817968473438546,0.6972111553784861,2090,2,False,False
NEARUSDT,sun_modality,fwd_absret_terc,0.0027722890534896,0.0034812451993167,0.0011135327403987,-0.000708956145827,-0.6366729240248444,0.6972111553784861,2068,3,False,False
ETHUSDT,moon_decl_sign,fwd_ret_terc,0.0015501542872685,0.002001951609623,0.0006966738183781,-0.0004517973223545,-0.6485062455861557,0.6972111553784861,3222,2,False,False
UNIUSDT,lunar_8phase,fwd_ret_terc,0.0108753760151621,0.0117105815645733,0.0014217953073431,-0.0008352055494112,-0.5874302335207323,0.6972111553784861,2095,8,False,False
XRPUSDT,mercury_out_of_bounds,fwd_ret_terc,0.0006531687310843,0.0009615291742048,0.000570182834987,-0.0003083604431204,-0.5408097617100326,0.6972111553784861,2962,2,False,False
AAVEUSDT,hard_aspect_count_q5,fwd_absret_terc,0.0053703300993212,0.0064583640547858,0.0019119769395413,-0.0010880339554645,-0.5690622794464768,0.701195219123506,2067,5,False,False
ADAUSDT,lunar_4phase,fwd_ret_terc,0.0022120917552613,0.0025951673019034,0.0006293049772715,-0.0003830755466421,-0.6087279784486411,0.701195219123506,2979,4,False,False
ETHUSDT,pluto_out_of_bounds,fwd_absret_terc,0.0010560058983964,0.0019082481217474,0.0014870619447731,-0.0008522422233509,-0.5731047226018566,0.701195219123506,3222,2,False,False
FILUSDT,aspect_square_count_q5,fwd_absret_terc,0.0055863920182942,0.0066628792238283,0.0018879479499322,-0.001076487205534,-0.5701890274955488,0.701195219123506,2067,5,False,False
AVAXUSDT,n_retrograde,fwd_ret_terc,0.0089753599073086,0.0106707541862335,0.0025341600248459,-0.0016953942789249,-0.6690162666534866,0.701195219123506,2090,7,False,False
DOTUSDT,lunar_8phase,fwd_ret_terc,0.0096249754017501,0.0102456972564061,0.001100290885268,-0.0006207218546559,-0.564143412407478,0.7051792828685259,2125,8,False,False
SOLUSDT,mars_retrograde,fwd_absret_terc,0.0012149736818757,0.0019184119374529,0.0010663850426854,-0.0007034382555772,-0.6596475263811479,0.7051792828685259,2132,2,False,False
BTCUSDT,pluto_retrograde,fwd_absret_terc,0.0013678174330279,0.0018831098354156,0.0008540367110336,-0.0005152924023877,-0.6033609512687995,0.7051792828685259,3222,2,False,False
DOGEUSDT,soft_aspect_count_q5,fwd_ret_terc,0.0049846499088128,0.0059634436780412,0.0017261915921466,-0.0009787937692284,-0.5670249893937265,0.7051792828685259,2535,5,False,False
AAVEUSDT,jupiter_retrograde,fwd_ret_terc,0.0009287188045508,0.0017248322546867,0.0013003814974139,-0.0007961134501358,-0.612215301216626,0.7051792828685259,2067,2,False,False
LINKUSDT,aspect_trine_count_q5,fwd_absret_terc,0.0046000018247742,0.0061060318796305,0.0020963281762397,-0.0015060300548562,-0.7184133056674777,0.7051792828685259,2705,5,False,False
ADAUSDT,jupiter_saturn_aspect,fwd_absret_terc,0.00094241372695,0.0018772258992035,0.0015596943654813,-0.0009348121722535,-0.5993559975226498,0.7091633466135459,2979,2,False,False
AAVEUSDT,pluto_out_of_bounds,fwd_absret_terc,0.0021267404929496,0.0032705884837435,0.0019394821232147,-0.0011438479907939,-0.5897698035483737,0.7091633466135459,2067,2,False,False
UNIUSDT,sun_element,fwd_absret_terc,0.0039822630857454,0.0048156615298915,0.0013162909396586,-0.000833398444146,-0.6331415183653859,0.7091633466135459,2095,4,False,False
SOLUSDT,n_retrograde,fwd_ret_terc,0.0082498519018336,0.0096355989658806,0.0023520440964257,-0.0013857470640469,-0.5891671275010489,0.7091633466135459,2132,7,False,False
LTCUSDT,saturn_retrograde,fwd_ret_terc,0.0007696287449786,0.0011530724733466,0.0006439992831289,-0.000383443728368,-0.595410178882488,0.7131474103585658,3104,2,False,False
ATOMUSDT,harmonic_3_count_q5,fwd_ret_terc,0.0048296974174102,0.0059853475809136,0.001948232400737,-0.0011556501635033,-0.5931788030350802,0.7131474103585658,2602,5,False,False
AAVEUSDT,mercury_out_of_bounds,fwd_absret_terc,0.0011590676445658,0.0019439466098608,0.00111899991038,-0.0007848789652949,-0.7014111064838555,0.7131474103585658,2067,2,False,False
ATOMUSDT,mars_saturn_hard_aspect,fwd_absret_terc,0.0011221867859051,0.0018285771488696,0.0011859889195763,-0.0007063903629644,-0.5956129532954062,0.7131474103585658,2602,2,False,False
LINKUSDT,n_retrograde,fwd_absret_terc,0.0075840441867917,0.0086175370305727,0.0021449304116986,-0.001033492843781,-0.481830477177366,0.7131474103585658,2705,7,False,False
AVAXUSDT,mercury_out_of_bounds,fwd_ret_terc,0.0008132540979332,0.0013288960881432,0.0007423854797737,-0.0005156419902099,-0.6945744552643376,0.7131474103585658,2090,2,False,False
FILUSDT,n_retrograde,fwd_absret_terc,0.0103583534537523,0.0116821465646927,0.0026771029325558,-0.0013237931109404,-0.4944871916735005,0.7131474103585658,2067,7,False,False
DOGEUSDT,soft_aspect_count_q5,fwd_absret_terc,0.0056127780594728,0.0069099031579062,0.0020563982519914,-0.0012971250984333,-0.6307752387832714,0.7171314741035857,2535,5,False,False
ADAUSDT,uranus_retrograde,fwd_absret_terc,0.0008660442316485,0.0012302828647707,0.000568636622194,-0.0003642386331222,-0.6405472649947123,0.7171314741035857,2979,2,False,False
BCHUSDT,jupiter_saturn_aspect,fwd_ret_terc,0.0009140946458214,0.0016584879742569,0.0010883686871199,-0.0007443933284354,-0.6839532754339365,0.7171314741035857,2389,2,False,False
LTCUSDT,hard_aspect_count_q5,fwd_ret_terc,0.0033881691685797,0.0040971509751804,0.0011387753709223,-0.0007089818066007,-0.622582666172808,0.7171314741035857,3104,5,False,False
BTCUSDT,moon_perigee_q4,fwd_ret_terc,0.0032085661261292,0.0036119081429945,0.0006898163269312,-0.0004033420168653,-0.5847092930660062,0.7171314741035857,3222,4,False,False
ATOMUSDT,harmonic_4_count_q5,fwd_ret_terc,0.0041689459928887,0.0052591880091217,0.0015563140061861,-0.001090242016233,-0.7005283072050353,0.7171314741035857,2602,5,False,False
SOLUSDT,sun_modality,fwd_ret_terc,0.0020019191211015,0.0027491067182139,0.0011702480050828,-0.0007471875971123,-0.638486537782641,0.7171314741035857,2132,3,False,False
BTCUSDT,n_retrograde,fwd_ret_terc,0.0060481292362898,0.0070045789963059,0.0013626678729913,-0.000956449760016,-0.7018949950852262,0.7211155378486056,3222,7,False,False
ETHUSDT,aspect_square_count_q5,fwd_ret_terc,0.0034758891330843,0.0043262464207319,0.0012703721039619,-0.0008503572876475,-0.6693765432942784,0.7211155378486056,3222,5,False,False
FILUSDT,saturn_sign,fwd_ret_terc,0.0047514450119714,0.0059233446455665,0.0023022149434149,-0.0011718996335951,-0.5090313730032745,0.7211155378486056,2067,4,False,False
BNBUSDT,mars_retrograde,fwd_ret_terc,0.0007006832003458,0.0012731907989782,0.0008219213871179,-0.0005725075986324,-0.6965478786723399,0.7211155378486056,3141,2,False,False
LINKUSDT,mars_retrograde,fwd_ret_terc,0.0006794985062179,0.0012053449729498,0.0007371183480065,-0.0005258464667318,-0.7133813290008764,0.7211155378486056,2705,2,False,False
ETHUSDT,moon_perigee_q4,fwd_absret_terc,0.0029111651799374,0.0034403674191393,0.0008031540659556,-0.0005292022392018,-0.6589050116706864,0.7211155378486056,3222,4,False,False
BCHUSDT,saturn_sign,fwd_absret_terc,0.0059647192943668,0.0074815212343333,0.0025475661442303,-0.0015168019399664,-0.5953925645470219,0.7211155378486056,2389,4,False,False
BCHUSDT,neptune_retrograde,fwd_absret_terc,0.0013193598989817,0.0021489328122091,0.0011102685543974,-0.0008295729132274,-0.7471822109540611,0.7211155378486056,2389,2,False,False
ATOMUSDT,neptune_retrograde,fwd_absret_terc,0.0010037268201549,0.0015031509075774,0.0007293053735048,-0.0004994240874225,-0.6847941967332288,0.7250996015936255,2602,2,False,False
LINKUSDT,moon_out_of_bounds,fwd_ret_terc,0.0008309138991653,0.0012517336186658,0.0005925157019574,-0.0004208197195005,-0.7102254304995852,0.7250996015936255,2705,2,False,False
BNBUSDT,aspect_square_count_q5,fwd_absret_terc,0.004292894473132,0.0052485616521218,0.0015449182716264,-0.0009556671789898,-0.6185875308366244,0.7250996015936255,3141,5,False,False
XRPUSDT,saturn_sign,fwd_absret_terc,0.0064866900467257,0.0075737927942497,0.0022706288253086,-0.001087102747524,-0.4787672627983413,0.7250996015936255,2962,4,False,False
AAVEUSDT,harmonic_3_count_q5,fwd_absret_terc,0.0065867510308363,0.00867119436599,0.0029773099914576,-0.0020844433351536,-0.7001096093904449,0.7250996015936255,2067,5,False,False
FILUSDT,venus_out_of_bounds,fwd_absret_terc,0.0009542727215854,0.0016196214619829,0.0009747603440224,-0.0006653487403974,-0.68257674255791,0.7250996015936255,2067,2,False,False
DOTUSDT,sun_modality,fwd_absret_terc,0.0026102653340647,0.0030660681960395,0.0007134906815492,-0.0004558028619748,-0.6388350594643593,0.7250996015936255,2125,3,False,False
FILUSDT,mercury_out_of_bounds,fwd_absret_terc,0.0010069754834104,0.0015795012815664,0.000892544889812,-0.0005725257981559,-0.6414532251442995,0.7290836653386454,2067,2,False,False
BTCUSDT,saturn_retrograde,fwd_absret_terc,0.0013141136985839,0.0017984481571954,0.000826310046311,-0.0004843344586114,-0.5861413167777637,0.7290836653386454,3222,2,False,False
DOTUSDT,mars_sign,fwd_ret_terc,0.018690024545479,0.020920109503179,0.0032517141160459,-0.0022300849576999,-0.6858182724906098,0.7290836653386454,2125,12,False,False
BCHUSDT,harmonic_4_count_q5,fwd_ret_terc,0.0041926177860511,0.0053820356115517,0.0015578363883771,-0.0011894178255006,-0.7635062541706541,0.7290836653386454,2389,5,False,False
AVAXUSDT,eclipse_window,fwd_absret_terc,0.0008672431424183,0.0015263692975429,0.0010267447521561,-0.0006591261551245,-0.6419571697254434,0.7330677290836654,2090,2,False,False
SOLUSDT,pluto_out_of_bounds,fwd_absret_terc,0.0013444428152204,0.0029058828722148,0.0021053921997165,-0.0015614400569944,-0.7416385684361545,0.7330677290836654,2132,2,False,False
UNIUSDT,mars_out_of_bounds,fwd_absret_terc,0.0013754613588595,0.0022812184683006,0.0015363722367754,-0.000905757109441,-0.5895427473631578,0.7330677290836654,2095,2,False,False
ATOMUSDT,mercury_retrograde,fwd_ret_terc,0.0008930837026395,0.0013341359575004,0.0006268869551192,-0.0004410522548608,-0.7035594715429125,0.7330677290836654,2602,2,False,False
ADAUSDT,sun_modality,fwd_absret_terc,0.0020576968735533,0.0027631882464946,0.0009426121380921,-0.0007054913729413,-0.748442911385848,0.7370517928286853,2979,3,False,False
BTCUSDT,lunar_8phase,fwd_ret_terc,0.0057309738056902,0.0066946532832726,0.0012605508202103,-0.0009636794775823,-0.7644907782628005,0.7370517928286853,3222,8,False,False
ADAUSDT,jupiter_sign,fwd_ret_terc,0.0139929398731406,0.015073683302022,0.0016237964096908,-0.0010807434288814,-0.6655658446043695,0.7370517928286853,2979,9,False,False
AVAXUSDT,mercury_retrograde,fwd_ret_terc,0.0007630903498704,0.0012507382064263,0.000647600206785,-0.0004876478565558,-0.7530075677040554,0.7370517928286853,2090,2,False,False
ADAUSDT,harmonic_3_count_q5,fwd_absret_terc,0.0040849577364631,0.0051616911207148,0.0016745090447776,-0.0010767333842517,-0.6430143734426212,0.7370517928286853,2979,5,False,False
AVAXUSDT,jupiter_saturn_aspect,fwd_absret_terc,0.0012172720609199,0.0029531676634487,0.0025277283367328,-0.0017358956025287,-0.686741362710079,0.7370517928286853,2090,2,False,False
BTCUSDT,saturn_retrograde,fwd_ret_terc,0.0009972237806763,0.0014831872521705,0.00068135410922,-0.0004859634714942,-0.7132318788691894,0.7410358565737052,3222,2,False,False
UNIUSDT,jupiter_retrograde,fwd_absret_terc,0.0010754230202789,0.0019292463267453,0.0012299893108819,-0.0008538233064664,-0.6941713223948275,0.7410358565737052,2095,2,False,False
UNIUSDT,mercury_sign,fwd_ret_terc,0.0167570629030691,0.0187548365422102,0.0028913607192561,-0.0019977736391411,-0.6909458324712505,0.7410358565737052,2095,12,False,False
BCHUSDT,jupiter_sign,fwd_ret_terc,0.0147061807401957,0.0160463447550823,0.0017787013579366,-0.0013401640148865,-0.7534508302401189,0.7450199203187251,2389,8,False,False
SOLUSDT,aspect_conjunction_count_q5,fwd_ret_terc,0.00535187498428,0.0068037318122265,0.0019902551817281,-0.0014518568279465,-0.7294827524005653,0.7450199203187251,2132,5,False,False
SOLUSDT,venus_sign,fwd_absret_terc,0.0161822692102258,0.0182885862429587,0.0032595808244746,-0.0021063170327328,-0.6461926076253429,0.7450199203187251,2132,12,False,False
FILUSDT,jupiter_sign,fwd_ret_terc,0.010772825950411,0.0119933936915803,0.0020278801203688,-0.0012205677411693,-0.6018934398091254,0.7450199203187251,2067,7,False,False
AAVEUSDT,mercury_out_of_bounds,fwd_ret_terc,0.0009391966913623,0.0016190259253988,0.0009800742993176,-0.0006798292340365,-0.6936507104714723,0.7450199203187251,2067,2,False,False
ATOMUSDT,mars_retrograde,fwd_absret_terc,0.0009796833600785,0.001672856631321,0.0009072956825957,-0.0006931732712425,-0.7639993053415377,0.7450199203187251,2602,2,False,False
LTCUSDT,uranus_retrograde,fwd_absret_terc,0.0009737940114703,0.0020950676158825,0.0014340258730658,-0.0011212736044121,-0.7819061186217814,0.7450199203187251,3104,2,False,False
BCHUSDT,pluto_retrograde,fwd_absret_terc,0.001157073768087,0.0018724655076483,0.0009125612333926,-0.0007153917395613,-0.7839383412132109,0.7450199203187251,2389,2,False,False
NEARUSDT,aspect_conjunction_count_q5,fwd_ret_terc,0.0057723401643099,0.0075333418027949,0.0023004819195778,-0.0017610016384849,-0.7654924924635432,0.7450199203187251,2068,5,False,False
FILUSDT,pluto_retrograde,fwd_ret_terc,0.0014969277376797,0.0021764262924863,0.0009752472729301,-0.0006794985548066,-0.6967448909291143,0.749003984063745,2067,2,False,False
AAVEUSDT,mars_sign,fwd_absret_terc,0.0215652202490287,0.0244521175423805,0.003781145219042,-0.0028868972933518,-0.7634981271846569,0.749003984063745,2067,12,False,False
BNBUSDT,mars_sign,fwd_absret_terc,0.0150774301950271,0.0188087892649071,0.004423120344539,-0.00373135906988,-0.8436033341229031,0.749003984063745,3141,12,False,False
BCHUSDT,saturn_retrograde,fwd_ret_terc,0.0009593320539965,0.0017624878963162,0.001026413553508,-0.0008031558423197,-0.7824875651483194,0.749003984063745,2389,2,False,False
ETHUSDT,aspect_opposition_count_q5,fwd_ret_terc,0.0049856816951899,0.0066460093709126,0.0022140846218752,-0.0016603276757227,-0.7498935042132606,0.749003984063745,3222,5,False,False
BTCUSDT,jupiter_sign,fwd_absret_terc,0.0241713483245558,0.0270944625614912,0.0038475520333974,-0.0029231142369353,-0.7597335166782008,0.749003984063745,3222,10,False,False
ATOMUSDT,venus_out_of_bounds,fwd_absret_terc,0.0010539623400548,0.0016106996281546,0.0008634101759481,-0.0005567372880998,-0.6448120529601703,0.749003984063745,2602,2,False,False
BCHUSDT,harmonic_3_count_q5,fwd_absret_terc,0.0048242986692581,0.0061269504356306,0.0017664870827404,-0.0013026517663725,-0.7374250166333816,0.749003984063745,2389,5,False,False
BTCUSDT,mercury_out_of_bounds,fwd_absret_terc,0.000652257847555,0.0011975115250866,0.0007264128718494,-0.0005452536775316,-0.7506112551990012,0.749003984063745,3222,2,False,False
AVAXUSDT,pluto_out_of_bounds,fwd_ret_terc,0.0014202189173075,0.0025515629647354,0.0019023036079443,-0.0011313440474278,-0.5947231781000831,0.7529880478087649,2090,2,False,False
FILUSDT,harmonic_3_count_q5,fwd_ret_terc,0.0049262111539428,0.0062557070401361,0.0019532071704462,-0.0013294958861932,-0.6806732569436067,0.7529880478087649,2067,5,False,False
LINKUSDT,mercury_retrograde,fwd_ret_terc,0.0006593521848277,0.0012961383615262,0.000799587439564,-0.0006367861766985,-0.7963934213945313,0.7529880478087649,2705,2,False,False
ATOMUSDT,lunar_8phase,fwd_absret_terc,0.0078552176671468,0.0087521045754409,0.0012466174616678,-0.000896886908294,-0.719456397710111,0.7529880478087649,2602,8,False,False
BTCUSDT,lunar_4phase,fwd_absret_terc,0.0018428250243907,0.00229006640376,0.0006444923335996,-0.0004472413793693,-0.6939436763682976,0.7529880478087649,3222,4,False,False
BTCUSDT,mercury_out_of_bounds,fwd_ret_terc,0.0005460911302725,0.0009787742275443,0.0005544271555001,-0.0004326830972718,-0.7804146910543714,0.7529880478087649,3222,2,False,False
BTCUSDT,moon_out_of_bounds,fwd_absret_terc,0.0008897336853011,0.0015340020686876,0.0008616999991342,-0.0006442683833864,-0.7476713288078553,0.7529880478087649,3222,2,False,False
ADAUSDT,jupiter_retrograde,fwd_ret_terc,0.0008448458161288,0.0012410643969303,0.000612477757576,-0.0003962185808014,-0.6469109708890904,0.7569721115537849,2979,2,False,False
LINKUSDT,soft_aspect_count_q5,fwd_ret_terc,0.0041811941327172,0.0051255869338855,0.0014665682291554,-0.0009443928011683,-0.6439474021008853,0.7569721115537849,2705,5,False,False
AAVEUSDT,venus_sign,fwd_absret_terc,0.0175000451914163,0.0208372286614177,0.0043277949922184,-0.0033371834700013,-0.7711047949364017,0.7569721115537849,2067,12,False,False
AVAXUSDT,moon_near_full,fwd_ret_terc,0.0006986187814114,0.0013086411826019,0.0007525756441747,-0.0006100224011905,-0.8105795157102842,0.7569721115537849,2090,2,False,False
ADAUSDT,sun_element,fwd_absret_terc,0.0037765032045889,0.0046888781319944,0.0012358446126879,-0.0009123749274055,-0.7382602295131261,0.7569721115537849,2979,4,False,False
SOLUSDT,moon_near_new,fwd_absret_terc,0.00083661809134,0.0014933348107632,0.0009269749747298,-0.0006567167194232,-0.7084514008747392,0.7569721115537849,2132,2,False,False
LINKUSDT,sun_modality,fwd_ret_terc,0.0016736262872396,0.0021871857809776,0.00072318751482,-0.000513559493738,-0.7101332409835898,0.7569721115537849,2705,3,False,False
BTCUSDT,sun_sign,fwd_ret_terc,0.0101352140191559,0.011462791607665,0.0014806415586276,-0.0013275775885091,-0.8966232109138085,0.7609561752988048,3222,12,False,False
SOLUSDT,aspect_conjunction_count_q5,fwd_absret_terc,0.0066366194797033,0.0083041445748417,0.0023138006478601,-0.0016675250951384,-0.7206865883975694,0.7609561752988048,2132,5,False,False
LINKUSDT,eclipse_window,fwd_absret_terc,0.0005935272584283,0.0010939344075056,0.0006331672661446,-0.0005004071490772,-0.7903237830411247,0.7609561752988048,2705,2,False,False
AVAXUSDT,harmonic_4_count_q5,fwd_absret_terc,0.0052596981945018,0.0067531864715621,0.0020752452267122,-0.0014934882770602,-0.7196683350171468,0.7609561752988048,2090,5,False,False
XRPUSDT,moon_decl_sign,fwd_ret_terc,0.0006358048821089,0.0009789064631949,0.0004558369251996,-0.000343101581086,-0.7526849233106531,0.7609561752988048,2962,2,False,False
ETHUSDT,moon_perigee_q4,fwd_ret_terc,0.0027063723101409,0.0032607118754114,0.0008420738372827,-0.0005543395652705,-0.6583028004519222,0.7609561752988048,3222,4,False,False
AVAXUSDT,moon_sign,fwd_absret_terc,0.0145961309218062,0.0161090041440289,0.0020418586678372,-0.0015128732222227,-0.7409294512166869,0.7609561752988048,2090,12,False,False
AAVEUSDT,sun_sign,fwd_ret_terc,0.0173018022016293,0.019596497950468,0.0029853420282264,-0.0022946957488386,-0.7686542202341669,0.7649402390438247,2067,12,False,False
DOTUSDT,moon_near_full,fwd_absret_terc,0.0007174554750087,0.0014142374077802,0.0008974551796044,-0.0006967819327715,-0.7763974721039835,0.7649402390438247,2125,2,False,False
ETHUSDT,uranus_retrograde,fwd_absret_terc,0.0007881454572149,0.0013939851547381,0.0007534731091115,-0.0006058396975231,-0.8040627995835853,0.7649402390438247,3222,2,False,False
BTCUSDT,uranus_retrograde,fwd_absret_terc,0.0011374571083164,0.0018133348532007,0.0008560348463959,-0.0006758777448843,-0.7895446636662751,0.7649402390438247,3222,2,False,False
ATOMUSDT,moon_near_full,fwd_ret_terc,0.0005921519902657,0.0011155335585159,0.0006775994544592,-0.0005233815682502,-0.7724055336908576,0.7649402390438247,2602,2,False,False
FILUSDT,moon_near_full,fwd_absret_terc,0.0009402366791196,0.0014890962914638,0.0007632186986318,-0.0005488596123442,-0.719138057450733,0.7649402390438247,2067,2,False,False
LINKUSDT,moon_perigee_q4,fwd_absret_terc,0.0023506535726202,0.0029627562091091,0.0008409544263278,-0.0006121026364888,-0.72786659695896,0.7649402390438247,2705,4,False,False
BTCUSDT,harmonic_3_count_q5,fwd_ret_terc,0.0030788764990048,0.0041602405509721,0.0013240824188373,-0.0010813640519673,-0.8166893817054744,0.7649402390438247,3222,5,False,False
ATOMUSDT,moon_void_of_course,fwd_absret_terc,0.0006766760000578,0.0011974775880667,0.0006732738870661,-0.0005208015880088,-0.7735359977768618,0.7649402390438247,2602,2,False,False
LTCUSDT,aspect_square_count_q5,fwd_absret_terc,0.0035238605612727,0.0045353091215152,0.0012614304999105,-0.0010114485602424,-0.8018266248629932,0.7689243027888446,3104,5,False,False
XRPUSDT,lunar_8phase,fwd_absret_terc,0.0074256039297484,0.0081822345159711,0.0010220950697716,-0.0007566305862227,-0.7402741766397605,0.7689243027888446,2962,8,False,False
LTCUSDT,jupiter_saturn_aspect,fwd_absret_terc,0.0009192237235553,0.0017534602478269,0.0011954378345417,-0.0008342365242716,-0.6978501935999711,0.7689243027888446,3104,2,False,False
LTCUSDT,sun_sign,fwd_ret_terc,0.0122136631786624,0.0132273454230442,0.0014414357772292,-0.0010136822443818,-0.7032448204736235,0.7689243027888446,3104,12,False,False
FILUSDT,jupiter_retrograde,fwd_absret_terc,0.000474271487855,0.0009350242969943,0.0005738417770131,-0.0004607528091392,-0.8029265689533891,0.7689243027888446,2067,2,False,False
LTCUSDT,pluto_retrograde,fwd_absret_terc,0.0008923195998901,0.0019684268103875,0.0013840379657276,-0.0010761072104973,-0.7775127829904649,0.7689243027888446,3104,2,False,False
ATOMUSDT,moon_near_full,fwd_absret_terc,0.0006885891859466,0.0012481274354335,0.0007280299692985,-0.0005595382494869,-0.7685648573314041,0.7689243027888446,2602,2,False,False
DOGEUSDT,harmonic_3_count_q5,fwd_ret_terc,0.0045003954935044,0.0058573306086906,0.0017570161272832,-0.0013569351151861,-0.7722951964500492,0.7689243027888446,2535,5,False,False
DOGEUSDT,mars_sign,fwd_ret_terc,0.0158067275948046,0.0181763796344259,0.0029583710201037,-0.0023696520396212,-0.800998936076046,0.7689243027888446,2535,12,False,False
LINKUSDT,mercury_retrograde,fwd_absret_terc,0.0007898655003931,0.0014541382088679,0.0008260324539228,-0.0006642727084748,-0.8041726512320314,0.7689243027888446,2705,2,False,False
SOLUSDT,venus_sign,fwd_ret_terc,0.0144152957445646,0.0163018990571115,0.0022921237009366,-0.0018866033125469,-0.823080932227174,0.7729083665338645,2132,12,False,False
ETHUSDT,lunar_4phase,fwd_absret_terc,0.0018166074717884,0.0021785057186013,0.0004176884078409,-0.0003618982468128,-0.866431148241611,0.7729083665338645,3222,4,False,False
BNBUSDT,uranus_retrograde,fwd_ret_terc,0.0008577899127689,0.0017820809527791,0.0012176554778269,-0.0009242910400102,-0.759074349716506,0.7729083665338645,3141,2,False,False
AVAXUSDT,mars_out_of_bounds,fwd_absret_terc,0.0008922442294943,0.0020622413113367,0.0016676153922852,-0.0011699970818424,-0.7015988742098852,0.7729083665338645,2090,2,False,False
ETHUSDT,sun_element,fwd_ret_terc,0.0026408064325448,0.0034011233905819,0.0008797944675395,-0.000760316958037,-0.8641983850653422,0.7768924302788844,3222,4,False,False
UNIUSDT,moon_out_of_bounds,fwd_ret_terc,0.0007579989169298,0.0013989867634385,0.0007567653342762,-0.0006409878465087,-0.8470100538125082,0.7768924302788844,2095,2,False,False
UNIUSDT,harmonic_3_count_q5,fwd_ret_terc,0.0052388457068956,0.0069642267375173,0.0021337728242846,-0.0017253810306216,-0.8086057761093256,0.7768924302788844,2095,5,False,False
LINKUSDT,neptune_retrograde,fwd_absret_terc,0.0007486710959365,0.0016426602192297,0.0010129189570812,-0.0008939891232931,-0.8825870194681162,0.7808764940239044,2705,2,False,False
SOLUSDT,moon_perigee_q4,fwd_ret_terc,0.0027784166828193,0.0039516306140334,0.0012736026476009,-0.001173213931214,-0.9211773651884844,0.7808764940239044,2132,4,False,False
AAVEUSDT,sun_sign,fwd_absret_terc,0.0185548457432457,0.0219411803677773,0.0038967879511068,-0.0033863346245315,-0.8690066452216678,0.7808764940239044,2067,12,False,False
UNIUSDT,saturn_retrograde,fwd_absret_terc,0.0012550339941915,0.0022118244806166,0.0010928035273231,-0.000956790486425,-0.875537516582382,0.7808764940239044,2095,2,False,False
DOTUSDT,moon_near_full,fwd_ret_terc,0.0008717661712124,0.0014343785832859,0.0007215297208672,-0.0005626124120734,-0.7797494625684349,0.7808764940239044,2125,2,False,False
DOGEUSDT,aspect_trine_count_q5,fwd_absret_terc,0.0047902648313,0.0065042200713316,0.0022583423245142,-0.0017139552400316,-0.7589439481458332,0.7808764940239044,2535,5,False,False
DOTUSDT,mars_out_of_bounds,fwd_absret_terc,0.0010320600398081,0.0024737376495586,0.0016541352265562,-0.0014416776097505,-0.871559704796284,0.7808764940239044,2125,2,False,False
UNIUSDT,mars_out_of_bounds,fwd_ret_terc,0.0010286526083064,0.0017919105615967,0.0010217819807849,-0.0007632579532902,-0.7469870947458767,0.7808764940239044,2095,2,False,False
NEARUSDT,moon_sign,fwd_absret_terc,0.0163211172922234,0.0189905534918525,0.003319059263596,-0.0026694361996291,-0.8042749428755185,0.7808764940239044,2068,12,False,False
DOGEUSDT,jupiter_saturn_aspect,fwd_absret_terc,0.001328528508591,0.0031654858840139,0.0023592337658474,-0.0018369573754228,-0.7786245695593443,0.7848605577689243,2535,2,False,False
ETHUSDT,harmonic_3_count_q5,fwd_ret_terc,0.0034838542896552,0.0046597502720617,0.0014624044760528,-0.0011758959824065,-0.8040839601232329,0.7848605577689243,3222,5,False,False
BCHUSDT,aspect_square_count_q5,fwd_absret_terc,0.0041441362102792,0.0053925574694821,0.0014636450155597,-0.0012484212592028,-0.85295358227651,0.7848605577689243,2389,5,False,False
LINKUSDT,lunar_4phase,fwd_ret_terc,0.0020999034528105,0.0027755524560284,0.0008329241038241,-0.0006756490032178,-0.81117715301526,0.7848605577689243,2705,4,False,False
BCHUSDT,venus_out_of_bounds,fwd_absret_terc,0.000643454678791,0.0012540756982601,0.000717927306232,-0.000610621019469,-0.8505332143916525,0.7848605577689243,2389,2,False,False
ATOMUSDT,uranus_retrograde,fwd_ret_terc,0.0005722206487004,0.0009819478643792,0.0004729725380799,-0.0004097272156787,-0.8662811953989978,0.7888446215139442,2602,2,False,False
UNIUSDT,harmonic_3_count_q5,fwd_absret_terc,0.0055172006567776,0.0079244078219292,0.0028621662860783,-0.0024072071651515,-0.841043784513949,0.7888446215139442,2095,5,False,False
BCHUSDT,moon_near_new,fwd_absret_terc,0.0006657350482004,0.0013342459028525,0.0008228109604233,-0.000668510854652,-0.8124719854340657,0.7888446215139442,2389,2,False,False
ATOMUSDT,aspect_trine_count_q5,fwd_ret_terc,0.0043001810210347,0.005658863771989,0.0017023805125462,-0.0013586827509542,-0.798107556413514,0.7928286852589641,2602,5,False,False
BCHUSDT,moon_near_full,fwd_absret_terc,0.0006794660755098,0.0013421331559257,0.0007725243981165,-0.0006626670804158,-0.8577943713252664,0.7928286852589641,2389,2,False,False
BTCUSDT,pluto_out_of_bounds,fwd_ret_terc,0.0008301149990839,0.0017962214320872,0.0012629000019655,-0.0009661064330033,-0.7649904438195223,0.7928286852589641,3222,2,False,False
FILUSDT,harmonic_4_count_q5,fwd_ret_terc,0.0046463942551102,0.0062336765834686,0.0019172762015743,-0.0015872823283583,-0.827884019555975,0.7928286852589641,2067,5,False,False
DOGEUSDT,mercury_retrograde,fwd_ret_terc,0.0008049777010407,0.0013831680478673,0.0006856856016984,-0.0005781903468265,-0.8432295288020807,0.7928286852589641,2535,2,False,False
ETHUSDT,mars_sign,fwd_ret_terc,0.0105421044996441,0.0133000404905472,0.0031454522793268,-0.002757935990903,-0.8768010912228229,0.796812749003984,3222,12,False,False
BTCUSDT,mars_retrograde,fwd_absret_terc,0.0009020154554232,0.0017386866607747,0.001071952636526,-0.0008366712053515,-0.7805113554858247,0.796812749003984,3222,2,False,False
BTCUSDT,moon_decl_sign,fwd_absret_terc,0.0005322479776176,0.0008905452228754,0.0003777534176023,-0.0003582972452578,-0.9484950461388474,0.796812749003984,3222,2,False,False
BCHUSDT,moon_decl_sign,fwd_ret_terc,0.0007631837253764,0.0014488734661666,0.0007017485728708,-0.0006856897407901,-0.9771159747215636,0.796812749003984,2389,2,False,False
BCHUSDT,jupiter_retrograde,fwd_absret_terc,0.0020050603642428,0.0030291020360444,0.0012678168265202,-0.0010240416718015,-0.8077205242749861,0.8007968127490039,2389,2,False,False
AAVEUSDT,mercury_retrograde,fwd_ret_terc,0.0005978485583496,0.001027339102186,0.0005029914351209,-0.0004294905438364,-0.8538724794253183,0.8007968127490039,2067,2,False,False
AAVEUSDT,pluto_retrograde,fwd_ret_terc,0.001138213381934,0.0020781243707813,0.0010445520179268,-0.0009399109888472,-0.8998220985802987,0.8007968127490039,2067,2,False,False
ETHUSDT,eclipse_window,fwd_ret_terc,0.0004051415421242,0.0008549784355623,0.0005174403492007,-0.000449836893438,-0.8693502432365855,0.8007968127490039,3222,2,False,False
UNIUSDT,n_retrograde,fwd_ret_terc,0.0076085672238364,0.0097765492591046,0.002893770619239,-0.0021679820352682,-0.7491893175134682,0.8007968127490039,2095,7,False,False
LTCUSDT,uranus_retrograde,fwd_ret_terc,0.0006721753064263,0.0015219316194741,0.0008764508838844,-0.0008497563130477,-0.9695424223678376,0.8007968127490039,3104,2,False,False
ETHUSDT,moon_near_new,fwd_absret_terc,0.0005322158153722,0.0009091808500763,0.0004693193210191,-0.0003769650347041,-0.8032165261925981,0.8007968127490039,3222,2,False,False
UNIUSDT,moon_decl_q4,fwd_absret_terc,0.0034374376101612,0.0047583105955788,0.0014900042026089,-0.0013208729854175,-0.8864894361403813,0.8047808764940239,2095,4,False,False
BNBUSDT,mars_out_of_bounds,fwd_ret_terc,0.000611495469868,0.0014400385138775,0.0011192194578269,-0.0008285430440095,-0.7402864900313809,0.8047808764940239,3141,2,False,False
DOGEUSDT,mars_retrograde,fwd_ret_terc,0.000757269026244,0.0015521785296911,0.0009444068177023,-0.000794909503447,-0.8417024194944334,0.8047808764940239,2535,2,False,False
LTCUSDT,jupiter_retrograde,fwd_absret_terc,0.0011068901797381,0.0018521218944193,0.0009232985952608,-0.0007452317146812,-0.8071405269177616,0.8047808764940239,3104,2,False,False
AVAXUSDT,saturn_retrograde,fwd_absret_terc,0.0007829288602428,0.0021200905291083,0.0014190592384605,-0.0013371616688654,-0.9422874201616258,0.8047808764940239,2090,2,False,False
BTCUSDT,sun_modality,fwd_absret_terc,0.0014490052833349,0.0019020785766177,0.0005308418117443,-0.0004530732932828,-0.8534996363494716,0.8047808764940239,3222,3,False,False
DOGEUSDT,harmonic_4_count_q5,fwd_ret_terc,0.0038746406807722,0.0051513463214631,0.0014903067279116,-0.0012767056406909,-0.8566730705698197,0.8047808764940239,2535,5,False,False
AAVEUSDT,hard_aspect_count_q5,fwd_ret_terc,0.0043902641623739,0.005835280747418,0.0016856502531282,-0.0014450165850441,-0.8572457912680486,0.8047808764940239,2067,5,False,False
DOGEUSDT,saturn_retrograde,fwd_absret_terc,0.0011547310429934,0.0024731478478625,0.0014500227011543,-0.0013184168048691,-0.909238733862288,0.8047808764940239,2535,2,False,False
DOGEUSDT,saturn_retrograde,fwd_ret_terc,0.0011584004646478,0.0024564700082386,0.0014787259879908,-0.0012980695435908,-0.877829668331268,0.8087649402390438,2535,2,False,False
NEARUSDT,lunar_8phase,fwd_absret_terc,0.008871381684457,0.0100644293288784,0.0012799515669651,-0.0011930476444213,-0.9321037414330796,0.8087649402390438,2068,8,False,False
AAVEUSDT,neptune_retrograde,fwd_absret_terc,0.0012419628731004,0.0023935245524254,0.0012242247126923,-0.001151561679325,-0.9406456734502996,0.8087649402390438,2067,2,False,False
FILUSDT,mercury_retrograde,fwd_absret_terc,0.0009590260835235,0.0016702157549569,0.0008911317394115,-0.0007111896714334,-0.7980746728907532,0.8087649402390438,2067,2,False,False
BNBUSDT,mars_sign,fwd_ret_terc,0.012121433902834,0.0146332791088152,0.0028705487951207,-0.0025118452059812,-0.8750400655967684,0.8087649402390438,3141,12,False,False
BCHUSDT,moon_decl_q4,fwd_absret_terc,0.0028947191979821,0.0041650986161149,0.0015523315540582,-0.0012703794181327,-0.8183686112748102,0.8087649402390438,2389,4,False,False
XRPUSDT,n_retrograde,fwd_absret_terc,0.0055577556072608,0.0072949321388423,0.0020119302787049,-0.0017371765315814,-0.8634377393533086,0.8087649402390438,2962,7,False,False
AAVEUSDT,pluto_out_of_bounds,fwd_ret_terc,0.0010216729161638,0.0022006157957226,0.0016462957242122,-0.0011789428795587,-0.716118533395882,0.8127490039840638,2067,2,False,False
XRPUSDT,aspect_square_count_q5,fwd_absret_terc,0.0035967807828736,0.0047450614168507,0.0013841479917877,-0.001148280633977,-0.8295938301322584,0.8127490039840638,2962,5,False,False
LTCUSDT,venus_out_of_bounds,fwd_absret_terc,0.0004779807003846,0.0012219072390788,0.0008170558753062,-0.0007439265386942,-0.9104965292801136,0.8167330677290837,3104,2,False,False
UNIUSDT,pluto_out_of_bounds,fwd_ret_terc,0.0010085788448842,0.0021139631850023,0.0015783284416625,-0.001105384340118,-0.7003512773004749,0.8167330677290837,2095,2,False,False
ATOMUSDT,pluto_retrograde,fwd_ret_terc,0.0005925496762046,0.0010252632515761,0.0004608926407641,-0.0004327135753714,-0.9388598061667004,0.8167330677290837,2602,2,False,False
AVAXUSDT,neptune_retrograde,fwd_absret_terc,0.0010147628586828,0.0021973839405355,0.0013143938333366,-0.0011826210818526,-0.8997463711850758,0.8207171314741036,2090,2,False,False
BTCUSDT,eclipse_window,fwd_ret_terc,0.0005008882749566,0.0009344094775096,0.0004969437004241,-0.000433521202553,-0.8723748830763777,0.8207171314741036,3222,2,False,False
BNBUSDT,mars_saturn_hard_aspect,fwd_absret_terc,0.0005107975983488,0.001214732516803,0.0007797806767708,-0.0007039349184542,-0.9027344988456334,0.8207171314741036,3141,2,False,False
BNBUSDT,venus_sign,fwd_absret_terc,0.0122265063591093,0.015705846880136,0.0034332926305685,-0.0034793405210266,-1.0134121659331226,0.8247011952191236,3141,12,False,False
XRPUSDT,sun_sign,fwd_absret_terc,0.010607483388705,0.0122997648317199,0.0018942745664951,-0.0016922814430149,-0.8933665018509117,0.8247011952191236,2962,12,False,False
BNBUSDT,mercury_sign,fwd_ret_terc,0.01190789598644,0.0145626746709281,0.002563157675794,-0.002654778684488,-1.035745365788148,0.8247011952191236,3141,12,False,False
DOGEUSDT,mars_sign,fwd_absret_terc,0.0194782239008395,0.0227720979559137,0.0039123092862652,-0.0032938740550741,-0.8419257819512814,0.8247011952191236,2535,12,False,False
DOTUSDT,mars_out_of_bounds,fwd_ret_terc,0.0009462472140145,0.0020000561777476,0.0011046075931035,-0.001053808963733,-0.9540120585014644,0.8286852589641435,2125,2,False,False
FILUSDT,uranus_retrograde,fwd_absret_terc,0.0015494612818119,0.0032019700818942,0.0019416144419636,-0.0016525088000823,-0.8511003855178875,0.8286852589641435,2067,2,False,False
LTCUSDT,n_retrograde,fwd_absret_terc,0.0067298671977453,0.0085323611146707,0.0020040868566738,-0.0018024939169254,-0.8994090804611993,0.8286852589641435,3104,7,False,False
ATOMUSDT,harmonic_3_count_q5,fwd_absret_terc,0.0050155046849288,0.0074502069490197,0.0025038281872802,-0.0024347022640909,-0.9723919063055162,0.8286852589641435,2602,5,False,False
ATOMUSDT,venus_sign,fwd_absret_terc,0.0147309681696252,0.0169533246726151,0.0024272915011409,-0.0022223565029899,-0.9155705039733668,0.8286852589641435,2602,12,False,False
LINKUSDT,pluto_retrograde,fwd_ret_terc,0.0005553808619229,0.0010880686469919,0.000627990198327,-0.0005326877850689,-0.8482421962763675,0.8286852589641435,2705,2,False,False
AVAXUSDT,mars_retrograde,fwd_ret_terc,0.0008831478629244,0.0018154686334275,0.0010251683760637,-0.0009323207705031,-0.9094318477545092,0.8286852589641435,2090,2,False,False
SOLUSDT,mercury_retrograde,fwd_ret_terc,0.0008880409415133,0.0016540073000046,0.0007859566439768,-0.0007659663584912,-0.974565663845734,0.8286852589641435,2132,2,False,False
DOTUSDT,uranus_retrograde,fwd_absret_terc,0.0008882662666944,0.0022140760865029,0.0014898341976715,-0.0013258098198085,-0.8899042738317099,0.8326693227091634,2125,2,False,False
XRPUSDT,venus_retrograde,fwd_absret_terc,0.0005995921899188,0.0014301908878626,0.0008877573806039,-0.0008305986979437,-0.9356145227187248,0.8326693227091634,2962,2,False,False
UNIUSDT,sun_modality,fwd_absret_terc,0.0020258494624356,0.0028716351362876,0.0007733623250082,-0.000845785673852,-1.093647371357353,0.8326693227091634,2095,3,False,False
XRPUSDT,hard_aspect_count_q5,fwd_ret_terc,0.0029754229596324,0.0040530525498403,0.0012037780789626,-0.0010776295902079,-0.8952061921052064,0.8326693227091634,2962,5,False,False
BTCUSDT,jupiter_saturn_aspect,fwd_ret_terc,0.0006858698464863,0.0016355350543809,0.0010198723928305,-0.0009496652078946,-0.9311608144023744,0.8326693227091634,3222,2,False,False
BCHUSDT,mars_out_of_bounds,fwd_ret_terc,0.0006535132383339,0.0014916352177851,0.0008926213686716,-0.0008381219794512,-0.9389445613412272,0.8326693227091634,2389,2,False,False
ADAUSDT,moon_decl_sign,fwd_absret_terc,0.0002393450054333,0.000556455056968,0.0003110270288197,-0.0003171100515347,-1.019557858807821,0.8366533864541833,2979,2,False,False
LTCUSDT,hard_aspect_count_q5,fwd_absret_terc,0.0030887587097865,0.0042652253407314,0.0011806072595494,-0.0011764666309448,-0.9964927976081152,0.8366533864541833,3104,5,False,False
UNIUSDT,pluto_retrograde,fwd_absret_terc,0.0010835040810963,0.0021699080180469,0.0010559575255293,-0.0010864039369505,-1.0288329887189311,0.8366533864541833,2095,2,False,False
XRPUSDT,venus_sign,fwd_ret_terc,0.0100400537854782,0.0117637332038713,0.0017054967731903,-0.0017236794183931,-1.010661201761628,0.8366533864541833,2962,12,False,False
ATOMUSDT,saturn_retrograde,fwd_ret_terc,0.0004908612401952,0.0009185908157174,0.000417555663611,-0.0004277295755222,-1.024365402742231,0.8366533864541833,2602,2,False,False
AAVEUSDT,aspect_square_count_q5,fwd_ret_terc,0.0042997176557414,0.0060228489688302,0.0016996322279918,-0.0017231313130887,-1.013825982297748,0.8366533864541833,2067,5,False,False
BCHUSDT,hard_aspect_count_q5,fwd_absret_terc,0.0036545496541463,0.0051833431063605,0.0015535827774004,-0.0015287934522142,-0.9840437693138646,0.8406374501992032,2389,5,False,False
LTCUSDT,saturn_retrograde,fwd_absret_terc,0.0008607877240515,0.0019849970192189,0.0011310250355046,-0.0011242092951673,-0.9939738377813686,0.8406374501992032,3104,2,False,False
LINKUSDT,mars_retrograde,fwd_absret_terc,0.0007365347581534,0.0015803159356281,0.0008613976656149,-0.0008437811774746,-0.9795489483621396,0.8446215139442231,2705,2,False,False
SOLUSDT,moon_void_of_course,fwd_absret_terc,0.0007317487495485,0.0014522391332916,0.0007608321554976,-0.0007204903837431,-0.9469767786980984,0.8446215139442231,2132,2,False,False
LINKUSDT,mars_out_of_bounds,fwd_ret_terc,0.0005934063869934,0.001314425124605,0.0007612103742982,-0.0007210187376116,-0.947200356112231,0.8446215139442231,2705,2,False,False
LINKUSDT,jupiter_saturn_aspect,fwd_absret_terc,0.0006771937472781,0.0022155007099685,0.0016144868455659,-0.0015383069626903,-0.9528148011333905,0.8446215139442231,2705,2,False,False
ETHUSDT,sun_sign,fwd_ret_terc,0.0096737253005547,0.0108409851697494,0.0011030094027377,-0.0011672598691946,-1.0582501529882509,0.848605577689243,3222,12,False,False
LTCUSDT,moon_sign,fwd_ret_terc,0.0093120627218016,0.01081236179078,0.0014897617929694,-0.0015002990689784,-1.0070731281059393,0.848605577689243,3104,12,False,False
DOGEUSDT,mars_retrograde,fwd_absret_terc,0.0010510570034962,0.0019722572236338,0.0010584093077357,-0.0009212002201375,-0.8703629242530684,0.848605577689243,2535,2,False,False
LINKUSDT,mars_out_of_bounds,fwd_absret_terc,0.0006986707895293,0.0019344836396337,0.0016214407798814,-0.0012358128501044,-0.7621695873436646,0.848605577689243,2705,2,False,False
BTCUSDT,moon_near_full,fwd_absret_terc,0.0003853402088997,0.0008212891683256,0.0005195926314772,-0.0004359489594258,-0.8390206731500571,0.852589641434263,3222,2,False,False
XRPUSDT,venus_out_of_bounds,fwd_ret_terc,0.0004018912961385,0.0010127164349874,0.0006668837369267,-0.0006108251388489,-0.9159394734438138,0.852589641434263,2962,2,False,False
DOGEUSDT,harmonic_3_count_q5,fwd_absret_terc,0.0044341125323772,0.0065612703800399,0.0021638590729473,-0.0021271578476626,-0.9830389946630652,0.852589641434263,2535,5,False,False
AVAXUSDT,harmonic_4_count_q5,fwd_ret_terc,0.0044126927837599,0.0062923867368224,0.0018058591644418,-0.0018796939530625,-1.0408862385697115,0.852589641434263,2090,5,False,False
BCHUSDT,venus_sign,fwd_absret_terc,0.0153527416785,0.0181441145813491,0.0025523327189963,-0.002791372902849,-1.0936555732227482,0.852589641434263,2389,12,False,False
BTCUSDT,mars_sign,fwd_ret_terc,0.0117736435899124,0.015429920533568,0.0033655428499816,-0.0036562769436555,-1.08638549756557,0.852589641434263,3222,12,False,False
ADAUSDT,jupiter_sign,fwd_absret_terc,0.0185714858376555,0.0214799124427457,0.0025298746497184,-0.0029084266050901,-1.149632692439483,0.8565737051792829,2979,9,False,False
FILUSDT,venus_out_of_bounds,fwd_ret_terc,0.0007629840091993,0.0018824625715776,0.0010675719714538,-0.0011194785623783,-1.0486211630807465,0.8565737051792829,2067,2,False,False
AAVEUSDT,lunar_8phase,fwd_absret_terc,0.0102962751038698,0.0118171085951689,0.0013808462362937,-0.001520833491299,-1.1013778734561293,0.8565737051792829,2067,8,False,False
FILUSDT,pluto_out_of_bounds,fwd_absret_terc,0.0008475846550067,0.0021583939474812,0.0013023371091457,-0.0013108092924744,-1.0065053689011862,0.8565737051792829,2067,2,False,False
UNIUSDT,uranus_retrograde,fwd_absret_terc,0.000910701052898,0.0020861840735774,0.001037832245427,-0.0011754830206793,-1.132632972100084,0.8565737051792829,2095,2,False,False
LINKUSDT,moon_decl_sign,fwd_absret_terc,0.0004645346543011,0.0006963760301473,0.0002297664123796,-0.0002318413758461,-1.0090307519058508,0.8565737051792829,2705,2,False,False
ATOMUSDT,mars_retrograde,fwd_ret_terc,0.0006338525521998,0.0013701294968742,0.0007869491841744,-0.0007362769446743,-0.9356092610309285,0.8565737051792829,2602,2,False,False
XRPUSDT,mars_sign,fwd_absret_terc,0.0129098943931675,0.0158979056108559,0.0029389058498587,-0.0029880112176884,-1.0167087243819135,0.8565737051792829,2962,12,False,False
XRPUSDT,sun_sign,fwd_ret_terc,0.0107333892342065,0.0119266259153772,0.0013155179461095,-0.0011932366811706,-0.9070470567881466,0.8605577689243028,2962,12,False,False
SOLUSDT,uranus_retrograde,fwd_absret_terc,0.0005459253562173,0.0013879013855891,0.0007632671102337,-0.0008419760293717,-1.103121067425341,0.8605577689243028,2132,2,False,False
BCHUSDT,moon_near_full,fwd_ret_terc,0.0005622917224489,0.0013060268407554,0.0007605622426113,-0.0007437351183064,-0.9778754145786086,0.8605577689243028,2389,2,False,False
UNIUSDT,sun_sign,fwd_absret_terc,0.0166183866253649,0.0201798260768022,0.0033279743770575,-0.0035614394514372,-1.0701523052548765,0.8605577689243028,2095,12,False,False
NEARUSDT,moon_decl_sign,fwd_absret_terc,0.0012748009144879,0.0025020971284107,0.001178962608194,-0.0012272962139228,-1.0409967249111962,0.8605577689243028,2068,2,False,False
NEARUSDT,mars_out_of_bounds,fwd_absret_terc,0.0010025661376252,0.0026812970717307,0.0017456722916305,-0.0016787309341055,-0.9616529643931369,0.8605577689243028,2068,2,False,False
FILUSDT,moon_near_full,fwd_ret_terc,0.0007160306383629,0.0015490100628561,0.0008160150688783,-0.0008329794244932,-1.0207892675783004,0.8605577689243028,2067,2,False,False
UNIUSDT,n_retrograde,fwd_absret_terc,0.0088660397885623,0.0119922057827775,0.0031872124228964,-0.0031261659942152,-0.98084645119896,0.8645418326693227,2095,7,False,False
AAVEUSDT,pluto_retrograde,fwd_absret_terc,0.0010390086746705,0.002576492877248,0.0013380407058658,-0.0015374842025774,-1.1490563746209903,0.8645418326693227,2067,2,False,False
BCHUSDT,harmonic_4_count_q5,fwd_absret_terc,0.004087966238918,0.0055611252836997,0.0013899875928327,-0.0014731590447816,-1.0598361110399872,0.8645418326693227,2389,5,False,False
LINKUSDT,mars_saturn_hard_aspect,fwd_ret_terc,0.000485686915121,0.0011772556094723,0.0006684879486293,-0.0006915686943513,-1.0345267940421532,0.8645418326693227,2705,2,False,False
ETHUSDT,mercury_retrograde,fwd_ret_terc,0.0004731503500101,0.0009537782748648,0.0004914256100454,-0.0004806279248547,-0.9780278337758144,0.8685258964143426,3222,2,False,False
ATOMUSDT,mercury_out_of_bounds,fwd_absret_terc,0.0006149407347564,0.0014315563466733,0.0007503230781215,-0.0008166156119168,-1.0883519856023134,0.8685258964143426,2602,2,False,False
ADAUSDT,saturn_retrograde,fwd_ret_terc,0.0006505438564214,0.0012571766864421,0.0005540043591483,-0.0006066328300206,-1.0949964923619158,0.8685258964143426,2979,2,False,False
UNIUSDT,sun_element,fwd_ret_terc,0.0025270043331803,0.0037216770054208,0.00105239938824,-0.0011946726722405,-1.1351894400456366,0.8685258964143426,2095,4,False,False
BNBUSDT,sun_element,fwd_ret_terc,0.0024569133225304,0.0034806135942726,0.0009475050601096,-0.0010237002717421,-1.080416680438376,0.8685258964143426,3141,4,False,False
AVAXUSDT,eclipse_window,fwd_ret_terc,0.0005591140675277,0.0015064178454095,0.000938700530044,-0.0009473037778818,-1.0091650612335712,0.8685258964143426,2090,2,False,False
SOLUSDT,hard_aspect_count_q5,fwd_absret_terc,0.0044858805962355,0.0065305632625227,0.0018050764372766,-0.0020446826662872,-1.132740212027891,0.8685258964143426,2132,5,False,False
DOTUSDT,mercury_retrograde,fwd_absret_terc,0.000856316241595,0.0018110095716546,0.0009420359318496,-0.0009546933300595,-1.013436215946755,0.8725099601593626,2125,2,False,False
BTCUSDT,venus_out_of_bounds,fwd_absret_terc,0.0005318947718934,0.0013877805016609,0.000802538846674,-0.0008558857297675,-1.0664726490369292,0.8725099601593626,3222,2,False,False
BCHUSDT,sun_element,fwd_ret_terc,0.0020909096543508,0.0034703713075771,0.0013200383829811,-0.0013794616532263,-1.045016319988322,0.8725099601593626,2389,4,False,False
BTCUSDT,moon_near_full,fwd_ret_terc,0.0003841380104293,0.0010069213818674,0.0005471137700277,-0.000622783371438,-1.1383068852508094,0.8725099601593626,3222,2,False,False
DOTUSDT,mars_sign,fwd_absret_terc,0.0193898550564969,0.0238831290398298,0.0039651688814719,-0.0044932739833328,-1.1331860300651122,0.8725099601593626,2125,12,False,False
UNIUSDT,sun_sign,fwd_ret_terc,0.0138110754408318,0.0172305219086513,0.0025249886244126,-0.0034194464678194,-1.3542423259886478,0.8725099601593626,2095,12,False,False
AAVEUSDT,harmonic_3_count_q5,fwd_ret_terc,0.0042456433383211,0.0063915150077377,0.0020145474887912,-0.0021458716694166,-1.0651879299723706,0.8764940239043825,2067,5,False,False
BNBUSDT,moon_perigee_q4,fwd_ret_terc,0.0020917238249694,0.0032452472398264,0.0009544864130958,-0.001153523414857,-1.2085278522881997,0.8764940239043825,3141,4,False,False
XRPUSDT,hard_aspect_count_q5,fwd_absret_terc,0.0030289503912706,0.0044114365482357,0.0013509253103592,-0.0013824861569651,-1.023362391957526,0.8764940239043825,2962,5,False,False
ATOMUSDT,harmonic_4_count_q5,fwd_absret_terc,0.0037829823302778,0.0058298976450188,0.0018968717133155,-0.002046915314741,-1.079100552964208,0.8764940239043825,2602,5,False,False
UNIUSDT,moon_near_new,fwd_absret_terc,0.0005937003834727,0.00144674657659,0.0009239148508962,-0.0008530461931173,-0.923295249870491,0.8764940239043825,2095,2,False,False
LTCUSDT,mars_sign,fwd_absret_terc,0.0120778516817003,0.0156344120586735,0.002845021033372,-0.0035565603769732,-1.2500998534825938,0.8764940239043825,3104,12,False,False
AAVEUSDT,moon_near_full,fwd_absret_terc,0.0006018117007653,0.0014801945951597,0.0007693733374102,-0.0008783828943943,-1.1416861641592964,0.8764940239043825,2067,2,False,False
AVAXUSDT,uranus_retrograde,fwd_ret_terc,0.0007722366872888,0.0025050594142931,0.0014758446555586,-0.0017328227270043,-1.174122710325763,0.8804780876494024,2090,2,False,False
ETHUSDT,jupiter_sign,fwd_ret_terc,0.0230948897277674,0.0249618815091766,0.0016069234468179,-0.0018669917814092,-1.1618423921228265,0.8804780876494024,3222,10,False,False
LINKUSDT,moon_void_of_course,fwd_ret_terc,0.0004669376677938,0.0011568823529984,0.0006242507791516,-0.0006899446852045,-1.1052364021750989,0.8804780876494024,2705,2,False,False
ATOMUSDT,lunar_4phase,fwd_ret_terc,0.0024384345746623,0.003444924976009,0.0008591597382554,-0.0010064904013467,-1.1714822710273154,0.8804780876494024,2602,4,False,False
BNBUSDT,lunar_8phase,fwd_absret_terc,0.0047472558156629,0.0061840208430744,0.0011134013582279,-0.0014367650274114,-1.2904286641954577,0.8804780876494024,3141,8,False,False
BNBUSDT,sun_element,fwd_absret_terc,0.0021488084919304,0.0032036612289332,0.0010015085505706,-0.0010548527370027,-1.0532638352430657,0.8804780876494024,3141,4,False,False
AAVEUSDT,aspect_square_count_q5,fwd_absret_terc,0.004595644795401,0.0068767502913715,0.0019770143675394,-0.0022811054959704,-1.1538133123480931,0.8844621513944223,2067,5,False,False
NEARUSDT,mercury_retrograde,fwd_absret_terc,0.0006112565539463,0.0016625336942943,0.0009857062510863,-0.001051277140348,-1.066521734228071,0.8844621513944223,2068,2,False,False
XRPUSDT,mercury_retrograde,fwd_absret_terc,0.0005843918271156,0.001244616732508,0.0006386497139072,-0.0006602249053923,-1.03378251178284,0.8844621513944223,2962,2,False,False
DOTUSDT,mercury_retrograde,fwd_ret_terc,0.0007490991055234,0.0017753536981421,0.0009430028137919,-0.0010262545926186,-1.088283701394254,0.8884462151394422,2125,2,False,False
AVAXUSDT,pluto_retrograde,fwd_absret_terc,0.0007482657689662,0.0023065708952265,0.0013777185268049,-0.0015583051262602,-1.1310765558725169,0.8884462151394422,2090,2,False,False
BTCUSDT,moon_decl_q4,fwd_ret_terc,0.001883748398418,0.0027447350343421,0.0006781784410211,-0.0008609866359241,-1.269557661885811,0.8884462151394422,3222,4,False,False
SOLUSDT,venus_retrograde,fwd_absret_terc,0.0007676954017209,0.0020740503452406,0.0011992931833791,-0.0013063549435196,-1.0892707151381125,0.8884462151394422,2132,2,False,False
XRPUSDT,moon_void_of_course,fwd_ret_terc,0.0004446815784891,0.0010771108535541,0.0006049143676845,-0.000632429275065,-1.0454856238342085,0.8884462151394422,2962,2,False,False
LINKUSDT,moon_decl_q4,fwd_absret_terc,0.0018067550181783,0.0026490423297926,0.0007332116833411,-0.0008422873116142,-1.148764171045504,0.8884462151394422,2705,4,False,False
BCHUSDT,moon_sign,fwd_absret_terc,0.0116068607282789,0.0138352565236983,0.0020002647625047,-0.0022283957954194,-1.1140504183201247,0.8924302788844621,2389,12,False,False
FILUSDT,jupiter_sign,fwd_absret_terc,0.0134321839169356,0.016690612652176,0.0027681795965302,-0.0032584287352404,-1.1771016372364915,0.8924302788844621,2067,7,False,False
NEARUSDT,harmonic_4_count_q5,fwd_absret_terc,0.0048528182273108,0.0073666675959823,0.0020242382203428,-0.0025138493686714,-1.241874273199728,0.8924302788844621,2068,5,False,False
BCHUSDT,eclipse_window,fwd_ret_terc,0.0005927431722762,0.0014064911761971,0.0007120761740648,-0.0008137480039209,-1.1427822381357218,0.8924302788844621,2389,2,False,False
XRPUSDT,harmonic_3_count_q5,fwd_absret_terc,0.0031889128521469,0.0050253603789682,0.0016629141681766,-0.0018364475268213,-1.1043549703079143,0.8924302788844621,2962,5,False,False
AAVEUSDT,mars_out_of_bounds,fwd_absret_terc,0.0009729013676325,0.0025960900767161,0.0016841394512379,-0.0016231887090835,-0.9638089695543955,0.8924302788844621,2067,2,False,False
XRPUSDT,aspect_trine_count_q5,fwd_absret_terc,0.0030876198905763,0.0048354179100879,0.0014533939232841,-0.0017477980195116,-1.2025631809180994,0.896414342629482,2962,5,False,False
BTCUSDT,venus_sign,fwd_absret_terc,0.0120405456982853,0.0145278878589803,0.0021746118269206,-0.0024873421606949,-1.1438097272823058,0.896414342629482,3222,12,False,False
ETHUSDT,lunar_8phase,fwd_absret_terc,0.0046175680687903,0.0056927799344607,0.0008807581773842,-0.0010752118656704,-1.2207798840582105,0.896414342629482,3222,8,False,False
NEARUSDT,uranus_retrograde,fwd_ret_terc,0.0008759190280494,0.0022786042424723,0.0013444861450793,-0.0014026852144229,-1.0432872213347295,0.896414342629482,2068,2,False,False
AVAXUSDT,harmonic_3_count_q5,fwd_ret_terc,0.0043935594061052,0.0066614014636138,0.0019167368242436,-0.0022678420575085,-1.1831786340325647,0.896414342629482,2090,5,False,False
LINKUSDT,harmonic_4_count_q5,fwd_ret_terc,0.0030559192121564,0.0045484706099365,0.0012784309376988,-0.00149255139778,-1.1674869199165818,0.896414342629482,2705,5,False,False
BCHUSDT,sun_sign,fwd_ret_terc,0.0100526528531542,0.0131674947696134,0.0021521201564474,-0.0031148419164592,-1.4473364357132292,0.896414342629482,2389,12,False,False
BNBUSDT,uranus_retrograde,fwd_absret_terc,0.0006319851988847,0.0022132533048935,0.0016748634806627,-0.0015812681060087,-0.944117609742762,0.896414342629482,3141,2,False,False
XRPUSDT,saturn_retrograde,fwd_ret_terc,0.0006135490411053,0.0012411332654709,0.0004809931105258,-0.0006275842243655,-1.3047675956927194,0.900398406374502,2962,2,False,False
LINKUSDT,jupiter_sign,fwd_absret_terc,0.0209366840290548,0.0241811022632408,0.0026295389331072,-0.003244418234186,-1.233835404883018,0.900398406374502,2705,8,False,False
AAVEUSDT,n_retrograde,fwd_ret_terc,0.0068474134690548,0.0099984737756482,0.0027147068412482,-0.0031510603065934,-1.1607368643696914,0.900398406374502,2067,7,False,False
ETHUSDT,moon_sign,fwd_ret_terc,0.0110864551597695,0.0126110253752622,0.0012523798889391,-0.0015245702154927,-1.217338468109887,0.900398406374502,3222,12,False,False
DOTUSDT,harmonic_3_count_q5,fwd_absret_terc,0.0051599307454182,0.0084048546238034,0.0028332998411533,-0.0032449238783851,-1.145280789294879,0.900398406374502,2125,5,False,False
DOTUSDT,jupiter_sign,fwd_absret_terc,0.0262747450449025,0.0317836766878951,0.0042068846525037,-0.0055089316429925,-1.3095038485816102,0.900398406374502,2125,7,False,False
BCHUSDT,mars_sign,fwd_ret_terc,0.0115488325021929,0.015803689936366,0.0028137619153975,-0.004254857434173,-1.5121597214353768,0.900398406374502,2389,12,False,False
BNBUSDT,mars_retrograde,fwd_absret_terc,0.000519275317214,0.0016695883748503,0.0010669232793888,-0.0011503130576363,-1.0781591140230036,0.900398406374502,3141,2,False,False
DOTUSDT,harmonic_3_count_q5,fwd_ret_terc,0.0047573160492229,0.0074625936938437,0.002210866123366,-0.0027052776446208,-1.2236279782070134,0.904382470119522,2125,5,False,False
BTCUSDT,moon_decl_q4,fwd_absret_terc,0.0017903201208462,0.0030946158552531,0.0010433722795019,-0.0013042957344069,-1.250077043478245,0.904382470119522,3222,4,False,False
LINKUSDT,venus_sign,fwd_ret_terc,0.0109840699074977,0.0137438943253392,0.0022005420375607,-0.0027598244178415,-1.2541566444696342,0.904382470119522,2705,12,False,False
BNBUSDT,venus_sign,fwd_ret_terc,0.0116568695337477,0.0147588785581481,0.002684274360893,-0.0031020090244003,-1.1556229383975147,0.904382470119522,3141,12,False,False
LTCUSDT,venus_out_of_bounds,fwd_ret_terc,0.0003847083861905,0.0010889173922108,0.0006640928619704,-0.0007042090060203,-1.0604074314710024,0.9083665338645418,3104,2,False,False
FILUSDT,sun_sign,fwd_absret_terc,0.0210981128306869,0.0243251335038224,0.002623734634564,-0.0032270206731355,-1.229934091132541,0.9083665338645418,2067,12,False,False
ADAUSDT,saturn_retrograde,fwd_absret_terc,0.0006386992260784,0.001320807972173,0.0006424076122918,-0.0006821087460946,-1.061800534494261,0.9083665338645418,2979,2,False,False
DOGEUSDT,venus_out_of_bounds,fwd_absret_terc,0.0005965555763447,0.0018615098365342,0.0013450254024033,-0.0012649542601895,-0.9404686765984176,0.9083665338645418,2535,2,False,False
BTCUSDT,jupiter_sign,fwd_ret_terc,0.0152416099475555,0.0193088540367263,0.0027286060389782,-0.0040672440891707,-1.4905941096186237,0.9123505976095616,3222,10,False,False
BCHUSDT,pluto_out_of_bounds,fwd_ret_terc,0.0005116209315304,0.0016488591460965,0.0009821575527221,-0.0011372382145661,-1.1578979476502491,0.9123505976095616,2389,2,False,False
NEARUSDT,moon_decl_q4,fwd_absret_terc,0.0030104409180125,0.0054401527864565,0.0018976819513979,-0.0024297118684439,-1.280357789488436,0.9123505976095616,2068,4,False,False
XRPUSDT,jupiter_retrograde,fwd_ret_terc,0.0004994963429245,0.0012149127020617,0.0005984640641447,-0.0007154163591372,-1.195420747876594,0.9123505976095616,2962,2,False,False
SOLUSDT,jupiter_retrograde,fwd_absret_terc,0.0004188844902144,0.0013795300578612,0.0007128137427683,-0.0009606455676468,-1.3476810420572911,0.9123505976095616,2132,2,False,False
ADAUSDT,mars_sign,fwd_ret_terc,0.0129968741468113,0.0160517923296025,0.0024459621341349,-0.0030549181827912,-1.2489638086206942,0.9123505976095616,2979,12,False,False
BNBUSDT,venus_out_of_bounds,fwd_absret_terc,0.0004837131273973,0.0012509539261355,0.0006652161262839,-0.0007672407987381,-1.1533707143032708,0.9163346613545816,3141,2,False,False
UNIUSDT,moon_void_of_course,fwd_absret_terc,0.0005602724285187,0.0014980574949833,0.0008461746248149,-0.0009377850664645,-1.1082642269846392,0.9163346613545816,2095,2,False,False
BCHUSDT,moon_out_of_bounds,fwd_ret_terc,0.0003696900090817,0.0010909864232292,0.0005883137736739,-0.0007212964141475,-1.2260403315787949,0.9203187250996016,2389,2,False,False
XRPUSDT,pluto_out_of_bounds,fwd_absret_terc,0.0005844301441657,0.0018379933161527,0.0013562499006985,-0.0012535631719869,-0.9242862774340485,0.9203187250996016,2962,2,False,False
BTCUSDT,mars_retrograde,fwd_ret_terc,0.0005623485859558,0.0016278728431835,0.0008572819690389,-0.0010655242572277,-1.2429099126186205,0.9203187250996016,3222,2,False,False
LINKUSDT,lunar_4phase,fwd_absret_terc,0.0018731260822387,0.002866464169166,0.0007662842515736,-0.0009933380869273,-1.2963049741494332,0.9203187250996016,2705,4,False,False
ETHUSDT,pluto_out_of_bounds,fwd_ret_terc,0.0006126345050582,0.0016446817484897,0.0013658860476566,-0.0010320472434315,-0.7555880999019758,0.9203187250996016,3222,2,False,False
DOGEUSDT,jupiter_saturn_aspect,fwd_ret_terc,0.00070006480963,0.0021147055018628,0.0014977849745881,-0.0014146406922328,-0.9444885055158122,0.9243027888446216,2535,2,False,False
UNIUSDT,mercury_out_of_bounds,fwd_ret_terc,0.0005736644290349,0.0016531980637394,0.000904680378464,-0.0010795336347045,-1.1932762779019066,0.9243027888446216,2095,2,False,False
ETHUSDT,mercury_retrograde,fwd_absret_terc,0.0003201441814111,0.0009264869280872,0.0004934030865863,-0.000606342746676,-1.2288993789462574,0.9243027888446216,3222,2,False,False
LINKUSDT,harmonic_3_count_q5,fwd_ret_terc,0.0030913873850114,0.0049451329476478,0.0014236735516894,-0.0018537455626364,-1.302086114078992,0.9282868525896414,2705,5,False,False
ATOMUSDT,saturn_retrograde,fwd_absret_terc,0.0003799802817032,0.00146403561183,0.0007818741835036,-0.0010840553301267,-1.3864830851289829,0.9282868525896414,2602,2,False,False
AVAXUSDT,mars_saturn_hard_aspect,fwd_absret_terc,0.0005273431670687,0.0016269402844741,0.0008428771094322,-0.0010995971174054,-1.3045758451621996,0.9282868525896414,2090,2,False,False
NEARUSDT,jupiter_saturn_aspect,fwd_absret_terc,0.0009133447769063,0.0032014597992138,0.0021823209838461,-0.0022881150223074,-1.0484777625493429,0.9282868525896414,2068,2,False,False
BCHUSDT,mars_sign,fwd_absret_terc,0.0120987237998151,0.0160888235791527,0.0030127302418918,-0.0039900997793375,-1.324413226201078,0.9282868525896414,2389,12,False,False
BCHUSDT,saturn_retrograde,fwd_absret_terc,0.0011630839213161,0.0024558845390134,0.00119372076184,-0.0012928006176972,-1.083000865046993,0.9282868525896414,2389,2,False,False
BNBUSDT,aspect_square_count_q5,fwd_ret_terc,0.0026609214226053,0.0045397934960646,0.0014195313566412,-0.0018788720734593,-1.3235861713579251,0.9282868525896414,3141,5,False,False
AVAXUSDT,hard_aspect_count_q5,fwd_ret_terc,0.0038794515154036,0.0060093761181761,0.001571208496877,-0.0021299246027725,-1.355596413210581,0.9282868525896414,2090,5,False,False
LINKUSDT,venus_sign,fwd_absret_terc,0.0142828359765919,0.0180382674200161,0.0028720220837249,-0.0037554314434242,-1.3075914230274828,0.9322709163346612,2705,12,False,False
LINKUSDT,mars_sign,fwd_ret_terc,0.0108047751673805,0.0147697724700248,0.0028651305183704,-0.0039649973026442,-1.3838801678393944,0.9322709163346612,2705,12,False,False
DOTUSDT,hard_aspect_count_q5,fwd_ret_terc,0.0035840898964135,0.0063112029063362,0.0020289800423217,-0.0027271130099226,-1.344080746502557,0.9322709163346612,2125,5,False,False
UNIUSDT,neptune_retrograde,fwd_ret_terc,0.0004238420058372,0.0016780735030269,0.0010732756525093,-0.0012542314971897,-1.1686014625015255,0.9322709163346612,2095,2,False,False
AAVEUSDT,sun_modality,fwd_absret_terc,0.0010952051616012,0.0024862587343799,0.0009615821135851,-0.0013910535727786,-1.446630041393198,0.9322709163346612,2067,3,False,False
AAVEUSDT,n_retrograde,fwd_absret_terc,0.0069741911787092,0.0123506928801621,0.0033340376264982,-0.0053765017014528,-1.6126097854209835,0.9322709163346612,2067,7,False,False
ADAUSDT,moon_decl_sign,fwd_ret_terc,0.0004451252390393,0.000980337117671,0.0004089943918296,-0.0005352118786317,-1.30860444378588,0.9322709163346612,2979,2,False,False
ETHUSDT,jupiter_sign,fwd_absret_terc,0.0273728234450027,0.0301024545113287,0.0017445824178152,-0.0027296310663259,-1.5646329106905852,0.9322709163346612,3222,10,False,False
SOLUSDT,jupiter_saturn_aspect,fwd_ret_terc,0.0004574651730533,0.0020333946489615,0.0014991785055132,-0.0015759294759082,-1.051195351395967,0.9322709163346612,2132,2,False,False
ETHUSDT,venus_out_of_bounds,fwd_ret_terc,0.00025100055916,0.0009791131734009,0.0005512505080603,-0.0007281126142409,-1.3208379921552569,0.9322709163346612,3222,2,False,False
FILUSDT,venus_retrograde,fwd_ret_terc,0.0005539952580702,0.0018586770970673,0.0010855421594446,-0.0013046818389971,-1.2018711826582196,0.9322709163346612,2067,2,False,False
LINKUSDT,moon_near_new,fwd_absret_terc,0.0003396727253116,0.0010491666956135,0.0005823604355842,-0.0007094939703018,-1.2183073006841785,0.9362549800796812,2705,2,False,False
SOLUSDT,jupiter_saturn_aspect,fwd_absret_terc,0.0008736748397282,0.0034686897134576,0.0026617499949943,-0.0025950148737293,-0.9749281031687754,0.9362549800796812,2132,2,False,False
BNBUSDT,moon_decl_sign,fwd_absret_terc,0.0001649266464867,0.0005338937164518,0.000251781053694,-0.0003689670699651,-1.465428254237824,0.9362549800796812,3141,2,False,False
NEARUSDT,lunar_4phase,fwd_ret_terc,0.0017245513274948,0.0027026171637688,0.0006929359431273,-0.0009780658362739,-1.4114808821430018,0.9362549800796812,2068,4,False,False
DOTUSDT,jupiter_saturn_aspect,fwd_absret_terc,0.0007670305603217,0.0035093185038668,0.0030365130692647,-0.002742287943545,-0.9031042781610916,0.9362549800796812,2125,2,False,False
AAVEUSDT,venus_sign,fwd_ret_terc,0.0126497996266831,0.017148691311799,0.0030577471764268,-0.0044988916851159,-1.4713092435500592,0.9362549800796812,2067,12,False,False
DOGEUSDT,moon_void_of_course,fwd_ret_terc,0.0003449566877326,0.0011480091854098,0.0007212355266134,-0.0008030524976772,-1.1134400179203676,0.9362549800796812,2535,2,False,False
ETHUSDT,moon_sign,fwd_absret_terc,0.0086070032684331,0.0103414915150639,0.0012094883571803,-0.0017344882466307,-1.434067749667583,0.9402390438247012,3222,12,False,False
BTCUSDT,mars_sign,fwd_absret_terc,0.0134662788644129,0.0191525955322189,0.0041470040291496,-0.005686316667806,-1.371186675449664,0.9402390438247012,3222,12,False,False
ETHUSDT,mars_retrograde,fwd_ret_terc,0.0003251440026301,0.0013329554825075,0.000926649147605,-0.0010078114798773,-1.0875869065245043,0.9402390438247012,3222,2,False,False
BCHUSDT,moon_out_of_bounds,fwd_absret_terc,0.0002663696914099,0.001212641194939,0.0008227836980237,-0.000946271503529,-1.150085381859005,0.9402390438247012,2389,2,False,False
XRPUSDT,aspect_trine_count_q5,fwd_ret_terc,0.0026253965996142,0.0043848741571811,0.0013255324604271,-0.0017594775575668,-1.327374176110267,0.9402390438247012,2962,5,False,False
LINKUSDT,sun_modality,fwd_absret_terc,0.0013765663125344,0.0026393078543622,0.0008892837545816,-0.0012627415418278,-1.4199534572875172,0.9402390438247012,2705,3,False,False
LINKUSDT,moon_out_of_bounds,fwd_absret_terc,0.0005739007855179,0.0014899025032233,0.0006827681345873,-0.0009160017177053,-1.3415999829267482,0.9442231075697212,2705,2,False,False
XRPUSDT,venus_out_of_bounds,fwd_absret_terc,0.0003550135934181,0.0012063054317784,0.0008053575858654,-0.0008512918383603,-1.0570358475551949,0.9442231075697212,2962,2,False,False
SOLUSDT,mars_sign,fwd_ret_terc,0.0141311413265528,0.018480747157341,0.0028154336208856,-0.0043496058307881,-1.5449150704607684,0.9442231075697212,2132,12,False,False
AVAXUSDT,moon_out_of_bounds,fwd_ret_terc,0.0003685060508712,0.0011790705397006,0.0006306888615313,-0.0008105644888293,-1.2852050167198752,0.9442231075697212,2090,2,False,False
SOLUSDT,neptune_retrograde,fwd_absret_terc,0.0004646026715165,0.001368959905092,0.0006575760153214,-0.0009043572335755,-1.3752892631484703,0.9482071713147412,2132,2,False,False
ETHUSDT,jupiter_saturn_aspect,fwd_absret_terc,0.0006344818750457,0.0021435856529022,0.0017598809030549,-0.0015091037778565,-0.857503354480926,0.9482071713147412,3222,2,False,False
LTCUSDT,sun_modality,fwd_ret_terc,0.0014142843530439,0.0021364116966536,0.000414176535534,-0.0007221273436097,-1.743525481660965,0.952191235059761,3104,3,False,False
ADAUSDT,mercury_retrograde,fwd_absret_terc,0.0003377325077576,0.0012412525855389,0.0007232764953855,-0.0009035200777813,-1.2492042580476286,0.952191235059761,2979,2,False,False
BNBUSDT,mars_out_of_bounds,fwd_absret_terc,0.0004069685520171,0.0019313990422385,0.0015161129335324,-0.0015244304902213,-1.005486106282061,0.952191235059761,3141,2,False,False
XRPUSDT,harmonic_4_count_q5,fwd_ret_terc,0.0025222874649843,0.004302825089801,0.0012375957358656,-0.0017805376248166,-1.438706980976472,0.9561752988047808,2962,5,False,False
LINKUSDT,moon_near_full,fwd_ret_terc,0.0003159730144919,0.0011628570818136,0.0006727669812752,-0.0008468840673216,-1.2588074190507856,0.9561752988047808,2705,2,False,False
BTCUSDT,n_retrograde,fwd_absret_terc,0.0054896482175473,0.0079259388116258,0.0018657577451853,-0.0024362905940785,-1.305791494295238,0.9561752988047808,3222,7,False,False
AAVEUSDT,mercury_retrograde,fwd_absret_terc,0.000391966169737,0.0015861178875053,0.0009410147674765,-0.0011941517177682,-1.2690042271818105,0.9561752988047808,2067,2,False,False
XRPUSDT,pluto_retrograde,fwd_ret_terc,0.0004993440284888,0.0011986730775962,0.000438078445157,-0.0006993290491074,-1.5963557596557338,0.9561752988047808,2962,2,False,False
FILUSDT,mercury_out_of_bounds,fwd_ret_terc,0.0003889173292477,0.0016120776935496,0.0010103093412487,-0.0012231603643018,-1.2106790607221496,0.9561752988047808,2067,2,False,False
NEARUSDT,uranus_retrograde,fwd_absret_terc,0.0008048366028296,0.0029406559858209,0.0018582596832766,-0.0021358193829912,-1.1493653993640052,0.9561752988047808,2068,2,False,False
BNBUSDT,mercury_retrograde,fwd_absret_terc,0.0003048513444117,0.0011885205946434,0.0006028109562165,-0.0008836692502317,-1.4659143818122538,0.9601593625498008,3141,2,False,False
ETHUSDT,jupiter_retrograde,fwd_absret_terc,0.0003930924567217,0.0014604884797337,0.0007481789051881,-0.001067396023012,-1.4266588052807885,0.9601593625498008,3222,2,False,False
LTCUSDT,pluto_out_of_bounds,fwd_absret_terc,0.0004884414925141,0.0018195531458021,0.0012081087908525,-0.0013311116532879,-1.1018143923517143,0.9601593625498008,3104,2,False,False
SOLUSDT,pluto_retrograde,fwd_ret_terc,0.0004227567634806,0.0013765339009375,0.0007462696016051,-0.0009537771374568,-1.2780597459756655,0.9601593625498008,2132,2,False,False
BCHUSDT,mars_retrograde,fwd_ret_terc,0.0004573191318002,0.0015300715075166,0.0008889071223871,-0.0010727523757163,-1.2068216675275754,0.9641434262948207,2389,2,False,False
LTCUSDT,mars_sign,fwd_ret_terc,0.0110770131909771,0.0146866885140343,0.0020440764698393,-0.0036096753230571,-1.765919903838481,0.9641434262948207,3104,12,False,False
FILUSDT,eclipse_window,fwd_ret_terc,0.0004382031268198,0.0016524029026562,0.0008309374673968,-0.0012141997758363,-1.4612408556329262,0.9641434262948207,2067,2,False,False
NEARUSDT,aspect_conjunction_count_q5,fwd_absret_terc,0.0052108152192774,0.0091984123071889,0.0026181668505475,-0.0039875970879115,-1.5230492613858753,0.9641434262948207,2068,5,False,False
ATOMUSDT,n_retrograde,fwd_absret_terc,0.0059676081815389,0.0100138946302824,0.0025693335055072,-0.0040462864487434,-1.574838937829764,0.9641434262948207,2602,7,False,False
ATOMUSDT,sun_modality,fwd_absret_terc,0.0011560924971646,0.0024679829240145,0.0007769977933143,-0.0013118904268499,-1.688409462855618,0.9641434262948207,2602,3,False,False
AAVEUSDT,saturn_retrograde,fwd_absret_terc,0.0005943150040729,0.0024278459366525,0.0013446896503617,-0.0018335309325795,-1.3635346506060453,0.9681274900398408,2067,2,False,False
ATOMUSDT,mercury_retrograde,fwd_absret_terc,0.0002889947726044,0.0015209037315038,0.0008452690958466,-0.0012319089588994,-1.4574163008591952,0.9681274900398408,2602,2,False,False
FILUSDT,mars_retrograde,fwd_ret_terc,0.0004099013891434,0.0014334987348725,0.0008647113140829,-0.0010235973457291,-1.1837445966746931,0.9681274900398408,2067,2,False,False
LTCUSDT,moon_decl_sign,fwd_absret_terc,0.0003558038461534,0.0013846728524481,0.0007131035874114,-0.0010288690062946,-1.442804417839784,0.9681274900398408,3104,2,False,False
BNBUSDT,mercury_retrograde,fwd_ret_terc,0.0001424072918044,0.0008263222057112,0.0005035210029875,-0.0006839149139067,-1.3582649181441375,0.9681274900398408,3141,2,False,False
LTCUSDT,sun_modality,fwd_absret_terc,0.0022068758749012,0.0030304450802422,0.0005448215156347,-0.0008235692053409,-1.511631207114717,0.9681274900398408,3104,3,False,False
ATOMUSDT,mars_sign,fwd_absret_terc,0.0140314048340049,0.0211055359807047,0.0041313437291416,-0.0070741311466997,-1.7123075712147062,0.9721115537848606,2602,12,False,False
FILUSDT,jupiter_saturn_aspect,fwd_absret_terc,0.0006284512901867,0.0023175153280874,0.0012530877212171,-0.0016890640379006,-1.3479216253591646,0.9721115537848606,2067,2,False,False
LINKUSDT,sun_sign,fwd_ret_terc,0.0096580899256673,0.0137552694030805,0.0023394069216022,-0.0040971794774132,-1.751375290711314,0.9721115537848606,2705,12,False,False
LINKUSDT,mars_sign,fwd_absret_terc,0.0135556292423673,0.0202156620646309,0.0044567803719807,-0.0066600328222636,-1.494359664688532,0.9721115537848606,2705,12,False,False
LTCUSDT,pluto_out_of_bounds,fwd_ret_terc,0.0003370972567164,0.0015389414763196,0.0008812251392084,-0.0012018442196031,-1.3638333339907966,0.9721115537848606,3104,2,False,False
BCHUSDT,moon_decl_sign,fwd_absret_terc,0.0003768784934507,0.0015606027166732,0.0009097812856961,-0.0011837242232224,-1.3011085651390693,0.9721115537848606,2389,2,False,False
DOGEUSDT,mars_saturn_hard_aspect,fwd_absret_terc,0.0003247598066261,0.0018321093437502,0.0013092918100505,-0.0015073495371241,-1.1512708821312734,0.9721115537848606,2535,2,False,False
FILUSDT,eclipse_window,fwd_absret_terc,0.0003888879222518,0.0016515276796529,0.0008178549687529,-0.0012626397574011,-1.5438431086704123,0.9760956175298804,2067,2,False,False
BCHUSDT,moon_near_new,fwd_ret_terc,0.0002557992761375,0.0013268930184251,0.0008767127902857,-0.0010710937422875,-1.22171565666161,0.9800796812749004,2389,2,False,False
ETHUSDT,aspect_square_count_q5,fwd_absret_terc,0.0023516821134452,0.0046796845697242,0.0014177698045382,-0.0023280024562789,-1.6420172363857144,0.9800796812749004,3222,5,False,False
BNBUSDT,mercury_out_of_bounds,fwd_ret_terc,0.0002031259884739,0.001072098212609,0.0005860202906541,-0.000868972224135,-1.4828364102632372,0.9800796812749004,3141,2,False,False
AAVEUSDT,mars_sign,fwd_ret_terc,0.01535538924361,0.0198954328239372,0.0026232472274275,-0.0045400435803272,-1.7306960369035986,0.9800796812749004,2067,12,False,False
BTCUSDT,lunar_8phase,fwd_absret_terc,0.0031800537343711,0.0055048048656891,0.0013208465683979,-0.002324751131318,-1.7600463119177798,0.9800796812749004,3222,8,False,False
LINKUSDT,sun_sign,fwd_absret_terc,0.0127379902784305,0.0180689116683299,0.0022654626602235,-0.0053309213898994,-2.3531270161713587,0.9840637450199204,2705,12,False,False
LTCUSDT,moon_decl_q4,fwd_absret_terc,0.0016577598075503,0.0035224521183375,0.0009891384883662,-0.0018646923107871,-1.885168085883572,0.9840637450199204,3104,4,False,False
XRPUSDT,uranus_retrograde,fwd_absret_terc,0.0002124479264646,0.0006931034453963,0.0003444762742077,-0.0004806555189317,-1.395322566226758,0.9840637450199204,2962,2,False,False
BNBUSDT,moon_near_new,fwd_absret_terc,0.0001637122653618,0.0008740679300555,0.0004631637100598,-0.0007103556646936,-1.533703200973893,0.9840637450199204,3141,2,False,False
AVAXUSDT,mars_sign,fwd_ret_terc,0.0150819109708254,0.0213187594322754,0.0031823042675718,-0.0062368484614499,-1.9598529672364848,0.9840637450199204,2090,12,False,False
ADAUSDT,mars_retrograde,fwd_absret_terc,0.000252965995449,0.0013411903214555,0.0006910316578476,-0.0010882243260065,-1.5747821588898594,0.9840637450199204,2979,2,False,False
BTCUSDT,pluto_retrograde,fwd_ret_terc,0.0004124849278955,0.0015133397429914,0.0006843286261319,-0.0011008548150959,-1.6086639854866829,0.9840637450199204,3222,2,False,False
ATOMUSDT,lunar_4phase,fwd_absret_terc,0.0019813930448802,0.0034380085864967,0.0007939986833823,-0.0014566155416164,-1.834531431981106,0.9880478087649402,2602,4,False,False
FILUSDT,venus_retrograde,fwd_absret_terc,0.0003314658499816,0.0020078138365431,0.0013128735689041,-0.0016763479865615,-1.2768540903453245,0.9880478087649402,2067,2,False,False
ADAUSDT,jupiter_retrograde,fwd_absret_terc,0.0003078290234914,0.001370737809425,0.0007371156089324,-0.0010629087859335,-1.441983825946854,0.9880478087649402,2979,2,False,False
LTCUSDT,mercury_sign,fwd_ret_terc,0.0086573075667268,0.0132125499827457,0.0021112404415592,-0.0045552424160188,-2.157614228275505,0.9880478087649402,3104,12,False,False
BCHUSDT,hard_aspect_count_q5,fwd_ret_terc,0.0024251298891052,0.005288550875507,0.0013035934994022,-0.0028634209864017,-2.1965597310163463,0.9920318725099602,2389,5,False,False
ATOMUSDT,mars_sign,fwd_ret_terc,0.0096126438228452,0.0143634521566298,0.0025099802372135,-0.0047508083337846,-1.892767227147068,0.9920318725099602,2602,12,False,False
DOTUSDT,harmonic_4_count_q5,fwd_ret_terc,0.0029795960541924,0.0066651728302956,0.0018863189323326,-0.0036855767761031,-1.95384603999362,0.9920318725099602,2125,5,False,False
UNIUSDT,eclipse_window,fwd_ret_terc,0.00020636106344,0.001529088625211,0.0007846776751543,-0.0013227275617709,-1.685695418199353,0.9920318725099602,2095,2,False,False
XRPUSDT,jupiter_saturn_aspect,fwd_absret_terc,0.0002340136140992,0.0020885653861459,0.0013246082664116,-0.0018545517720466,-1.4000756443039797,0.99601593625498,2962,2,False,False
ETHUSDT,moon_near_full,fwd_ret_terc,0.0001760193766302,0.0008578424987464,0.0004347224392455,-0.0006818231221162,-1.568410232744343,0.99601593625498,3222,2,False,False
DOTUSDT,moon_out_of_bounds,fwd_ret_terc,0.0002721177955926,0.0020378378076959,0.0011072488978812,-0.0017657200121033,-1.59469114440494,0.99601593625498,2125,2,False,False
LINKUSDT,sun_element,fwd_ret_terc,0.0017124427082997,0.0055390185356916,0.0013355605284033,-0.0038265758273918,-2.8651459413573575,0.99601593625498,2705,4,False,False
XRPUSDT,jupiter_retrograde,fwd_absret_terc,0.0002339454102337,0.0017175437314184,0.0009684788568428,-0.0014835983211847,-1.5318850904200718,0.99601593625498,2962,2,False,False
SOLUSDT,moon_out_of_bounds,fwd_ret_terc,0.0001768327578068,0.0012012053140487,0.0006164326583054,-0.0010243725562419,-1.6617752846806404,0.99601593625498,2132,2,False,False
AVAXUSDT,moon_near_full,fwd_absret_terc,0.0002058880603232,0.001184726996487,0.0006289461802843,-0.0009788389361638,-1.5563158929134582,0.99601593625498,2090,2,False,False
DOGEUSDT,mercury_retrograde,fwd_absret_terc,0.0002167017426858,0.0015382582432638,0.0007039348327947,-0.0013215565005779,-1.8773847222919728,1.0,2535,2,False,False
AVAXUSDT,mars_sign,fwd_absret_terc,0.0119925389309462,0.0199264660532547,0.0033920300164672,-0.0079339271223085,-2.338990835514996,1.0,2090,12,False,False
ADAUSDT,lunar_8phase,fwd_absret_terc,0.004656573122132,0.006877541101494,0.0010398561710896,-0.0022209679793619,-2.135841514538041,1.0,2979,8,False,False
LINKUSDT,sun_element,fwd_absret_terc,0.0028350306862931,0.0068900474992876,0.0016061884229265,-0.0040550168129945,-2.5246208695777006,1.0,2705,4,False,False
DOGEUSDT,mercury_out_of_bounds,fwd_ret_terc,0.0001585094004457,0.0014391215956807,0.0007477377889462,-0.0012806121952349,-1.7126487575806717,1.0,2535,2,False,False
