asset,state,target,mi_obs,null_mean,null_std,excess_nats,z,p,n,n_states,bh_reject_0.05,bonf_reject_0.05
GLD,hard_aspect_count_q5,fwd_vol_5d,0.0319613372063257,0.0119312315232913,0.0038622960103744,0.0200301056830344,5.186061769794897,0.0039840637450199,2595,5,False,False
QQQ,saturn_sign,fwd_vol_5d,0.1314254216154312,0.0910674900536497,0.0166236520882273,0.0403579315617814,2.427741590571572,0.0039840637450199,2595,5,False,False
SPY,saturn_sign,fwd_ret_1d,0.0454276643172217,0.0326159045554991,0.0055877395076944,0.0128117597617225,2.2928341137020416,0.0039840637450199,2599,5,False,False
XLK,saturn_sign,fwd_ret_1d,0.053237862639312,0.0335797043859197,0.0058278554939709,0.0196581582533922,3.373137558700459,0.0039840637450199,2599,5,False,False
SLV,moon_out_of_bounds,fwd_ret_1d,0.0093373308526472,0.0033713735348927,0.0019235185088887,0.0059659573177544,3.1015856048096793,0.0039840637450199,2599,2,False,False
XLK,saturn_sign,fwd_absret_1d,0.0522407935751038,0.0318637116014091,0.0057000167684656,0.0203770819736946,3.574916145234377,0.0039840637450199,2599,5,False,False
GLD,hard_aspect_count_q5,fwd_absret_1d,0.0160954209421094,0.0082529161991254,0.0019634035467057,0.007842504742984,3.994341741993175,0.0039840637450199,2599,5,False,False
SPY,saturn_sign,fwd_vol_5d,0.121652800989106,0.0885213656637945,0.0152985232415673,0.0331314353253115,2.165662319307445,0.0039840637450199,2595,5,False,False
XLK,saturn_sign,fwd_vol_5d,0.1408354170893014,0.0940593380578942,0.0162764351522858,0.0467760790314071,2.8738528181238765,0.0039840637450199,2595,5,False,False
GLD,aspect_conjunction_count_q5,fwd_ret_1d,0.0184840145210127,0.0095273281631797,0.0023829396799262,0.008956686357833,3.75867103699008,0.0039840637450199,2599,5,False,False
GLD,hard_aspect_count_q5,fwd_ret_1d,0.0177200706868208,0.0077677297286914,0.0018479354463338,0.0099523409581294,5.385654016147634,0.0039840637450199,2599,5,False,False
SPY,saturn_sign,fwd_absret_1d,0.0439508039109764,0.0323269885831068,0.0056452229754291,0.0116238153278696,2.059053358647187,0.0039840637450199,2599,5,False,False
SPY,aspect_conjunction_count_q5,fwd_ret_1d,0.0214256055581237,0.0106127720130723,0.0029040437529676,0.0108128335450513,3.723371431302139,0.0039840637450199,2599,5,False,False
SLV,moon_out_of_bounds,fwd_absret_1d,0.0091608508571109,0.0033544227028125,0.001792410366923,0.0058064281542983,3.2394524498683777,0.0079681274900398,2599,2,False,False
GLD,aspect_conjunction_count_q5,fwd_vol_5d,0.0407144149195596,0.0215169065022079,0.0075561116122288,0.0191975084173516,2.540659720574052,0.0079681274900398,2595,5,False,False
XLK,aspect_conjunction_count_q5,fwd_absret_1d,0.0235790132946553,0.0105724529957698,0.0027933674844245,0.0130065602988855,4.656229576455157,0.0079681274900398,2599,5,False,False
SLV,moon_out_of_bounds,fwd_vol_5d,0.0284893258206523,0.0089201473568696,0.0053477599023064,0.0195691784637826,3.659322561460267,0.0079681274900398,2595,2,False,False
QQQ,saturn_sign,fwd_absret_1d,0.0401839088256313,0.0289725423031715,0.0058805405216112,0.0112113665224598,1.9065197291401208,0.0119521912350597,2599,5,False,False
XLK,aspect_conjunction_count_q5,fwd_ret_1d,0.0224836784831239,0.0104048585469835,0.0029918472004014,0.0120788199361404,4.0372449283237195,0.0119521912350597,2599,5,False,False
GLD,aspect_conjunction_count_q5,fwd_absret_1d,0.0178670393590629,0.0099641402979386,0.0028229525443509,0.0079028990611242,2.7995153786551623,0.0119521912350597,2599,5,False,False
USO,venus_retrograde,fwd_vol_5d,0.0111245433907259,0.0044101798302514,0.0022936570755571,0.0067143635604745,2.927361562470469,0.0159362549800796,2595,2,False,False
IWM,moon_near_new,fwd_absret_1d,0.0041444092481362,0.0017123791965357,0.0008440339074158,0.0024320300516005,2.881436433101,0.0159362549800796,2599,2,False,False
SLV,aspect_conjunction_count_q5,fwd_ret_1d,0.0208982414951993,0.0112456369579722,0.00358066864062,0.0096526045372271,2.6957547614781836,0.0159362549800796,2599,5,False,False
IWM,aspect_conjunction_count_q5,fwd_vol_5d,0.0396757573999119,0.0240454368940123,0.0069589874711765,0.0156303205058996,2.2460624581720854,0.0159362549800796,2595,5,False,False
XLE,moon_near_full,fwd_vol_5d,0.0046933425265507,0.0020160740445165,0.0009563312701333,0.0026772684820342,2.7995199630573393,0.0159362549800796,2595,2,False,False
SPY,aspect_conjunction_count_q5,fwd_vol_5d,0.0378347383831227,0.0230492280177212,0.0061662806016133,0.0147855103654014,2.397800444166146,0.0159362549800796,2595,5,False,False
SPY,n_retrograde,fwd_ret_1d,0.0224642594009887,0.0154223716733637,0.0031971044666736,0.0070418877276249,2.202582931220724,0.0159362549800796,2599,7,False,False
TLT,eclipse_window,fwd_absret_1d,0.0040660681525982,0.0017314294086601,0.0008236462306033,0.002334638743938,2.8345163945301373,0.0159362549800796,2599,2,False,False
SLV,hard_aspect_count_q5,fwd_vol_5d,0.0239707512321643,0.0126560751627081,0.0039035860836992,0.0113146760694561,2.898533765325268,0.0159362549800796,2595,5,False,False
XLK,aspect_conjunction_count_q5,fwd_vol_5d,0.0426617757534255,0.0241654365906195,0.007366786387867,0.0184963391628059,2.510774466498579,0.0199203187250996,2595,5,False,False
XLE,mercury_sign,fwd_absret_1d,0.0335185279868867,0.0237898774581856,0.0039446014937818,0.0097286505287011,2.4663202465539404,0.0199203187250996,2599,12,False,False
XLE,sun_element,fwd_ret_1d,0.0049383253442727,0.0035778228480948,0.0006560544171293,0.0013605024961779,2.0737647070971152,0.0199203187250996,2599,4,False,False
GLD,harmonic_4_count_q5,fwd_vol_5d,0.0237145152253645,0.0122677361203339,0.0039529644548712,0.0114467791050306,2.895745518511964,0.0199203187250996,2595,5,False,False
TLT,mercury_out_of_bounds,fwd_absret_1d,0.0045034200715763,0.0020762707931207,0.0009204764590599,0.0024271492784555,2.636840143564634,0.0239043824701195,2599,2,False,False
GLD,moon_perigee_q4,fwd_absret_1d,0.008832180070283,0.0059219932154023,0.0012672622656935,0.0029101868548807,2.296436131385961,0.0239043824701195,2599,4,False,False
SPY,n_retrograde,fwd_absret_1d,0.0221817855566733,0.0153132998508402,0.0033248961763694,0.0068684857058331,2.06577449083933,0.0239043824701195,2599,7,False,False
TLT,venus_out_of_bounds,fwd_absret_1d,0.0037854735385105,0.0019823439034903,0.0007965934611864,0.0018031296350202,2.263550635144123,0.0239043824701195,2599,2,False,False
USO,eclipse_window,fwd_absret_1d,0.0045520623025136,0.0019635289295175,0.0009309605842009,0.0025885333729961,2.7804972809003536,0.0239043824701195,2599,2,False,False
GLD,moon_decl_sign,fwd_absret_1d,0.002621262925648,0.0013572682149375,0.0005528968966686,0.0012639947107105,2.2861309555657607,0.0278884462151394,2599,2,False,False
XLE,mercury_sign,fwd_vol_5d,0.0808708308317927,0.0614743535051267,0.0088797542089842,0.019396477326666,2.1843484481858093,0.0278884462151394,2595,12,False,False
TLT,moon_perigee_q4,fwd_ret_1d,0.007405120451617,0.0046476837285683,0.0011670120976951,0.0027574367230487,2.362817599315997,0.0278884462151394,2599,4,False,False
USO,moon_decl_q4,fwd_absret_1d,0.0081960874726327,0.0050369610821508,0.001383354363575,0.0031591263904819,2.28367110674201,0.0278884462151394,2599,4,False,False
IWM,saturn_sign,fwd_vol_5d,0.1218368513507609,0.0991074608866308,0.0112320765712543,0.0227293904641301,2.023614272920837,0.0318725099601593,2595,5,False,False
QQQ,moon_void_of_course,fwd_vol_5d,0.0037644107316159,0.0017386848888369,0.0008073197270799,0.002025725842779,2.50919898874004,0.0318725099601593,2595,2,False,False
TLT,mercury_sign,fwd_ret_1d,0.0283939293630694,0.0226419520448754,0.0029910209524607,0.005751977318194,1.923081586393378,0.0318725099601593,2599,12,False,False
SPY,aspect_conjunction_count_q5,fwd_absret_1d,0.0178362655378009,0.0109017390884862,0.0029510662993535,0.0069345264493147,2.349837565775367,0.0358565737051792,2599,5,False,False
IWM,moon_out_of_bounds,fwd_vol_5d,0.0184742493359119,0.0095897075596271,0.0041953490592378,0.0088845417762848,2.1177121738468565,0.0358565737051792,2595,2,False,False
SPY,moon_perigee_q4,fwd_vol_5d,0.0133527125576412,0.0094532322929894,0.0020352176931196,0.0038994802646518,1.9160015549366216,0.0358565737051792,2595,4,False,False
USO,moon_sign,fwd_absret_1d,0.0243371239839981,0.0185416277345328,0.0024707281171738,0.0057954962494653,2.3456632922017113,0.0358565737051792,2599,12,False,False
IWM,mercury_retrograde,fwd_ret_1d,0.0034469608488786,0.0018192492900478,0.0008022610645622,0.0016277115588307,2.028905091784367,0.0398406374501992,2599,2,False,False
QQQ,aspect_conjunction_count_q5,fwd_absret_1d,0.0162353171984188,0.010573394061321,0.0027645165313613,0.0056619231370977,2.0480699148901738,0.0398406374501992,2599,5,False,False
TLT,mercury_out_of_bounds,fwd_ret_1d,0.0035580527738215,0.0017219246833233,0.000843285832137,0.0018361280904982,2.177349625150309,0.0398406374501992,2599,2,False,False
IWM,moon_decl_sign,fwd_absret_1d,0.0037187226932677,0.0020229738111507,0.0008286021814079,0.0016957488821169,2.046517520911644,0.0398406374501992,2599,2,False,False
XLF,mercury_sign,fwd_vol_5d,0.0729995896378123,0.0566799186444968,0.0085154786308989,0.0163196709933154,1.916471369454036,0.0398406374501992,2595,12,False,False
XLF,venus_retrograde,fwd_vol_5d,0.009478981816222,0.0050904401228861,0.0019980979482998,0.0043885416933359,2.196359641463022,0.0398406374501992,2595,2,False,False
QQQ,sun_modality,fwd_ret_1d,0.0048950335374229,0.003032925830633,0.0010224172869163,0.0018621077067899,1.8212795603310892,0.0438247011952191,2599,3,False,False
TLT,venus_out_of_bounds,fwd_vol_5d,0.011900537816589,0.0047024917796078,0.0028543085509612,0.0071980460369811,2.521817774240702,0.0438247011952191,2595,2,False,False
USO,moon_decl_sign,fwd_absret_1d,0.0031398215510672,0.0016836306990667,0.0007457542702021,0.0014561908520005,1.9526416544765477,0.0438247011952191,2599,2,False,False
XLK,n_retrograde,fwd_ret_1d,0.0196046432053954,0.0145473083215046,0.002942779380232,0.0050573348838907,1.718557265238142,0.047808764940239,2599,7,False,False
IWM,moon_void_of_course,fwd_absret_1d,0.003403477711198,0.0017304568121717,0.0008475888480163,0.0016730208990263,1.9738590272179328,0.0517928286852589,2599,2,False,False
QQQ,moon_near_new,fwd_vol_5d,0.0034656050159684,0.0018221540818162,0.0008439213808085,0.0016434509341521,1.9473981481279108,0.0517928286852589,2595,2,False,False
SLV,lunar_4phase,fwd_ret_1d,0.005383331881232,0.0036858560067053,0.0009654207857355,0.0016974758745267,1.7582756655000016,0.0517928286852589,2599,4,False,False
XLF,mercury_sign,fwd_ret_1d,0.0309836072606316,0.0254554015921018,0.0032567180558428,0.0055282056685298,1.6974775137846767,0.0517928286852589,2599,12,False,False
GLD,aspect_square_count_q5,fwd_absret_1d,0.0109571975237198,0.0078898814938259,0.0019424217692926,0.0030673160298938,1.5791194674526887,0.0557768924302788,2599,5,False,False
USO,lunar_8phase,fwd_ret_1d,0.0152871987149645,0.0123548010693684,0.0017186346397811,0.0029323976455961,1.706236786877263,0.0557768924302788,2599,8,False,False
USO,hard_aspect_count_q5,fwd_vol_5d,0.0165652019598707,0.010564545452797,0.0030306170136729,0.0060006565070736,1.980011489409954,0.0557768924302788,2595,5,False,False
XLK,moon_out_of_bounds,fwd_vol_5d,0.0154233904105628,0.0087780426556863,0.0039848838915579,0.0066453477548765,1.6676389916792362,0.0557768924302788,2595,2,False,False
GLD,venus_sign,fwd_ret_1d,0.0252304171439718,0.0203968243232383,0.0027964080017911,0.0048335928207334,1.7285005684569077,0.0557768924302788,2599,12,False,False
QQQ,aspect_conjunction_count_q5,fwd_vol_5d,0.0348153959454905,0.022834796407871,0.0065471034348821,0.0119805995376195,1.829908394877109,0.0597609561752988,2595,5,False,False
IWM,aspect_conjunction_count_q5,fwd_ret_1d,0.0165098810388597,0.0107814386854714,0.0030444526961147,0.0057284423533883,1.8816000526790275,0.0597609561752988,2599,5,False,False
USO,lunar_4phase,fwd_absret_1d,0.0076250345185483,0.0054076698684641,0.0012209563836702,0.0022173646500841,1.8160883384046016,0.0597609561752988,2599,4,False,False
XLF,venus_retrograde,fwd_absret_1d,0.0044601530538274,0.0024517616998154,0.0010919844850094,0.002008391354012,1.8392123529068365,0.0597609561752988,2599,2,False,False
XLE,mercury_sign,fwd_ret_1d,0.0269205000370126,0.0218512701529125,0.0028673877238305,0.0050692298841001,1.7678913256028392,0.0597609561752988,2599,12,False,False
TLT,mercury_sign,fwd_absret_1d,0.0299792674045874,0.0242270981490666,0.0033051515514904,0.0057521692555208,1.7403647505745925,0.0597609561752988,2599,12,False,False
QQQ,saturn_sign,fwd_ret_1d,0.0377931841075679,0.028292343759905,0.0060156523252299,0.0095008403476629,1.5793532993613852,0.0597609561752988,2599,5,False,False
QQQ,sun_element,fwd_ret_1d,0.0059075536685227,0.0044543822852179,0.0008715951578168,0.0014531713833048,1.6672549982319451,0.0597609561752988,2599,4,False,False
TLT,eclipse_window,fwd_ret_1d,0.0036657611474477,0.0018935603174431,0.0009230476285178,0.0017722008300045,1.9199451634474511,0.0637450199203187,2599,2,False,False
IWM,aspect_conjunction_count_q5,fwd_absret_1d,0.0162767650456175,0.0113282684852342,0.0029152919307496,0.0049484965603833,1.6974274542415664,0.0637450199203187,2599,5,False,False
USO,moon_decl_q4,fwd_ret_1d,0.0074405644125784,0.0049724388782444,0.0014007647684723,0.002468125534334,1.7619843030644105,0.0637450199203187,2599,4,False,False
QQQ,aspect_conjunction_count_q5,fwd_ret_1d,0.0155442585547059,0.0101541338640907,0.0027308663817038,0.0053901246906151,1.9737782583313537,0.0637450199203187,2599,5,False,False
SPY,venus_retrograde,fwd_ret_1d,0.0046442241875151,0.0023185069338873,0.0012931912427272,0.0023257172536278,1.7984325726819714,0.0637450199203187,2599,2,False,False
IWM,venus_retrograde,fwd_absret_1d,0.0036597460408682,0.0020482842273608,0.0009925267062548,0.0016114618135074,1.62359541899696,0.0637450199203187,2599,2,False,False
XLE,lunar_4phase,fwd_absret_1d,0.007589481128057,0.0057194850576657,0.0011397459507929,0.0018699960703912,1.6407130633718592,0.0677290836653386,2599,4,False,False
USO,sun_modality,fwd_ret_1d,0.0061692543113024,0.0043567868358338,0.0011080599806961,0.0018124674754686,1.635712422652344,0.0717131474103585,2599,3,False,False
GLD,moon_out_of_bounds,fwd_vol_5d,0.0104032874872817,0.0052212959993171,0.0030870860397169,0.0051819914879645,1.678602870569698,0.0717131474103585,2595,2,False,False
GLD,harmonic_4_count_q5,fwd_ret_1d,0.0102216667905992,0.0076716324295944,0.0019155798691829,0.0025500343610047,1.331207537742844,0.0756972111553784,2599,5,False,False
SLV,moon_decl_sign,fwd_vol_5d,0.0031315406742577,0.0019645050208991,0.0007619451798134,0.0011670356533586,1.531653043128919,0.0756972111553784,2595,2,False,False
USO,moon_out_of_bounds,fwd_vol_5d,0.0058141919426031,0.0032546281916952,0.0017308519616814,0.0025595637509079,1.4787883698738815,0.0756972111553784,2595,2,False,False
QQQ,pluto_retrograde,fwd_vol_5d,0.0117206066739307,0.0061318907617616,0.0037024130536279,0.005588715912169,1.5094793128748356,0.0796812749003984,2595,2,False,False
IWM,saturn_sign,fwd_ret_1d,0.039215602135398,0.0329150534497493,0.0049418776203138,0.0063005486856487,1.2749301317681443,0.0796812749003984,2599,5,False,False
GLD,aspect_square_count_q5,fwd_ret_1d,0.0109002016486076,0.0079437202341214,0.0019041911122508,0.0029564814144862,1.5526180095397384,0.0836653386454183,2599,5,False,False
TLT,aspect_square_count_q5,fwd_vol_5d,0.0197087435295023,0.0143717444827494,0.0038506592326117,0.0053369990467528,1.385996195548307,0.0836653386454183,2595,5,False,False
TLT,mars_retrograde,fwd_absret_1d,0.0035876931249359,0.0019880984589702,0.0010029731795323,0.0015995946659656,1.5948528820196668,0.0836653386454183,2599,2,False,False
SLV,aspect_conjunction_count_q5,fwd_vol_5d,0.0465637646549482,0.0274666978692462,0.011318142806582,0.0190970667857019,1.687296857095322,0.0836653386454183,2595,5,False,False
XLF,sun_modality,fwd_ret_1d,0.0065377212723315,0.0047488949283462,0.0011769914500276,0.0017888263439852,1.5198295144312566,0.0836653386454183,2599,3,False,False
IWM,mercury_out_of_bounds,fwd_ret_1d,0.003168462989818,0.0019083151508775,0.0008218252800796,0.0012601478389404,1.533352489252118,0.0876494023904382,2599,2,False,False
SLV,pluto_retrograde,fwd_absret_1d,0.0036853771681773,0.0023259556617229,0.0009205745464416,0.0013594215064544,1.4767098565880743,0.0876494023904382,2599,2,False,False
XLE,n_retrograde,fwd_ret_1d,0.0163187511541412,0.0129792748874512,0.0023103144752647,0.00333947626669,1.4454639411404506,0.0916334661354581,2599,7,False,False
TLT,pluto_retrograde,fwd_ret_1d,0.0033753642659877,0.0021709818382902,0.0008117402321397,0.0012043824276975,1.483704244303258,0.0916334661354581,2599,2,False,False
SPY,venus_retrograde,fwd_vol_5d,0.0111617918518153,0.0064211037703355,0.0033213951274614,0.0047406880814798,1.427318310394214,0.0916334661354581,2595,2,False,False
IWM,moon_near_full,fwd_ret_1d,0.0028178362216712,0.0017412306164887,0.0008032452019065,0.0010766056051825,1.340319995223295,0.095617529880478,2599,2,False,False
USO,saturn_sign,fwd_vol_5d,0.0533227862136767,0.0381018028270262,0.011037980363919,0.0152209833866505,1.3789645283665155,0.095617529880478,2595,5,False,False
USO,sun_sign,fwd_ret_1d,0.025850463721176,0.0213932367861829,0.0031350263079035,0.004457226934993,1.4217510467954055,0.095617529880478,2599,12,False,False
XLE,moon_decl_sign,fwd_vol_5d,0.0039685414632697,0.0025543235377167,0.0010282838163769,0.0014142179255529,1.375318664973069,0.095617529880478,2595,2,False,False
SPY,moon_near_full,fwd_ret_1d,0.0029224271752346,0.001681780831528,0.0008842792514413,0.0012406463437066,1.4030028881536754,0.099601593625498,2599,2,False,False
SLV,moon_decl_q4,fwd_vol_5d,0.0109565999177348,0.0076507435325752,0.0022309925738834,0.0033058563851596,1.481787265389776,0.099601593625498,2595,4,False,False
SPY,mercury_out_of_bounds,fwd_vol_5d,0.0078682605322929,0.004330233293748,0.0024053919222195,0.0035380272385449,1.4708735012630818,0.099601593625498,2595,2,False,False
XLK,n_retrograde,fwd_absret_1d,0.0190188748881601,0.01458582324614,0.0032621146414547,0.0044330516420201,1.3589502912268057,0.099601593625498,2599,7,False,False
IWM,venus_retrograde,fwd_vol_5d,0.0082692715476956,0.0050185740888558,0.0025927999262793,0.0032506974588397,1.2537401848450918,0.099601593625498,2595,2,False,False
XLE,neptune_retrograde,fwd_absret_1d,0.003519834284704,0.0022303825385185,0.0009091269422812,0.0012894517461854,1.418340702729508,0.099601593625498,2599,2,False,False
GLD,mercury_sign,fwd_absret_1d,0.0279498794754566,0.0239821226777713,0.0029416481244136,0.0039677567976852,1.348821011172493,0.099601593625498,2599,12,False,False
XLE,lunar_4phase,fwd_ret_1d,0.0074788156448055,0.00585134962863,0.0011693311947309,0.0016274660161754,1.3917921830092783,0.1035856573705179,2599,4,False,False
GLD,moon_out_of_bounds,fwd_absret_1d,0.0039754129871962,0.0023761422742846,0.0012346515105875,0.0015992707129115,1.2953215536507832,0.1035856573705179,2599,2,False,False
XLE,neptune_retrograde,fwd_ret_1d,0.0026962635731949,0.0017591862934939,0.0006913115323554,0.0009370772797009,1.3555065058847575,0.1075697211155378,2599,2,False,False
SPY,moon_void_of_course,fwd_ret_1d,0.0026793465055258,0.0016370655278296,0.000763276941046,0.0010422809776961,1.3655344759500945,0.1075697211155378,2599,2,False,False
IWM,saturn_sign,fwd_absret_1d,0.0389739253904329,0.0327500310704788,0.0049949578321058,0.006223894319954,1.2460354079365932,0.1075697211155378,2599,5,False,False
GLD,moon_decl_q4,fwd_absret_1d,0.0063197917432523,0.0048369937154491,0.0013530979079773,0.0014827980278031,1.0958542017256283,0.1115537848605577,2599,4,False,False
XLF,venus_retrograde,fwd_ret_1d,0.0036899335573148,0.0022579559320067,0.0010872199928724,0.0014319776253081,1.317100158841638,0.1115537848605577,2599,2,False,False
SLV,aspect_conjunction_count_q5,fwd_absret_1d,0.0171142029832016,0.0117061916841229,0.0039708629812172,0.0054080112990787,1.3619234218504768,0.1115537848605577,2599,5,False,False
QQQ,venus_sign,fwd_ret_1d,0.0280151794470506,0.0239303182620114,0.0036004564781488,0.0040848611850392,1.1345398034472067,0.1115537848605577,2599,12,False,False
SPY,pluto_retrograde,fwd_absret_1d,0.0046715510473769,0.0028747122875067,0.0014702534907725,0.0017968387598702,1.2221285452797188,0.1115537848605577,2599,2,False,False
GLD,lunar_8phase,fwd_absret_1d,0.0145274614553527,0.0118933736542927,0.0021090675174799,0.0026340878010599,1.2489347919061873,0.1115537848605577,2599,8,False,False
XLF,mercury_sign,fwd_absret_1d,0.0327124250925013,0.0279455591667693,0.0035770615504869,0.0047668659257319,1.332620604496738,0.1115537848605577,2599,12,False,False
IWM,hard_aspect_count_q5,fwd_vol_5d,0.015920351369402,0.011681896253117,0.0032039945692324,0.004238455116285,1.3228658865362726,0.1155378486055776,2595,5,False,False
IWM,moon_void_of_course,fwd_ret_1d,0.0027146893408405,0.0018019420766519,0.0008518397460915,0.0009127472641886,1.0715011460506676,0.1155378486055776,2599,2,False,False
USO,aspect_conjunction_count_q5,fwd_absret_1d,0.0122284769396236,0.0089556717752125,0.0025940150515646,0.0032728051644111,1.2616754719434131,0.1155378486055776,2599,5,False,False
XLK,moon_perigee_q4,fwd_ret_1d,0.0062787818449286,0.0048528401051641,0.0012677869273376,0.0014259417397645,1.1247487326273358,0.1155378486055776,2599,4,False,False
SPY,pluto_retrograde,fwd_ret_1d,0.0054925321016902,0.0032701205814999,0.0016562374787493,0.0022224115201903,1.341843515018453,0.1155378486055776,2599,2,False,False
SLV,moon_perigee_q4,fwd_ret_1d,0.0068924767171217,0.0053173955100107,0.0013084969214839,0.001575081207111,1.203733215760871,0.1195219123505976,2599,4,False,False
USO,moon_perigee_q4,fwd_vol_5d,0.0089034141941665,0.0068934419033268,0.001666939966461,0.0020099722908396,1.205785649921718,0.1235059760956175,2595,4,False,False
GLD,harmonic_3_count_q5,fwd_absret_1d,0.0112351979548993,0.0084510326168383,0.0022332921628329,0.0027841653380609,1.246664177842827,0.1235059760956175,2599,5,False,False
SPY,pluto_retrograde,fwd_vol_5d,0.0097330076155776,0.0066884677758234,0.0025655495273863,0.0030445398397542,1.1867008635985408,0.1235059760956175,2595,2,False,False
XLF,uranus_retrograde,fwd_absret_1d,0.0058241329340375,0.0037354143215188,0.0020311866972816,0.0020887186125186,1.028324287134208,0.1235059760956175,2599,2,False,False
USO,moon_sign,fwd_ret_1d,0.0223118255881324,0.018990306117164,0.0026920918396801,0.0033215194709683,1.2338061510423672,0.1274900398406374,2599,12,False,False
IWM,hard_aspect_count_q5,fwd_ret_1d,0.0103988191568947,0.0078083150961471,0.0019973740884984,0.0025905040607476,1.2969548747350603,0.1314741035856573,2599,5,False,False
XLE,venus_retrograde,fwd_ret_1d,0.003055756121833,0.00202514633855,0.0009861528657722,0.0010306097832829,1.0450811624179015,0.1314741035856573,2599,2,False,False
QQQ,moon_near_new,fwd_absret_1d,0.002452557135377,0.0016548123954218,0.0007458389340423,0.0007977447399551,1.0695938540396437,0.1314741035856573,2599,2,False,False
USO,harmonic_4_count_q5,fwd_ret_1d,0.0094503471484194,0.0075420790972502,0.0016947839391336,0.0019082680511691,1.1259653853839446,0.1314741035856573,2599,5,False,False
TLT,jupiter_retrograde,fwd_ret_1d,0.0031390906221322,0.0021135929802329,0.0009371387729568,0.0010254976418992,1.0942857893539095,0.1314741035856573,2599,2,False,False
XLF,saturn_sign,fwd_ret_1d,0.0306198508401898,0.0248490455391798,0.0051660740052928,0.00577080530101,1.1170581945008229,0.1314741035856573,2599,5,False,False
QQQ,venus_retrograde,fwd_vol_5d,0.0116775345573073,0.0070619630971193,0.0043609642623829,0.004615571460188,1.058383234185444,0.1314741035856573,2595,2,False,False
TLT,moon_void_of_course,fwd_vol_5d,0.0026265871413023,0.0017140946371823,0.0008657557831224,0.00091249250412,1.053983723711298,0.1354581673306772,2595,2,False,False
XLE,moon_near_new,fwd_ret_1d,0.0027065696404567,0.0017757543386031,0.0007934572601625,0.0009308153018536,1.1731133466004315,0.1354581673306772,2599,2,False,False
XLF,saturn_sign,fwd_vol_5d,0.0834794240399998,0.066212702713151,0.0122080636219493,0.0172667213268488,1.4143701951064835,0.1354581673306772,2595,5,False,False
TLT,aspect_conjunction_count_q5,fwd_vol_5d,0.0345532541663271,0.0246274039234142,0.0082598149625087,0.0099258502429128,1.2017037049820354,0.1394422310756972,2595,5,False,False
GLD,moon_out_of_bounds,fwd_ret_1d,0.0038443986834536,0.0024808117000948,0.0012212054475052,0.0013635869833587,1.1165909766815658,0.1394422310756972,2599,2,False,False
GLD,mars_out_of_bounds,fwd_ret_1d,0.0031678591734441,0.0019822085482934,0.0010183345033639,0.0011856506251506,1.1643036951355237,0.1394422310756972,2599,2,False,False
QQQ,venus_retrograde,fwd_ret_1d,0.0034185314534625,0.0022027776668982,0.0013917128413841,0.0012157537865643,0.8735665508088356,0.1394422310756972,2599,2,False,False
GLD,aspect_square_count_q5,fwd_vol_5d,0.0187500621973481,0.0140787064694938,0.0040834551822976,0.0046713557278543,1.1439713476237685,0.1394422310756972,2595,5,False,False
TLT,sun_modality,fwd_vol_5d,0.0099397947114498,0.0073340520335509,0.0022920776313811,0.0026057426778988,1.1368474794323362,0.1434262948207171,2595,3,False,False
XLF,mars_saturn_hard_aspect,fwd_absret_1d,0.0033865217201179,0.0022231791954391,0.0010592059173738,0.0011633425246788,1.098315734076747,0.1434262948207171,2599,2,False,False
SPY,mercury_retrograde,fwd_absret_1d,0.0030028858449476,0.0020426375479141,0.0008794860364588,0.0009602482970335,1.0918289287455911,0.1434262948207171,2599,2,False,False
TLT,venus_out_of_bounds,fwd_ret_1d,0.0028212811040031,0.0017288935823912,0.0008820751855624,0.0010923875216118,1.2384290358597778,0.1434262948207171,2599,2,False,False
SLV,harmonic_4_count_q5,fwd_absret_1d,0.0109619854591256,0.0085915427423191,0.0020535731688455,0.0023704427168064,1.1543015621591295,0.1434262948207171,2599,5,False,False
XLK,aspect_square_count_q5,fwd_ret_1d,0.0103574500769019,0.0084323676804295,0.0019034193876113,0.0019250823964723,1.0113811012969771,0.147410358565737,2599,5,False,False
USO,hard_aspect_count_q5,fwd_ret_1d,0.0092174265387731,0.0072869858718859,0.001727502426766,0.0019304406668872,1.117474937792732,0.147410358565737,2599,5,False,False
XLE,moon_void_of_course,fwd_absret_1d,0.0026448408593727,0.0017957886917893,0.0008410890443528,0.0008490521675833,1.0094676339966075,0.147410358565737,2599,2,False,False
QQQ,moon_void_of_course,fwd_ret_1d,0.0026342534055022,0.0017582783065928,0.0008445172270899,0.0008759750989093,1.0372495324077862,0.1513944223107569,2599,2,False,False
XLF,lunar_4phase,fwd_ret_1d,0.0064699024389072,0.0054301079753344,0.0011464915166718,0.0010397944635727,0.9069360291397592,0.1513944223107569,2599,4,False,False
USO,aspect_conjunction_count_q5,fwd_vol_5d,0.0235750592758578,0.0168726883412132,0.0057263950763097,0.0067023709346446,1.1704346007093638,0.1513944223107569,2595,5,False,False
XLE,mercury_out_of_bounds,fwd_vol_5d,0.0069677073716167,0.0049009619252464,0.0021945445494543,0.0020667454463702,0.9417650905670284,0.1513944223107569,2595,2,False,False
SPY,sun_sign,fwd_vol_5d,0.0636471381252032,0.0537168180765391,0.0086347607153637,0.009930320048664,1.150039980956868,0.1513944223107569,2595,12,False,False
IWM,pluto_retrograde,fwd_ret_1d,0.004223590359854,0.0029238885913965,0.0011819953932235,0.0012997017684575,1.0995827698727032,0.1553784860557769,2599,2,False,False
XLF,aspect_trine_count_q5,fwd_absret_1d,0.0113962207592386,0.0092567829162729,0.0023990449277453,0.0021394378429656,0.8917873184544076,0.1553784860557769,2599,5,False,False
IWM,uranus_retrograde,fwd_ret_1d,0.0042076636249484,0.0030138760750931,0.0012382531284889,0.0011937875498552,0.9640900736604732,0.1553784860557769,2599,2,False,False
TLT,pluto_out_of_bounds,fwd_vol_5d,0.014078653229322,0.0082587899780705,0.005414561112723,0.0058198632512515,1.0748541073026392,0.1553784860557769,2595,2,False,False
GLD,pluto_out_of_bounds,fwd_absret_1d,0.0042282153686365,0.0028806700237716,0.0020290338668385,0.0013475453448649,0.664131519383924,0.1553784860557769,2599,2,False,False
XLF,moon_decl_q4,fwd_absret_1d,0.0071439541329901,0.0058056289681274,0.0013614675954443,0.0013383251648626,0.9830018498720656,0.1553784860557769,2599,4,False,False
XLK,venus_sign,fwd_vol_5d,0.0720883155276914,0.0604461720633033,0.0106792043789298,0.0116421434643881,1.090169553020097,0.1553784860557769,2595,12,False,False
USO,sun_modality,fwd_absret_1d,0.0069242398704179,0.0057641374082799,0.001101909310345,0.001160102462138,1.0528111989314122,0.1553784860557769,2599,3,False,False
GLD,neptune_retrograde,fwd_ret_1d,0.0033121495326414,0.0021295018226848,0.0011993725791726,0.0011826477099565,0.986055317999952,0.1593625498007968,2599,2,False,False
SLV,sun_modality,fwd_ret_1d,0.0030094852326778,0.0022844012095516,0.0007803959963701,0.0007250840231262,0.9291231970677312,0.1593625498007968,2599,3,False,False
USO,moon_void_of_course,fwd_vol_5d,0.0025997788798953,0.0017539151894364,0.0008269032227637,0.0008458636904589,1.022929488207688,0.1593625498007968,2595,2,False,False
USO,mercury_sign,fwd_ret_1d,0.0273593450170999,0.0231446246947088,0.004123267987404,0.0042147203223911,1.022179575828312,0.1593625498007968,2599,12,False,False
QQQ,sun_element,fwd_vol_5d,0.016997186289651,0.0139809408953726,0.0029464975251991,0.0030162453942783,1.0236714500802215,0.1593625498007968,2595,4,False,False
QQQ,sun_sign,fwd_ret_1d,0.0268439753912,0.0239860954684883,0.0028215016920625,0.0028578799227117,1.012893215960676,0.1633466135458167,2599,12,False,False
QQQ,moon_near_full,fwd_vol_5d,0.0027612850303619,0.0018808028293466,0.0008721118993588,0.0008804822010152,1.0095977381602428,0.1633466135458167,2595,2,False,False
IWM,mercury_retrograde,fwd_vol_5d,0.0060235471360143,0.004150190793992,0.0017754307531448,0.0018733563420223,1.0551559607177303,0.1673306772908366,2595,2,False,False
USO,aspect_square_count_q5,fwd_absret_1d,0.0103546396822909,0.0081634476749577,0.0021739873788098,0.0021911920073332,1.0079138585122676,0.1673306772908366,2599,5,False,False
USO,pluto_out_of_bounds,fwd_ret_1d,0.0046426431773499,0.0031734799687244,0.002384863702241,0.0014691632086255,0.6160365505353387,0.1673306772908366,2599,2,False,False
GLD,moon_decl_sign,fwd_ret_1d,0.0024721878772377,0.0017301262263413,0.0007114753128579,0.0007420616508964,1.0429900201535751,0.1713147410358565,2599,2,False,False
USO,moon_sign,fwd_vol_5d,0.0289936564728393,0.0264729456088037,0.0026342702792423,0.0025207108640355,0.956891509538126,0.1713147410358565,2595,12,False,False
XLF,mercury_retrograde,fwd_absret_1d,0.001895740983302,0.0013545642635147,0.0006014337330191,0.0005411767197873,0.8998110516194052,0.1713147410358565,2599,2,False,False
TLT,sun_modality,fwd_ret_1d,0.0061301035961803,0.0046115003800932,0.0014137999191692,0.0015186032160871,1.074128803868844,0.1713147410358565,2599,3,False,False
XLE,venus_out_of_bounds,fwd_absret_1d,0.0029598806501666,0.0020891205565261,0.0008779282581241,0.0008707600936405,0.9918351363937956,0.1713147410358565,2599,2,False,False
QQQ,moon_near_new,fwd_ret_1d,0.002593789505433,0.0017897367755261,0.000842268693099,0.0008040527299069,0.9546273493183098,0.1752988047808765,2599,2,False,False
QQQ,moon_near_full,fwd_ret_1d,0.0026545659345511,0.0018994106904652,0.0008905634377186,0.0007551552440859,0.8479522200241952,0.1752988047808765,2599,2,False,False
XLE,saturn_sign,fwd_absret_1d,0.0518316084152417,0.0460897511441317,0.0061059405411562,0.00574185727111,0.9403722870224231,0.1752988047808765,2599,5,False,False
IWM,sun_modality,fwd_ret_1d,0.0039818730147803,0.0032110756579785,0.0007993638517348,0.0007707973568018,0.9642634641646576,0.1752988047808765,2599,3,False,False
XLK,sun_sign,fwd_ret_1d,0.0290978447197347,0.0245275085410508,0.0041446796081958,0.0045703361786838,1.102699511355767,0.1752988047808765,2599,12,False,False
QQQ,pluto_retrograde,fwd_ret_1d,0.0035536049918049,0.0026596640672032,0.0010177619327231,0.0008939409246017,0.8783399102085863,0.1792828685258964,2599,2,False,False
XLK,sun_element,fwd_ret_1d,0.004741928429981,0.0039648106013296,0.0008186715394492,0.0007771178286514,0.9492425120509704,0.1792828685258964,2599,4,False,False
XLK,moon_void_of_course,fwd_ret_1d,0.0025467078677967,0.0017410143872777,0.0007702020271943,0.0008056934805189,1.046080706193313,0.1792828685258964,2599,2,False,False
TLT,aspect_square_count_q5,fwd_ret_1d,0.0100315591739069,0.0082783482108813,0.0018015464158384,0.0017532109630255,0.9731700208288196,0.1792828685258964,2599,5,False,False
GLD,venus_retrograde,fwd_vol_5d,0.0072519956318196,0.0051396033762507,0.0027043170843873,0.0021123922555688,0.7811185558691244,0.1792828685258964,2595,2,False,False
USO,saturn_sign,fwd_ret_1d,0.0181238993760004,0.0147353469018305,0.003477939905912,0.0033885524741698,0.9742987417378088,0.1792828685258964,2599,5,False,False
XLF,saturn_sign,fwd_absret_1d,0.0349103808703401,0.0300795947614026,0.0051307077392397,0.0048307861089375,0.9415438092471192,0.1792828685258964,2599,5,False,False
IWM,moon_near_full,fwd_absret_1d,0.0023628466485509,0.0016984668201612,0.0007751628611016,0.0006643798283897,0.8570841841487445,0.1832669322709163,2599,2,False,False
IWM,venus_retrograde,fwd_ret_1d,0.0028225542992243,0.0020235090246674,0.0010630462460908,0.0007990452745569,0.7516561744094179,0.1832669322709163,2599,2,False,False
TLT,saturn_retrograde,fwd_vol_5d,0.0059890131670095,0.0045751078473716,0.0014060846593787,0.0014139053196378,1.005562012363156,0.1832669322709163,2595,2,False,False
GLD,harmonic_3_count_q5,fwd_vol_5d,0.0174350142446084,0.0141029009400259,0.0044529559635719,0.0033321133045825,0.748292444803271,0.1872509960159362,2595,5,False,False
XLK,venus_retrograde,fwd_absret_1d,0.0030222627397314,0.0023899570325028,0.0016192166749151,0.0006323057072286,0.3905009854605926,0.1872509960159362,2599,2,False,False
XLF,mars_sign,fwd_vol_5d,0.0818582231222493,0.0734912504802075,0.0145573653834083,0.0083669726420418,0.5747587164074375,0.1872509960159362,2595,12,False,False
XLE,saturn_sign,fwd_ret_1d,0.0485517727076088,0.0415022903232552,0.0065820987890116,0.0070494823843535,1.0710082923887687,0.1872509960159362,2599,5,False,False
XLF,moon_perigee_q4,fwd_vol_5d,0.008266352360464,0.006937061685368,0.0016499647939816,0.001329290675096,0.8056479022732249,0.1872509960159362,2595,4,False,False
XLK,saturn_retrograde,fwd_vol_5d,0.0111968425479499,0.0078513845679219,0.0033762690119098,0.003345457980028,0.990874236687568,0.1912350597609561,2595,2,False,False
SPY,mercury_sign,fwd_absret_1d,0.0302307597775143,0.0269461807596491,0.0037400106479452,0.0032845790178652,0.8782271835695972,0.1912350597609561,2599,12,False,False
IWM,uranus_retrograde,fwd_vol_5d,0.0090769062462376,0.0069243332745379,0.0036962682709297,0.0021525729716997,0.582363836691507,0.1912350597609561,2595,2,False,False
SPY,neptune_retrograde,fwd_absret_1d,0.0040358132892724,0.0029099737204163,0.0015519513011128,0.0011258395688561,0.7254348561381484,0.1912350597609561,2599,2,False,False
TLT,sun_sign,fwd_vol_5d,0.0538975595797399,0.049028918016007,0.0054768807166752,0.0048686415637328,0.8889442395393929,0.1912350597609561,2595,12,False,False
GLD,lunar_4phase,fwd_ret_1d,0.0062895513075091,0.0050848296798843,0.001310486358566,0.0012047216276248,0.9192935277426746,0.1952191235059761,2599,4,False,False
TLT,moon_near_full,fwd_vol_5d,0.0022106733113901,0.0016254476137168,0.0007742517411957,0.0005852256976732,0.7558597114285944,0.1952191235059761,2595,2,False,False
USO,mercury_sign,fwd_vol_5d,0.0790467623372068,0.0671642630056142,0.0111022591425749,0.0118824993315925,1.070277605575386,0.1952191235059761,2595,12,False,False
XLF,moon_sign,fwd_absret_1d,0.0222939340261926,0.0200643915665855,0.0025434721314541,0.002229542459607,0.8765743614939648,0.1952191235059761,2599,12,False,False
USO,mars_out_of_bounds,fwd_vol_5d,0.0103212762397739,0.007261267741932,0.0048598335435496,0.0030600084978418,0.629652943957998,0.199203187250996,2595,2,False,False
XLE,venus_sign,fwd_absret_1d,0.0269898579166202,0.0240489732260464,0.0035112314914367,0.0029408846905737,0.8375650246205761,0.199203187250996,2599,12,False,False
XLE,saturn_sign,fwd_vol_5d,0.1525751075569436,0.1355165426627647,0.0194070522928953,0.0170585648941789,0.8789879388547758,0.199203187250996,2595,5,False,False
TLT,hard_aspect_count_q5,fwd_absret_1d,0.0093142920947692,0.0077868568655969,0.0018565095855196,0.0015274352291722,0.8227456734324873,0.199203187250996,2599,5,False,False
QQQ,harmonic_4_count_q5,fwd_ret_1d,0.0095088287098059,0.0079169371931296,0.0020028798787031,0.0015918915166762,0.7948012926801284,0.2031872509960159,2599,5,False,False
SLV,jupiter_sign,fwd_ret_1d,0.067719841293966,0.0644993163171619,0.0033885365896903,0.003220524976804,0.9504176483153473,0.2031872509960159,2599,11,False,False
GLD,pluto_retrograde,fwd_vol_5d,0.0086397477266404,0.006454833735326,0.0028335534769858,0.0021849139913143,0.7710862029110334,0.2071713147410358,2595,2,False,False
SPY,n_retrograde,fwd_vol_5d,0.0386097104521266,0.0332105315333743,0.0066451606785317,0.0053991789187522,0.8124978732561203,0.2071713147410358,2595,7,False,False
GLD,mars_out_of_bounds,fwd_vol_5d,0.0083753945618325,0.0055798230670269,0.0031085016306928,0.0027955714948055,0.8993308760730675,0.2071713147410358,2595,2,False,False
USO,saturn_retrograde,fwd_ret_1d,0.0015596372248584,0.0011602109596976,0.0005716666650402,0.0003994262651607,0.6987048390037001,0.2071713147410358,2599,2,False,False
SPY,mars_sign,fwd_vol_5d,0.104022917130403,0.0865808697437644,0.0198161723426342,0.0174420473866386,0.8801925561129822,0.2071713147410358,2595,12,False,False
SLV,soft_aspect_count_q5,fwd_ret_1d,0.0119018262418528,0.0097493283802943,0.0030839882733548,0.0021524978615585,0.6979591589746743,0.2071713147410358,2599,5,False,False
TLT,uranus_retrograde,fwd_ret_1d,0.0026874078253707,0.0021071964199071,0.0008032755563444,0.0005802114054635,0.7223068110077308,0.2071713147410358,2599,2,False,False
XLF,venus_out_of_bounds,fwd_absret_1d,0.0032511960263466,0.0024772002150575,0.0012539086599892,0.0007739958112891,0.6172665011307402,0.2111553784860557,2599,2,False,False
XLF,eclipse_window,fwd_absret_1d,0.0024611798147133,0.0018193472446495,0.0008467545725942,0.0006418325700638,0.7579912655179358,0.2111553784860557,2599,2,False,False
GLD,moon_decl_q4,fwd_vol_5d,0.0101796342915764,0.0087062808177857,0.0018804834934053,0.0014733534737907,0.7834971585539381,0.2111553784860557,2595,4,False,False
QQQ,mercury_out_of_bounds,fwd_vol_5d,0.0058613261740328,0.0044782508409062,0.0024444760865622,0.0013830753331266,0.565796221419274,0.2111553784860557,2595,2,False,False
XLK,jupiter_retrograde,fwd_absret_1d,0.0035758201360279,0.0026719608058323,0.0015700645135189,0.0009038593301955,0.575682924117357,0.2151394422310757,2599,2,False,False
XLK,mars_sign,fwd_vol_5d,0.1108008691998484,0.089688074574016,0.021520062670475,0.0211127946258324,0.9810749601021668,0.2151394422310757,2595,12,False,False
XLF,venus_out_of_bounds,fwd_vol_5d,0.0079085827569492,0.0057678055639816,0.0030941713998854,0.0021407771929676,0.6918741453840787,0.2151394422310757,2595,2,False,False
USO,lunar_4phase,fwd_ret_1d,0.0061093490092219,0.0052571031901987,0.0011387444038279,0.0008522458190232,0.7484083488431168,0.2151394422310757,2599,4,False,False
USO,aspect_conjunction_count_q5,fwd_ret_1d,0.0102294820014738,0.0086578427176435,0.002185915898666,0.0015716392838302,0.718984332740954,0.2151394422310757,2599,5,False,False
XLE,harmonic_4_count_q5,fwd_ret_1d,0.00978645010834,0.00837501187286,0.0020685785018182,0.0014114382354799,0.6823227807111809,0.2151394422310757,2599,5,False,False
IWM,mars_sign,fwd_vol_5d,0.0956597927561219,0.0780788616964485,0.0180297356599819,0.0175809310596734,0.9751075329792714,0.2191235059760956,2595,12,False,False
GLD,aspect_opposition_count_q5,fwd_vol_5d,0.0325623836679432,0.0238414422483988,0.0094441325705738,0.0087209414195443,0.923424290624338,0.2191235059760956,2595,5,False,False
XLE,jupiter_sign,fwd_absret_1d,0.0832546277558635,0.0772991273372627,0.0066207388585155,0.0059555004186008,0.899522024032241,0.2191235059760956,2599,11,False,False
XLK,pluto_retrograde,fwd_absret_1d,0.0041737823903564,0.0028976932507519,0.0017141566771685,0.0012760891396044,0.7444413667672324,0.2191235059760956,2599,2,False,False
XLF,uranus_retrograde,fwd_vol_5d,0.008759854008368,0.0071080032204044,0.0031026753249645,0.0016518507879635,0.5323956311743513,0.2191235059760956,2595,2,False,False
XLF,pluto_retrograde,fwd_ret_1d,0.0029886205274094,0.0020925547138885,0.0009571948153725,0.0008960658135208,0.9361373454285464,0.2231075697211155,2599,2,False,False
SLV,jupiter_saturn_aspect,fwd_ret_1d,0.0051143631241242,0.0035427023714329,0.0023304065677152,0.0015716607526912,0.6744148314996121,0.2231075697211155,2599,2,False,False
IWM,mars_sign,fwd_ret_1d,0.0319876753738726,0.0287969927140852,0.0045833609083949,0.0031906826597874,0.6961447556842723,0.2231075697211155,2599,12,False,False
QQQ,moon_decl_sign,fwd_vol_5d,0.0062653302299795,0.0049134445055039,0.0016483704653639,0.0013518857244756,0.820134643808413,0.2231075697211155,2595,2,False,False
GLD,sun_sign,fwd_vol_5d,0.0569881734449978,0.0509405067138575,0.0069224006765054,0.0060476667311403,0.8736371980989246,0.2231075697211155,2595,12,False,False
GLD,moon_perigee_q4,fwd_ret_1d,0.0062870652748376,0.0053771433686342,0.0014456039969,0.0009099219062034,0.629440640835749,0.2270916334661354,2599,4,False,False
SLV,aspect_opposition_count_q5,fwd_absret_1d,0.0158419938920817,0.0123380243384227,0.0039392605372194,0.003503969553659,0.8894993160651122,0.2270916334661354,2599,5,False,False
XLF,venus_out_of_bounds,fwd_ret_1d,0.002695104402325,0.0020694414041509,0.0010725217314555,0.0006256629981741,0.583356942637482,0.2270916334661354,2599,2,False,False
XLK,venus_retrograde,fwd_vol_5d,0.0089573385247363,0.0067528979413429,0.0044865684728473,0.0022044405833933,0.4913422355491859,0.2270916334661354,2595,2,False,False
QQQ,venus_retrograde,fwd_absret_1d,0.0031979975244651,0.0025212687991697,0.0015864941534482,0.0006767287252953,0.4265560789017043,0.2270916334661354,2599,2,False,False
USO,harmonic_4_count_q5,fwd_vol_5d,0.0123879231779074,0.0105871310719783,0.0027408667024844,0.0018007921059291,0.6570155725912797,0.2270916334661354,2595,5,False,False
TLT,neptune_retrograde,fwd_vol_5d,0.0057001850806368,0.0048642707599174,0.0017325510972529,0.0008359143207193,0.4824759985692539,0.2310756972111553,2595,2,False,False
XLF,hard_aspect_count_q5,fwd_absret_1d,0.0094580898647533,0.0081309662949191,0.0020879782634116,0.0013271235698342,0.6356021961961432,0.2310756972111553,2599,5,False,False
XLK,jupiter_retrograde,fwd_ret_1d,0.0029787622824657,0.0021987981629151,0.0011186814031168,0.0007799641195505,0.6972173823373514,0.2310756972111553,2599,2,False,False
SLV,hard_aspect_count_q5,fwd_absret_1d,0.0096505084663337,0.0083170715034566,0.002198350819795,0.0013334369628771,0.6065624061774874,0.2310756972111553,2599,5,False,False
TLT,harmonic_4_count_q5,fwd_absret_1d,0.0091007324034881,0.0078359543411212,0.001814141849241,0.0012647780623668,0.6971770497968293,0.2310756972111553,2599,5,False,False
USO,mercury_out_of_bounds,fwd_vol_5d,0.0065555809214577,0.0046837525994915,0.0030358950226079,0.0018718283219662,0.6165655623883306,0.2310756972111553,2595,2,False,False
GLD,venus_retrograde,fwd_absret_1d,0.002552989668688,0.0020639189039386,0.0011458029296902,0.0004890707647493,0.4268367204136832,0.2350597609561753,2599,2,False,False
IWM,n_retrograde,fwd_vol_5d,0.0376222000426108,0.0315515960981942,0.0073018503109588,0.0060706039444166,0.8313788541112163,0.2350597609561753,2595,7,False,False
USO,n_retrograde,fwd_ret_1d,0.0135969839785419,0.0117371455843729,0.0025058183562774,0.0018598383941689,0.742207985471016,0.2350597609561753,2599,7,False,False
USO,sun_sign,fwd_absret_1d,0.0303757552409086,0.0270700220086629,0.0038125097553936,0.0033057332322457,0.8670753504483705,0.2350597609561753,2599,12,False,False
XLK,sun_modality,fwd_ret_1d,0.004614584528399,0.0038674359624537,0.0010907427698057,0.0007471485659452,0.6849906198125757,0.2350597609561753,2599,3,False,False
XLF,neptune_retrograde,fwd_absret_1d,0.0049003475544639,0.0036891593355924,0.0019284258619296,0.0012111882188714,0.6280709270614774,0.2350597609561753,2599,2,False,False
SLV,soft_aspect_count_q5,fwd_absret_1d,0.0116827018892766,0.0098822814177897,0.0029854352892528,0.0018004204714869,0.603067994127403,0.2350597609561753,2599,5,False,False
QQQ,mars_sign,fwd_vol_5d,0.1124427531650823,0.091927789503822,0.0233073690364253,0.0205149636612603,0.8801921670866869,0.2390438247011952,2595,12,False,False
GLD,pluto_retrograde,fwd_absret_1d,0.0029652979704575,0.0021387965720197,0.0010828878453048,0.0008265013984377,0.7632382263973766,0.2390438247011952,2599,2,False,False
GLD,n_retrograde,fwd_vol_5d,0.0385742716988929,0.0335912386969311,0.0082362834546175,0.0049830330019617,0.6050098966868503,0.2390438247011952,2595,7,False,False
QQQ,pluto_retrograde,fwd_absret_1d,0.0040073064254494,0.0029997879052262,0.0014598559870439,0.0010075185202232,0.6901492538749381,0.2390438247011952,2599,2,False,False
GLD,mercury_sign,fwd_ret_1d,0.0252110315488019,0.023512363750244,0.0026264820954063,0.0016986677985579,0.6467463842715221,0.2390438247011952,2599,12,False,False
QQQ,sun_modality,fwd_absret_1d,0.0044460289022894,0.0038135584872849,0.0009874643443923,0.0006324704150045,0.6404994961045791,0.2390438247011952,2599,3,False,False
USO,saturn_sign,fwd_absret_1d,0.0173056531464766,0.0150531017492383,0.0041035792098243,0.0022525513972383,0.5489235816005629,0.2430278884462151,2599,5,False,False
XLK,mercury_sign,fwd_ret_1d,0.0286157321199191,0.0265806432752547,0.0041273819268906,0.0020350888446643,0.4930701545707235,0.2430278884462151,2599,12,False,False
XLK,moon_out_of_bounds,fwd_absret_1d,0.0041773009498574,0.0033626318152795,0.0015362179802389,0.0008146691345778,0.5303082928707614,0.2430278884462151,2599,2,False,False
XLF,aspect_conjunction_count_q5,fwd_vol_5d,0.0223888375232265,0.0193127697271347,0.0053032817588172,0.0030760677960918,0.580030995143256,0.2430278884462151,2595,5,False,False
XLK,mars_sign,fwd_ret_1d,0.0376937165719719,0.0326781850857842,0.0070624151543426,0.0050155314861876,0.7101722819429074,0.2430278884462151,2599,12,False,False
USO,neptune_retrograde,fwd_ret_1d,0.00182750858796,0.0014217475202775,0.0007507403400633,0.0004057610676824,0.5404812370255547,0.2430278884462151,2599,2,False,False
XLK,jupiter_sign,fwd_ret_1d,0.0696591809480764,0.0640911659529422,0.0067580262154629,0.0055680149951342,0.8239114228935959,0.2430278884462151,2599,11,False,False
XLK,moon_void_of_course,fwd_vol_5d,0.0020691622674802,0.0016795692353903,0.0007071293966849,0.0003895930320898,0.550950128669978,0.2430278884462151,2595,2,False,False
XLF,mercury_out_of_bounds,fwd_ret_1d,0.0029335456479057,0.0023368812439428,0.0010760828590126,0.0005966644039629,0.5544781230977006,0.2430278884462151,2599,2,False,False
XLE,pluto_out_of_bounds,fwd_absret_1d,0.0046704157337028,0.0037646015527969,0.0032227382567443,0.0009058141809058,0.2810697328615729,0.2430278884462151,2599,2,False,False
XLE,jupiter_sign,fwd_ret_1d,0.0757234391991502,0.0719284649170143,0.0058922590643317,0.0037949742821359,0.6440610028687436,0.2430278884462151,2599,11,False,False
SLV,hard_aspect_count_q5,fwd_ret_1d,0.0095067595340278,0.0081059070643254,0.0019883796236272,0.0014008524697023,0.7045196264619012,0.247011952191235,2599,5,False,False
SLV,moon_sign,fwd_ret_1d,0.0220114644568096,0.020100004243024,0.0027219979365981,0.0019114602137855,0.7022269150484388,0.247011952191235,2599,12,False,False
XLE,n_retrograde,fwd_vol_5d,0.0360129910099518,0.0318945852020462,0.0067568624955523,0.0041184058079056,0.6095145210689935,0.247011952191235,2595,7,False,False
SLV,jupiter_retrograde,fwd_absret_1d,0.0031336400085441,0.0023099998319686,0.0011540126258243,0.0008236401765754,0.7137185141168677,0.247011952191235,2599,2,False,False
SLV,harmonic_4_count_q5,fwd_vol_5d,0.0155921517591159,0.0130595635280199,0.0041538761938135,0.002532588231096,0.6096927575424165,0.247011952191235,2595,5,False,False
SPY,venus_retrograde,fwd_absret_1d,0.003296494567243,0.0025046132702167,0.0013467811980045,0.0007918812970263,0.5879806595159242,0.247011952191235,2599,2,False,False
USO,moon_decl_sign,fwd_ret_1d,0.0020544099125562,0.0016063061358657,0.0006255533541289,0.0004481037766905,0.7163318264267308,0.250996015936255,2599,2,False,False
XLE,uranus_retrograde,fwd_vol_5d,0.007482649310744,0.0054338000345689,0.002527638098494,0.0020488492761751,0.8105785703245345,0.250996015936255,2595,2,False,False
XLK,jupiter_saturn_aspect,fwd_absret_1d,0.0058251291818498,0.0047973296136776,0.003415487186791,0.0010277995681722,0.3009232686180534,0.250996015936255,2599,2,False,False
XLK,moon_void_of_course,fwd_absret_1d,0.0023443916847341,0.0018133701977449,0.0008595860140627,0.0005310214869891,0.6177642240586767,0.250996015936255,2599,2,False,False
QQQ,jupiter_saturn_aspect,fwd_ret_1d,0.0053251465855072,0.0041963204176769,0.00309456084207,0.0011288261678302,0.3647775000846907,0.250996015936255,2599,2,False,False
SLV,moon_decl_q4,fwd_ret_1d,0.0063305814843238,0.0055582242930096,0.0014244462458733,0.0007723571913142,0.5422157512448983,0.250996015936255,2599,4,False,False
QQQ,hard_aspect_count_q5,fwd_vol_5d,0.0135523255306764,0.0119005209659776,0.0031836035990215,0.0016518045646987,0.5188474360333268,0.250996015936255,2595,5,False,False
SPY,mercury_sign,fwd_vol_5d,0.0655067725756508,0.0597911553440065,0.0087500021442012,0.0057156172316442,0.6532132378312666,0.250996015936255,2595,12,False,False
XLE,pluto_out_of_bounds,fwd_vol_5d,0.0115049462912095,0.0092980031299002,0.006735182848904,0.0022069431613092,0.3276738302165615,0.250996015936255,2595,2,False,False
QQQ,moon_perigee_q4,fwd_ret_1d,0.0051485659906436,0.0044678315843906,0.0013126352446942,0.0006807344062529,0.5186013471789145,0.2549800796812749,2599,4,False,False
XLK,pluto_retrograde,fwd_vol_5d,0.0089971663908884,0.0072319652149666,0.0033235304726715,0.0017652011759218,0.5311223081709598,0.2549800796812749,2595,2,False,False
XLK,mercury_sign,fwd_absret_1d,0.0284120621615099,0.0257834215637164,0.0035874488748331,0.0026286405977935,0.7327325599631961,0.2549800796812749,2599,12,False,False
TLT,moon_void_of_course,fwd_absret_1d,0.0020829127647133,0.0016914609650044,0.0007993413692026,0.0003914517997089,0.4897179287735536,0.2549800796812749,2599,2,False,False
USO,moon_out_of_bounds,fwd_ret_1d,0.0026831407346497,0.0021058326772024,0.0009287660621485,0.0005773080574472,0.6215860817650478,0.2589641434262948,2599,2,False,False
QQQ,saturn_retrograde,fwd_vol_5d,0.0111058110241122,0.0078120307380669,0.0048099150398887,0.0032937802860453,0.6847897018408751,0.2589641434262948,2595,2,False,False
SLV,sun_element,fwd_vol_5d,0.0084203754719356,0.0074940562141837,0.0014619806512831,0.0009263192577519,0.6336056889254331,0.2589641434262948,2595,4,False,False
XLE,pluto_out_of_bounds,fwd_ret_1d,0.0038459821939173,0.0032693686892709,0.002470351223354,0.0005766135046463,0.2334135726107425,0.2589641434262948,2599,2,False,False
USO,eclipse_window,fwd_ret_1d,0.0022160262960915,0.0017704409866387,0.0008790906127789,0.0004455853094527,0.506870740030084,0.2589641434262948,2599,2,False,False
USO,hard_aspect_count_q5,fwd_absret_1d,0.0085279969698781,0.0075633299643898,0.0018808681616095,0.0009646670054882,0.5128839039216596,0.2629482071713147,2599,5,False,False
TLT,hard_aspect_count_q5,fwd_vol_5d,0.0130432999621381,0.0112540784685852,0.0030794140453664,0.0017892214935528,0.5810266067484793,0.2629482071713147,2595,5,False,False
GLD,aspect_opposition_count_q5,fwd_absret_1d,0.0117546018780866,0.0099180424764483,0.0027740907482562,0.0018365594016383,0.662040130732115,0.2629482071713147,2599,5,False,False
GLD,neptune_retrograde,fwd_absret_1d,0.0028842205583033,0.0021091490110671,0.0011693290809891,0.0007750715472362,0.6628344063594255,0.2629482071713147,2599,2,False,False
SPY,moon_void_of_course,fwd_absret_1d,0.0020711264493635,0.0016787053797056,0.0008144700536235,0.0003924210696578,0.4818115385728738,0.2669322709163346,2599,2,False,False
SPY,saturn_retrograde,fwd_absret_1d,0.0045384867049425,0.0033480196904529,0.002035325126294,0.0011904670144896,0.5849026276491138,0.2669322709163346,2599,2,False,False
XLE,mercury_retrograde,fwd_ret_1d,0.0020433162642609,0.0016230300287698,0.000800185411892,0.000420286235491,0.5252360630985468,0.2669322709163346,2599,2,False,False
XLF,moon_void_of_course,fwd_absret_1d,0.0021041844298914,0.0017778509861056,0.0008421219557471,0.0003263334437857,0.3875132830330396,0.2669322709163346,2599,2,False,False
XLF,jupiter_sign,fwd_ret_1d,0.0494871194318102,0.0467637205033049,0.0054663762493004,0.0027233989285053,0.4982091982515595,0.2669322709163346,2599,11,False,False
SLV,mars_saturn_hard_aspect,fwd_absret_1d,0.0027664649986593,0.0022175530895573,0.0013992983610054,0.0005489119091019,0.3922765325813239,0.2669322709163346,2599,2,False,False
USO,neptune_retrograde,fwd_absret_1d,0.0034407989089617,0.0029322058038977,0.0015358973965286,0.000508593105064,0.3311374224694369,0.2669322709163346,2599,2,False,False
TLT,uranus_retrograde,fwd_vol_5d,0.0054673629914948,0.0047264710775111,0.0016955035720743,0.0007408919139837,0.4369745520956266,0.2669322709163346,2595,2,False,False
SLV,mercury_retrograde,fwd_ret_1d,0.0020306787671193,0.0015812918884024,0.0007789621956226,0.0004493868787169,0.5769046062084608,0.2709163346613545,2599,2,False,False
USO,venus_out_of_bounds,fwd_absret_1d,0.0031138682212249,0.0024413448055731,0.001212424668258,0.0006725234156518,0.5546929498045383,0.2709163346613545,2599,2,False,False
XLF,aspect_trine_count_q5,fwd_vol_5d,0.0172937200838369,0.0149390990109653,0.0046757454110485,0.0023546210728715,0.5035819673388731,0.2709163346613545,2595,5,False,False
XLE,venus_retrograde,fwd_absret_1d,0.0028687674342157,0.0022951170027612,0.0011880066680116,0.0005736504314544,0.4828680233037338,0.2709163346613545,2599,2,False,False
XLF,sun_sign,fwd_ret_1d,0.0243263259332055,0.0232151671973976,0.0021143962789787,0.0011111587358078,0.5255205690886843,0.2709163346613545,2599,12,False,False
TLT,sun_sign,fwd_absret_1d,0.0243244420014475,0.0226537790191557,0.0024876725023171,0.0016706629822917,0.6715767371852968,0.2749003984063745,2599,12,False,False
IWM,uranus_retrograde,fwd_absret_1d,0.0047153633761515,0.0040176533385773,0.0019254267442983,0.0006977100375741,0.3623664414344791,0.2749003984063745,2599,2,False,False
XLK,moon_near_full,fwd_ret_1d,0.0022465011982335,0.0017802941690779,0.000941190976317,0.0004662070291556,0.4953373341720284,0.2749003984063745,2599,2,False,False
SLV,soft_aspect_count_q5,fwd_vol_5d,0.0231258769015872,0.02004098574368,0.008654432704754,0.0030848911579072,0.3564521515330089,0.2749003984063745,2595,5,False,False
GLD,pluto_retrograde,fwd_ret_1d,0.0029141328924076,0.0022052137489539,0.0012654520027185,0.0007089191434536,0.5602102189026062,0.2749003984063745,2599,2,False,False
TLT,uranus_retrograde,fwd_absret_1d,0.0027187179099524,0.0023106484239718,0.0008103185156059,0.0004080694859805,0.5035914620257916,0.2749003984063745,2599,2,False,False
SLV,moon_decl_q4,fwd_absret_1d,0.0065167242476795,0.0056855617535016,0.0015283871186093,0.0008311624941778,0.5438167359942998,0.2749003984063745,2599,4,False,False
GLD,uranus_retrograde,fwd_ret_1d,0.0029065616789607,0.0023395241023038,0.001405897114411,0.0005670375766568,0.40332793263783,0.2788844621513944,2599,2,False,False
SPY,jupiter_retrograde,fwd_absret_1d,0.0032463304088228,0.0027694476219305,0.0014421280190791,0.0004768827868923,0.3306799261807749,0.2788844621513944,2599,2,False,False
TLT,mars_saturn_hard_aspect,fwd_absret_1d,0.0023937215450495,0.0019221890268085,0.0009271306592243,0.0004715325182409,0.508593382766017,0.2788844621513944,2599,2,False,False
XLK,sun_sign,fwd_absret_1d,0.0267187100049265,0.0247256785556196,0.0038533765283476,0.0019930314493069,0.517216896569806,0.2788844621513944,2599,12,False,False
IWM,venus_out_of_bounds,fwd_absret_1d,0.0025938189078711,0.0020356560477338,0.001022906163266,0.0005581628601373,0.5456637961347298,0.2788844621513944,2599,2,False,False
XLF,jupiter_sign,fwd_absret_1d,0.0609488146334889,0.0571498880523399,0.0062072400519857,0.0037989265811489,0.6120154125396845,0.2788844621513944,2599,11,False,False
SLV,aspect_opposition_count_q5,fwd_ret_1d,0.015544581603597,0.0125607891207992,0.0039728840327005,0.0029837924827977,0.7510394107248856,0.2788844621513944,2599,5,False,False
GLD,lunar_8phase,fwd_vol_5d,0.0176494324232742,0.0163646227867945,0.002586207990077,0.0012848096364796,0.4967928493799959,0.2788844621513944,2595,8,False,False
SLV,n_retrograde,fwd_ret_1d,0.014664467249985,0.0132352964885299,0.002583408404429,0.0014291707614551,0.5532113153324733,0.2828685258964143,2599,7,False,False
USO,pluto_out_of_bounds,fwd_vol_5d,0.0085948815133639,0.0074198757901183,0.005950591870165,0.0011750057232456,0.1974603113241414,0.2828685258964143,2595,2,False,False
USO,aspect_square_count_q5,fwd_ret_1d,0.0094545260105287,0.0083334729614517,0.0020079185982708,0.0011210530490769,0.5583159845435959,0.2828685258964143,2599,5,False,False
GLD,uranus_retrograde,fwd_vol_5d,0.007258945819278,0.0062322576153122,0.0027518077294312,0.0010266882039657,0.373095908186139,0.2828685258964143,2595,2,False,False
TLT,aspect_conjunction_count_q5,fwd_absret_1d,0.0127486059822583,0.0114517727852101,0.00352110637052,0.0012968331970481,0.3683027607190982,0.2828685258964143,2599,5,False,False
QQQ,aspect_square_count_q5,fwd_absret_1d,0.0102183732040104,0.0089963489436978,0.0022123886498694,0.0012220242603125,0.5523551480815587,0.2868525896414343,2599,5,False,False
SPY,moon_decl_q4,fwd_absret_1d,0.0059896161221163,0.0052437437422415,0.0013325618698167,0.0007458723798748,0.5597281422868474,0.2868525896414343,2599,4,False,False
SLV,harmonic_3_count_q5,fwd_vol_5d,0.0207877292249461,0.0179784360945014,0.0062151465418912,0.0028092931304446,0.452007545036875,0.2868525896414343,2595,5,False,False
XLF,aspect_square_count_q5,fwd_ret_1d,0.0092004951158511,0.0082940685661151,0.002073365575423,0.0009064265497359,0.4371764248815742,0.2868525896414343,2599,5,False,False
SLV,lunar_8phase,fwd_ret_1d,0.0110753311842359,0.0101244065191912,0.0016821347538675,0.0009509246650447,0.5653082565819233,0.2868525896414343,2599,8,False,False
IWM,neptune_retrograde,fwd_absret_1d,0.0044125744945325,0.0038471662080178,0.0015437155384926,0.0005654082865146,0.3662645561414114,0.2908366533864542,2599,2,False,False
XLK,neptune_retrograde,fwd_absret_1d,0.0039746032305642,0.0030712820686363,0.0018650468012098,0.0009033211619279,0.4843423560963599,0.2908366533864542,2599,2,False,False
XLK,eclipse_window,fwd_vol_5d,0.0032658451722825,0.0026196739453304,0.0012652748560507,0.0006461712269521,0.5106963312058165,0.2908366533864542,2595,2,False,False
TLT,moon_sign,fwd_vol_5d,0.0248250917438576,0.0234967724337131,0.0028133822225733,0.0013283193101444,0.4721432087992248,0.2908366533864542,2595,12,False,False
XLE,venus_sign,fwd_vol_5d,0.0578355112837811,0.0547488887990689,0.0074715451724333,0.0030866224847122,0.4131170211083667,0.2948207171314741,2595,12,False,False
IWM,n_retrograde,fwd_ret_1d,0.0153812963277629,0.0142251508851602,0.0024709993200337,0.0011561454426027,0.4678857793400476,0.2948207171314741,2599,7,False,False
XLK,venus_retrograde,fwd_ret_1d,0.0025187467126464,0.0022452557056275,0.0014880479731927,0.0002734910070189,0.1837917943143318,0.2948207171314741,2599,2,False,False
XLK,neptune_retrograde,fwd_ret_1d,0.0038847893085662,0.0032275498930437,0.0015953356344675,0.0006572394155224,0.4119756378047841,0.2948207171314741,2599,2,False,False
XLE,moon_near_new,fwd_absret_1d,0.0019375487410111,0.0016814032395602,0.0008442000065963,0.0002561455014508,0.3034180282509141,0.2948207171314741,2599,2,False,False
IWM,hard_aspect_count_q5,fwd_absret_1d,0.0088847725748509,0.0080134614982715,0.0019623896577123,0.0008713110765794,0.4440051307624256,0.2948207171314741,2599,5,False,False
QQQ,sun_sign,fwd_vol_5d,0.0596783981101298,0.0560572028377165,0.0087204542795251,0.0036211952724132,0.415253054065717,0.2948207171314741,2595,12,False,False
GLD,lunar_4phase,fwd_vol_5d,0.008767368525205,0.007832028020855,0.001932325134862,0.0009353405043499,0.484049235542702,0.298804780876494,2595,4,False,False
QQQ,jupiter_saturn_aspect,fwd_absret_1d,0.0055279824018401,0.004596847296233,0.0034259960302848,0.000931135105607,0.2717852260703309,0.298804780876494,2599,2,False,False
XLF,venus_sign,fwd_absret_1d,0.0300691049164296,0.028776372161277,0.0052311209791907,0.0012927327551526,0.2471234674738181,0.298804780876494,2599,12,False,False
XLE,venus_sign,fwd_ret_1d,0.0246880074756289,0.0227812056954392,0.0035608167640854,0.0019068017801897,0.5354956198313285,0.298804780876494,2599,12,False,False
TLT,mercury_out_of_bounds,fwd_vol_5d,0.0044409887285626,0.0037774380287446,0.0015899004068822,0.000663550699818,0.4173536260168692,0.298804780876494,2595,2,False,False
GLD,uranus_retrograde,fwd_absret_1d,0.0026242284375283,0.0020772897006106,0.0011426985362442,0.0005469387369177,0.4786378205360739,0.298804780876494,2599,2,False,False
QQQ,saturn_retrograde,fwd_absret_1d,0.0032200541364283,0.0027146755297438,0.0013566028666835,0.0005053786066845,0.3725324625916402,0.298804780876494,2599,2,False,False
USO,aspect_square_count_q5,fwd_vol_5d,0.014148397122379,0.0124125609233841,0.0036650793548191,0.0017358361989949,0.4736149018744978,0.298804780876494,2595,5,False,False
XLF,aspect_trine_count_q5,fwd_ret_1d,0.0093861940626958,0.0085177496086271,0.0023157025419185,0.0008684444540687,0.3750241830927233,0.3027888446215139,2599,5,False,False
XLE,mercury_out_of_bounds,fwd_absret_1d,0.0023480711425608,0.0019538455661985,0.000909836735527,0.0003942255763622,0.4332926567686195,0.3027888446215139,2599,2,False,False
XLK,moon_near_new,fwd_absret_1d,0.0020916053170762,0.001725694357152,0.0008022665864765,0.0003659109599242,0.4560964722851967,0.3027888446215139,2599,2,False,False
XLK,pluto_retrograde,fwd_ret_1d,0.0036313173575195,0.0030655670811196,0.0013012361076027,0.0005657502763999,0.4347791097206939,0.3027888446215139,2599,2,False,False
GLD,moon_decl_sign,fwd_vol_5d,0.0047144808088666,0.0041384435953076,0.0011709725677873,0.000576037213559,0.4919305792513164,0.3067729083665338,2595,2,False,False
QQQ,sun_sign,fwd_absret_1d,0.0265805023236978,0.0252952281673664,0.0031656673756655,0.0012852741563313,0.4060041703090093,0.3067729083665338,2599,12,False,False
XLE,mercury_retrograde,fwd_vol_5d,0.004818717161425,0.0038854855111292,0.0016526722864303,0.0009332316502958,0.5646804015280894,0.3107569721115538,2595,2,False,False
QQQ,jupiter_retrograde,fwd_vol_5d,0.0059080227344834,0.0052278436647873,0.0026427867476452,0.000680179069696,0.2573719087634049,0.3107569721115538,2595,2,False,False
IWM,sun_element,fwd_ret_1d,0.0069055112550997,0.0065185122641422,0.0008635379124632,0.0003869989909575,0.4481551827337806,0.3107569721115538,2599,4,False,False
SPY,moon_decl_sign,fwd_vol_5d,0.003982845284975,0.0033186108735863,0.0016876502913048,0.0006642344113886,0.3935853386278549,0.3107569721115538,2595,2,False,False
USO,moon_void_of_course,fwd_absret_1d,0.0020606856219218,0.001747453462333,0.0008030718077329,0.0003132321595888,0.390042529911593,0.3107569721115538,2599,2,False,False
IWM,neptune_retrograde,fwd_vol_5d,0.0086402969085577,0.0076246895586226,0.0043848110846052,0.001015607349935,0.2316194085306927,0.3147410358565737,2595,2,False,False
SPY,neptune_retrograde,fwd_ret_1d,0.0041669691708903,0.003391309519438,0.0018652107631479,0.0007756596514523,0.4158563025570702,0.3147410358565737,2599,2,False,False
GLD,sun_sign,fwd_ret_1d,0.0244296742157515,0.0227907405501934,0.0028336854697329,0.0016389336655581,0.5783752936110328,0.3147410358565737,2599,12,False,False
XLK,jupiter_sign,fwd_absret_1d,0.067190900833918,0.0629117349141567,0.0074345514859671,0.0042791659197613,0.575578221206528,0.3147410358565737,2599,11,False,False
XLE,sun_sign,fwd_ret_1d,0.0193748649657578,0.0184987425667329,0.001877975162511,0.0008761223990248,0.4665250193476394,0.3187250996015936,2599,12,False,False
USO,lunar_8phase,fwd_absret_1d,0.0134231663302608,0.0126917862694955,0.0017036642484082,0.0007313800607652,0.4292982384578359,0.3187250996015936,2599,8,False,False
SLV,mercury_retrograde,fwd_absret_1d,0.0020726760845081,0.0017693194524006,0.0007563257144198,0.0003033566321074,0.4010925799873253,0.3227091633466135,2599,2,False,False
XLE,lunar_8phase,fwd_absret_1d,0.0135287959249804,0.0128210414182991,0.0017528141309979,0.0007077545066812,0.4037818352584388,0.3227091633466135,2599,8,False,False
XLF,n_retrograde,fwd_absret_1d,0.0172586503771653,0.0159085303707746,0.003592510449265,0.0013501200063906,0.3758151925951657,0.3227091633466135,2599,7,False,False
GLD,jupiter_saturn_aspect,fwd_vol_5d,0.0083734832651255,0.0079240783697526,0.0068830793580321,0.0004494048953729,0.0652912558459013,0.3227091633466135,2595,2,False,False
SLV,jupiter_saturn_aspect,fwd_vol_5d,0.0128434190530358,0.0108584950439934,0.0067641619012831,0.0019849240090424,0.2934471465956302,0.3227091633466135,2595,2,False,False
QQQ,n_retrograde,fwd_ret_1d,0.0150179797017563,0.0137857852651532,0.0031198767472192,0.001232194436603,0.3949497164275109,0.3227091633466135,2599,7,False,False
XLK,moon_decl_q4,fwd_vol_5d,0.0124414538767035,0.0113128370797481,0.0028254471056026,0.0011286167969553,0.3994471511136778,0.3266932270916334,2595,4,False,False
IWM,mercury_sign,fwd_ret_1d,0.0273008069255564,0.0255437409958486,0.0043307263179951,0.0017570659297077,0.4057208423461882,0.3266932270916334,2599,12,False,False
GLD,jupiter_saturn_aspect,fwd_absret_1d,0.0033255942729405,0.0031140707545024,0.0022105701997942,0.0002115235184381,0.0956873111099532,0.3266932270916334,2599,2,False,False
SPY,eclipse_window,fwd_ret_1d,0.0018131206022499,0.0015461429911488,0.0007193121752591,0.0002669776111011,0.3711568082452641,0.3266932270916334,2599,2,False,False
GLD,mars_retrograde,fwd_vol_5d,0.0076852082283076,0.006822022936272,0.0042337620239177,0.0008631852920356,0.2038813913392586,0.3266932270916334,2595,2,False,False
GLD,venus_out_of_bounds,fwd_vol_5d,0.005883446748947,0.0052269893676507,0.0029355916905264,0.0006564573812963,0.2236201251743551,0.3266932270916334,2595,2,False,False
TLT,sun_sign,fwd_ret_1d,0.0217933800970425,0.0207480385140924,0.0031109327431769,0.0010453415829501,0.3360219166559761,0.3266932270916334,2599,12,False,False
XLK,mars_sign,fwd_absret_1d,0.0371631858900582,0.0346153380718456,0.0072186514190846,0.0025478478182126,0.3529534355235131,0.3266932270916334,2599,12,False,False
XLK,moon_out_of_bounds,fwd_ret_1d,0.0045036152617558,0.0037608594197031,0.0018000323996511,0.0007427558420527,0.4126347071289643,0.3306772908366533,2599,2,False,False
GLD,sun_sign,fwd_absret_1d,0.0249320176728244,0.0237386018565189,0.0027504039055162,0.0011934158163054,0.4339056579696937,0.3306772908366533,2599,12,False,False
QQQ,venus_sign,fwd_absret_1d,0.0267694133236211,0.0258595349839532,0.0037841888147295,0.0009098783396678,0.2404421090528606,0.3306772908366533,2599,12,False,False
USO,mercury_sign,fwd_absret_1d,0.0286064962750713,0.0271922819125822,0.0046487427244353,0.001414214362489,0.3042143750084218,0.3306772908366533,2599,12,False,False
IWM,venus_out_of_bounds,fwd_vol_5d,0.006046704593169,0.005084454293568,0.0026872797881986,0.000962250299601,0.3580759635921879,0.3306772908366533,2595,2,False,False
GLD,n_retrograde,fwd_ret_1d,0.0144934443844855,0.0137149342246091,0.0029935080041389,0.0007785101598763,0.2600661694573593,0.3306772908366533,2599,7,False,False
XLE,neptune_retrograde,fwd_vol_5d,0.0068554673456321,0.0057320271155974,0.0025761510362317,0.0011234402300347,0.4360925327103651,0.3306772908366533,2595,2,False,False
XLF,moon_void_of_course,fwd_vol_5d,0.001935455436603,0.0017495411746774,0.0008409779984065,0.0001859142619255,0.2210691150991434,0.3346613545816733,2595,2,False,False
XLE,moon_perigee_q4,fwd_ret_1d,0.0057373230951106,0.0052363533566883,0.0013920589962211,0.0005009697384223,0.3598768010424044,0.3346613545816733,2599,4,False,False
USO,moon_perigee_q4,fwd_absret_1d,0.0057459382443689,0.0052364937246641,0.0013077546537781,0.0005094445197047,0.3895566482848691,0.3346613545816733,2599,4,False,False
QQQ,n_retrograde,fwd_absret_1d,0.0159318747015058,0.0144593724410454,0.0031586309889454,0.0014725022604603,0.4661836933829362,0.3346613545816733,2599,7,False,False
TLT,moon_near_full,fwd_ret_1d,0.0019108372505905,0.0017119286367806,0.000818826850741,0.0001989086138098,0.2429190171643947,0.3386454183266932,2599,2,False,False
XLK,uranus_retrograde,fwd_ret_1d,0.0036605546062407,0.0032931414084636,0.0015263882801246,0.000367413197777,0.240707559512351,0.3386454183266932,2599,2,False,False
GLD,soft_aspect_count_q5,fwd_vol_5d,0.0171824462972855,0.0164384669892307,0.0070439348097869,0.0007439793080547,0.1056198457460273,0.3386454183266932,2595,5,False,False
XLE,aspect_conjunction_count_q5,fwd_ret_1d,0.0138439348304287,0.012565900387084,0.0034625853658917,0.0012780344433447,0.3690983205595451,0.3386454183266932,2599,5,False,False
XLE,lunar_4phase,fwd_vol_5d,0.0107648320498988,0.0099660721250606,0.0024729340125795,0.0007987599248381,0.3230009053112433,0.3386454183266932,2595,4,False,False
QQQ,jupiter_retrograde,fwd_absret_1d,0.0031025352912487,0.0027689576288874,0.0010658939582864,0.0003335776623612,0.3129557680366909,0.3426294820717131,2599,2,False,False
USO,moon_decl_q4,fwd_vol_5d,0.0096969772767836,0.0087301702544899,0.0023209755034054,0.0009668070222937,0.4165520148210116,0.3426294820717131,2595,4,False,False
GLD,aspect_trine_count_q5,fwd_vol_5d,0.0160130460688962,0.0146293187516005,0.0043357680863008,0.0013837273172956,0.3191423733357926,0.3426294820717131,2595,5,False,False
USO,moon_near_new,fwd_vol_5d,0.0021459274141895,0.0019094101046326,0.0008853659160025,0.0002365173095569,0.267140744049447,0.3426294820717131,2595,2,False,False
SLV,mars_retrograde,fwd_ret_1d,0.003113628990698,0.0027424536558742,0.0012088137437981,0.0003711753348237,0.307057507186768,0.3426294820717131,2599,2,False,False
SPY,sun_sign,fwd_ret_1d,0.026722496889747,0.0246817534590705,0.0039986622210665,0.0020407434306765,0.5103565437273153,0.3466135458167331,2599,12,False,False
XLF,lunar_4phase,fwd_absret_1d,0.0056618614222883,0.0053078175940909,0.0010411157604173,0.0003540438281974,0.3400619236188408,0.3466135458167331,2599,4,False,False
XLE,jupiter_sign,fwd_vol_5d,0.239582963639422,0.231695945583609,0.0189155507868668,0.007887018055813,0.4169594713197076,0.3466135458167331,2595,11,False,False
SLV,harmonic_4_count_q5,fwd_ret_1d,0.0089525072064571,0.0082707363010749,0.0022992525309317,0.0006817709053821,0.2965184972987171,0.3466135458167331,2599,5,False,False
TLT,jupiter_saturn_aspect,fwd_vol_5d,0.0118401360399922,0.01078568076224,0.0077624252483142,0.0010544552777522,0.1358409574354606,0.3466135458167331,2595,2,False,False
USO,jupiter_retrograde,fwd_vol_5d,0.0065785530030218,0.0060926388407116,0.0033846463789529,0.0004859141623101,0.1435642332775916,0.3466135458167331,2595,2,False,False
XLE,n_retrograde,fwd_absret_1d,0.0158071297063521,0.0148198346384484,0.0027056761627886,0.0009872950679037,0.3648977218641706,0.3466135458167331,2599,7,False,False
USO,venus_out_of_bounds,fwd_vol_5d,0.0065518167666057,0.006246737158138,0.0041093046960004,0.0003050796084677,0.0742411748548818,0.350597609561753,2595,2,False,False
SPY,lunar_8phase,fwd_vol_5d,0.0160579567075535,0.0147405712667635,0.0029353876909726,0.00131738544079,0.4487943602275963,0.350597609561753,2595,8,False,False
SLV,jupiter_sign,fwd_absret_1d,0.0702160746934071,0.0686841667635379,0.0042714431607846,0.0015319079298692,0.3586394275202759,0.350597609561753,2599,11,False,False
GLD,soft_aspect_count_q5,fwd_absret_1d,0.0093145218893898,0.0087926651549321,0.0025449874091589,0.0005218567344577,0.2050527765204795,0.350597609561753,2599,5,False,False
USO,n_retrograde,fwd_vol_5d,0.0348242106794911,0.0326948146144477,0.0079041296668663,0.0021293960650434,0.2694029772777803,0.350597609561753,2595,7,False,False
IWM,moon_decl_sign,fwd_vol_5d,0.0034429475599607,0.0030064745754968,0.0012622217916284,0.0004364729844638,0.3457973767833152,0.3545816733067729,2595,2,False,False
IWM,harmonic_4_count_q5,fwd_ret_1d,0.0082591625157427,0.0076747347407348,0.0019283449075063,0.0005844277750078,0.3030722215371852,0.3545816733067729,2599,5,False,False
QQQ,mars_out_of_bounds,fwd_ret_1d,0.0032884582163345,0.0030398125337898,0.0020149744703024,0.0002486456825447,0.1233989245071899,0.3545816733067729,2599,2,False,False
USO,uranus_retrograde,fwd_ret_1d,0.0016246989452837,0.0015149875002004,0.0008246842032903,0.0001097114450832,0.1330344932587992,0.3545816733067729,2599,2,False,False
GLD,jupiter_retrograde,fwd_ret_1d,0.0022937524396945,0.0021285848101488,0.0012997765040186,0.0001651676295456,0.1270738692652365,0.3585657370517928,2599,2,False,False
GLD,mercury_sign,fwd_vol_5d,0.0585649461004454,0.0565266904324147,0.0064107535748601,0.0020382556680307,0.3179432252744485,0.3585657370517928,2595,12,False,False
XLK,eclipse_window,fwd_ret_1d,0.0020293288018311,0.0018568144282003,0.0007891968092177,0.0001725143736308,0.2185948696395118,0.3585657370517928,2599,2,False,False
USO,venus_out_of_bounds,fwd_ret_1d,0.0024406969881613,0.0022622020038802,0.001098835811466,0.000178494984281,0.1624400865156757,0.3585657370517928,2599,2,False,False
SPY,mercury_sign,fwd_ret_1d,0.0283928696296096,0.0270467422332045,0.0042014391325872,0.0013461273964051,0.3203967388136778,0.3585657370517928,2599,12,False,False
QQQ,pluto_out_of_bounds,fwd_ret_1d,0.0034545319164737,0.0034867025255972,0.0026233301688021,-3.217060912348189e-05,-0.0122632711299818,0.3625498007968127,2599,2,False,False
GLD,saturn_retrograde,fwd_absret_1d,0.0022272837901455,0.0021379484125908,0.000990542661043,8.933537755468355e-05,0.0901883190579761,0.3625498007968127,2599,2,False,False
XLE,aspect_trine_count_q5,fwd_ret_1d,0.0104419608040969,0.0096753503520724,0.0027449384470991,0.0007666104520244,0.2792814727173945,0.3625498007968127,2599,5,False,False
XLE,jupiter_retrograde,fwd_vol_5d,0.0060646601313071,0.0056966305015965,0.0025853879479334,0.0003680296297106,0.1423498666824243,0.3625498007968127,2595,2,False,False
SLV,n_retrograde,fwd_vol_5d,0.0361500609268774,0.034514817466516,0.0099019285483351,0.0016352434603613,0.1651439365956961,0.3625498007968127,2595,7,False,False
IWM,sun_modality,fwd_vol_5d,0.0064507092103106,0.0057118616463813,0.0018793132187506,0.0007388475639292,0.3931476438080914,0.3625498007968127,2595,3,False,False
XLK,jupiter_saturn_aspect,fwd_ret_1d,0.0045328129065646,0.0047609509321613,0.0033560928407623,-0.0002281380255966,-0.0679772689318263,0.3625498007968127,2599,2,False,False
XLE,hard_aspect_count_q5,fwd_vol_5d,0.013548371901478,0.0128326734702155,0.0037422094257646,0.0007156984312624,0.1912502347770649,0.3625498007968127,2595,5,False,False
TLT,harmonic_4_count_q5,fwd_ret_1d,0.008063417327097,0.0076139511845042,0.0018456429301561,0.0004494661425927,0.2435282227395543,0.3625498007968127,2599,5,False,False
XLK,mercury_out_of_bounds,fwd_vol_5d,0.0048538184534345,0.0043274496059635,0.0021526875743355,0.000526368847471,0.24451706496866,0.3625498007968127,2595,2,False,False
SPY,moon_decl_q4,fwd_vol_5d,0.0084911472884366,0.0080121820496669,0.0021415131178291,0.0004789652387696,0.2236573919543499,0.3665338645418327,2595,4,False,False
GLD,lunar_8phase,fwd_ret_1d,0.0130386609556407,0.0123326382939217,0.0020626603603547,0.0007060226617189,0.3422874047948232,0.3665338645418327,2599,8,False,False
IWM,moon_sign,fwd_vol_5d,0.0247077219278549,0.0238053729922743,0.0026137039195553,0.0009023489355806,0.3452376257423046,0.3665338645418327,2595,12,False,False
QQQ,mars_sign,fwd_ret_1d,0.0353129591238635,0.0335986557467827,0.0070699696392073,0.0017143033770808,0.2424767664593642,0.3665338645418327,2599,12,False,False
USO,mercury_out_of_bounds,fwd_ret_1d,0.0023524716067211,0.0021598761199653,0.0011231851766976,0.0001925954867558,0.1714726037625197,0.3665338645418327,2599,2,False,False
USO,mars_saturn_hard_aspect,fwd_vol_5d,0.0040411689226424,0.0039619510356368,0.0024643754942234,7.921788700556223e-05,0.0321452178011232,0.3705179282868526,2595,2,False,False
XLK,sun_element,fwd_absret_1d,0.005173520198768,0.0048577321091398,0.0008281233721356,0.0003157880896281,0.3813297634792865,0.3705179282868526,2599,4,False,False
XLE,pluto_retrograde,fwd_ret_1d,0.0018099749028702,0.0017197914267097,0.0006518406721271,9.018347616055172e-05,0.138352023764119,0.3705179282868526,2599,2,False,False
SPY,neptune_retrograde,fwd_vol_5d,0.0076027444066485,0.0072404340595244,0.0035911176580104,0.000362310347124,0.1008906924327347,0.3705179282868526,2595,2,False,False
XLF,mars_sign,fwd_absret_1d,0.0355429669850043,0.0336313733410145,0.0066451241765413,0.0019115936439897,0.2876686113313117,0.3705179282868526,2599,12,False,False
XLF,moon_void_of_course,fwd_ret_1d,0.0017990862154959,0.0016589277550923,0.00077396899639,0.0001401584604035,0.1810905359999237,0.3745019920318725,2599,2,False,False
SPY,sun_modality,fwd_vol_5d,0.0083097101533499,0.0080233235501312,0.0020300621512539,0.0002863866032186,0.1410728253032692,0.3745019920318725,2595,3,False,False
QQQ,venus_sign,fwd_vol_5d,0.0647547095729217,0.0622072492374242,0.010663847075133,0.0025474603354975,0.2388875532018773,0.3745019920318725,2595,12,False,False
GLD,harmonic_3_count_q5,fwd_ret_1d,0.0088641511166985,0.0082940779723996,0.0022492741663195,0.0005700731442988,0.2534476022688197,0.3745019920318725,2599,5,False,False
TLT,sun_modality,fwd_absret_1d,0.0044168235216031,0.0041931674467278,0.0012250612051259,0.0002236560748752,0.1825672659777638,0.3745019920318725,2599,3,False,False
IWM,mars_sign,fwd_absret_1d,0.0299845545333944,0.0294194045748004,0.0052989595904662,0.000565149958594,0.1066530040370252,0.3745019920318725,2599,12,False,False
GLD,saturn_retrograde,fwd_ret_1d,0.0023442425125226,0.0025498376007265,0.0014934415491002,-0.0002055950882038,-0.1376653062369496,0.3784860557768924,2599,2,False,False
SLV,mars_sign,fwd_vol_5d,0.0862624957290817,0.0842029254803591,0.0173755282182265,0.0020595702487226,0.1185328136707904,0.3784860557768924,2595,12,False,False
IWM,lunar_4phase,fwd_ret_1d,0.006159637411912,0.0058847039746212,0.0011294205419121,0.0002749334372908,0.2434287557984337,0.3824701195219123,2599,4,False,False
GLD,pluto_out_of_bounds,fwd_ret_1d,0.002977689734276,0.0028586067621294,0.0017862264595124,0.0001190829721466,0.066667343052972,0.3824701195219123,2599,2,False,False
SPY,lunar_4phase,fwd_vol_5d,0.0079565627531359,0.0075467779667676,0.0021884707703067,0.0004097847863683,0.1872470914066137,0.3824701195219123,2595,4,False,False
QQQ,uranus_retrograde,fwd_ret_1d,0.0028916925775268,0.0027631038353575,0.0012438380742875,0.0001285887421692,0.1033806126596737,0.3824701195219123,2599,2,False,False
SPY,mercury_retrograde,fwd_vol_5d,0.0039008997223815,0.0037495441200942,0.001711428657063,0.0001513556022873,0.0884381605173513,0.3824701195219123,2595,2,False,False
QQQ,jupiter_saturn_aspect,fwd_vol_5d,0.0129135234658322,0.012848687272497,0.0087331424352153,6.483619333518681e-05,0.0074241538846019,0.3864541832669322,2595,2,False,False
SLV,harmonic_3_count_q5,fwd_ret_1d,0.0092039325182271,0.0087816428824074,0.0022702069137597,0.0004222896358196,0.1860137211547378,0.3864541832669322,2599,5,False,False
XLE,sun_modality,fwd_vol_5d,0.0090792894176226,0.0082646179662936,0.0023647399885596,0.000814671451329,0.3445078339565263,0.3864541832669322,2595,3,False,False
USO,sun_element,fwd_absret_1d,0.0079300401310308,0.0077057210703262,0.0009664925788715,0.0002243190607046,0.2320959990882822,0.3864541832669322,2599,4,False,False
GLD,moon_decl_q4,fwd_ret_1d,0.0051917754590216,0.0048444615562874,0.0012845030744666,0.0003473139027342,0.2703877551078975,0.3864541832669322,2599,4,False,False
SLV,mercury_sign,fwd_absret_1d,0.0253545724546617,0.0241458046645343,0.0037588922677192,0.0012087677901273,0.3215755345020203,0.3904382470119522,2599,12,False,False
SPY,moon_sign,fwd_absret_1d,0.01934995093148,0.0186178902268868,0.0024164936574699,0.0007320607045931,0.3029433585849502,0.3904382470119522,2599,12,False,False
USO,venus_sign,fwd_ret_1d,0.0239275284759566,0.0228057034535734,0.003540763365403,0.0011218250223831,0.316831402331086,0.3904382470119522,2599,12,False,False
SPY,moon_near_full,fwd_absret_1d,0.001830234493179,0.0017471181625995,0.0008226841267691,8.311633057954469e-05,0.1010306724963322,0.3904382470119522,2599,2,False,False
XLK,saturn_retrograde,fwd_ret_1d,0.003653244182603,0.0033159067632124,0.0012398923384005,0.0003373374193906,0.2720699281244185,0.3904382470119522,2599,2,False,False
USO,mars_sign,fwd_vol_5d,0.0820103248557781,0.0779243404059305,0.0132271286744029,0.0040859844498475,0.3089094050891587,0.3904382470119522,2595,12,False,False
QQQ,mercury_sign,fwd_absret_1d,0.0270588902457147,0.0262262279556454,0.0032892431177601,0.0008326622900692,0.2531470798170439,0.3904382470119522,2599,12,False,False
XLE,moon_decl_q4,fwd_vol_5d,0.0095004544309321,0.0089278198741448,0.0024866345364018,0.0005726345567873,0.2302849688623473,0.3944223107569721,2595,4,False,False
XLE,venus_out_of_bounds,fwd_vol_5d,0.004584983758607,0.0046403870945083,0.0023664475789296,-5.540333590125807e-05,-0.0234120275448137,0.3944223107569721,2595,2,False,False
QQQ,mars_sign,fwd_absret_1d,0.0379882979945514,0.036647245924697,0.0076966061595811,0.0013410520698544,0.1742394039722348,0.3944223107569721,2599,12,False,False
SPY,sun_sign,fwd_absret_1d,0.025030668633809,0.024181175881009,0.0028503633339303,0.0008494927527999,0.2980296380772791,0.3944223107569721,2599,12,False,False
GLD,moon_void_of_course,fwd_ret_1d,0.0018252730723913,0.001799183328048,0.000965394277261,2.6089744343264732e-05,0.0270249627098306,0.3944223107569721,2599,2,False,False
XLF,venus_sign,fwd_ret_1d,0.0240629824454315,0.0231377616570727,0.0037525424662134,0.0009252207883587,0.2465583792026602,0.3944223107569721,2599,12,False,False
QQQ,moon_out_of_bounds,fwd_absret_1d,0.00388705986112,0.0035952477178975,0.0017809641852749,0.0002918121432224,0.1638506521552451,0.3944223107569721,2599,2,False,False
GLD,neptune_retrograde,fwd_vol_5d,0.0067805245759101,0.0065539215629462,0.0029304045386194,0.0002266030129639,0.0773282357359111,0.3944223107569721,2595,2,False,False
XLK,moon_decl_q4,fwd_absret_1d,0.0056554385882785,0.0053700464196121,0.0013415194560127,0.0002853921686663,0.2127380019627915,0.398406374501992,2599,4,False,False
XLK,venus_out_of_bounds,fwd_ret_1d,0.0024622286660616,0.0022768411144445,0.0011178315220166,0.000185387551617,0.1658457003275106,0.398406374501992,2599,2,False,False
XLE,moon_perigee_q4,fwd_absret_1d,0.0060362057181037,0.0056621944828242,0.0016930224395144,0.0003740112352794,0.2209133361438168,0.398406374501992,2599,4,False,False
SLV,pluto_out_of_bounds,fwd_vol_5d,0.0083962331304623,0.0093649545149998,0.007754509935769,-0.0009687213845375,-0.1249236112354609,0.398406374501992,2595,2,False,False
USO,moon_near_full,fwd_absret_1d,0.0019942963962643,0.0018271839233661,0.0008341270890961,0.0001671124728981,0.2003441383005756,0.398406374501992,2599,2,False,False
SPY,moon_decl_sign,fwd_ret_1d,0.0012362457491848,0.0011759358987254,0.000546822927413,6.030985045931141e-05,0.110291371184136,0.398406374501992,2599,2,False,False
USO,mars_retrograde,fwd_absret_1d,0.0033169732803277,0.0038395167268266,0.0028127799181752,-0.0005225434464988,-0.1857747359195688,0.4023904382470119,2599,2,False,False
SLV,jupiter_sign,fwd_vol_5d,0.2088767646403858,0.2057322171748868,0.014245996004167,0.0031445474654989,0.2207320193392691,0.4023904382470119,2595,11,False,False
SPY,venus_out_of_bounds,fwd_absret_1d,0.0028517124388891,0.0026378256516258,0.0012482610136198,0.0002138867872633,0.1713478070128287,0.4023904382470119,2599,2,False,False
SLV,jupiter_retrograde,fwd_ret_1d,0.0019804685643422,0.0020661552643701,0.0012582332154067,-8.568670002790475e-05,-0.0681008091176527,0.4023904382470119,2599,2,False,False
USO,eclipse_window,fwd_vol_5d,0.0025664856627092,0.0024513106626104,0.0011532027078624,0.0001151750000987,0.0998740284891021,0.4063745019920319,2595,2,False,False
XLK,moon_near_new,fwd_ret_1d,0.0018558853393922,0.0017701935419087,0.0008160812064674,8.569179748345161e-05,0.1050040079398315,0.4063745019920319,2599,2,False,False
IWM,mercury_retrograde,fwd_absret_1d,0.0016454316457716,0.001565624199946,0.0006752984373394,7.980744582556125e-05,0.1181810017804614,0.4063745019920319,2599,2,False,False
XLK,sun_element,fwd_vol_5d,0.0131616788481441,0.0130111938251058,0.0027675104966728,0.0001504850230382,0.0543755925114616,0.4063745019920319,2595,4,False,False
QQQ,mercury_retrograde,fwd_ret_1d,0.0020121535199921,0.0019229856705811,0.0008470873399362,8.916784941098493e-05,0.1052640562633018,0.4063745019920319,2599,2,False,False
SLV,eclipse_window,fwd_ret_1d,0.0018249313223565,0.0017663526784591,0.0008126378076396,5.857864389737627e-05,0.0720845662688561,0.4063745019920319,2599,2,False,False
XLF,mars_saturn_hard_aspect,fwd_ret_1d,0.0019936555872718,0.0019821410454273,0.0008950690322708,1.1514541844511329e-05,0.0128644176363671,0.4063745019920319,2599,2,False,False
XLE,aspect_conjunction_count_q5,fwd_absret_1d,0.0133946733801499,0.0129909829629515,0.0039249691178733,0.0004036904171983,0.1028518709510488,0.4103585657370518,2599,5,False,False
USO,uranus_retrograde,fwd_absret_1d,0.0033542281725766,0.0033781140707382,0.0020008882016431,-2.3885898161588037e-05,-0.0119376475617043,0.4103585657370518,2599,2,False,False
TLT,pluto_retrograde,fwd_absret_1d,0.0023485333486578,0.0021705993198081,0.000738394843535,0.0001779340288496,0.2409740945614136,0.4103585657370518,2599,2,False,False
XLK,jupiter_saturn_aspect,fwd_vol_5d,0.0111662434256495,0.0125248956579156,0.0089830910632574,-0.0013586522322661,-0.1512455147898149,0.4103585657370518,2595,2,False,False
XLF,sun_element,fwd_vol_5d,0.0148529911898306,0.0146206462450145,0.0021285093471302,0.000232344944816,0.1091585268955291,0.4103585657370518,2595,4,False,False
SPY,moon_void_of_course,fwd_vol_5d,0.0017096662236995,0.001714769964002,0.000853406121254,-5.103740302549956e-06,-0.005980435545799,0.4143426294820717,2595,2,False,False
USO,n_retrograde,fwd_absret_1d,0.0144641067234058,0.0139212435463234,0.0028185909258075,0.0005428631770824,0.192600909948251,0.4143426294820717,2599,7,False,False
SLV,mars_sign,fwd_absret_1d,0.033604733194193,0.0329400910482175,0.0075755182453154,0.0006646421459755,0.0877355349763163,0.4143426294820717,2599,12,False,False
SPY,mercury_retrograde,fwd_ret_1d,0.0020082339926519,0.0019695643232361,0.0008763075925744,3.8669669415733205e-05,0.0441279634495991,0.4183266932270916,2599,2,False,False
IWM,moon_decl_q4,fwd_absret_1d,0.0060818979420285,0.0057650200920424,0.0013642011659701,0.000316877849986,0.2322808819480248,0.4183266932270916,2599,4,False,False
XLE,moon_out_of_bounds,fwd_absret_1d,0.0046681937542191,0.004808228610978,0.0029126728010486,-0.0001400348567589,-0.0480777850187982,0.4183266932270916,2599,2,False,False
TLT,pluto_out_of_bounds,fwd_ret_1d,0.0030389597569888,0.0028993575072741,0.0015226173030859,0.0001396022497147,0.0916857108032252,0.4183266932270916,2599,2,False,False
XLF,mercury_retrograde,fwd_ret_1d,0.0015289041821178,0.0014512464099588,0.0006917899566412,7.765777215891349e-05,0.1122562873505021,0.4183266932270916,2599,2,False,False
SPY,uranus_retrograde,fwd_vol_5d,0.0076335005789052,0.0075738273944427,0.0033648352502332,5.967318446244412e-05,0.017734355480943,0.4223107569721115,2595,2,False,False
SPY,mars_out_of_bounds,fwd_ret_1d,0.0026714635865431,0.0031192142296817,0.0023240035768385,-0.0004477506431385,-0.1926634913994831,0.4223107569721115,2599,2,False,False
QQQ,hard_aspect_count_q5,fwd_ret_1d,0.0076336176251263,0.0074898261333979,0.0017714541629761,0.0001437914917283,0.0811714436273172,0.4223107569721115,2599,5,False,False
USO,sun_sign,fwd_vol_5d,0.0688345856985094,0.0673419672151701,0.010859231226304,0.0014926184833392,0.1374515794197066,0.4223107569721115,2595,12,False,False
XLE,pluto_retrograde,fwd_absret_1d,0.0023285318360393,0.0022952032375947,0.000863891382094,3.3328598444627624e-05,0.0385796167613589,0.4223107569721115,2599,2,False,False
SPY,sun_element,fwd_vol_5d,0.0105936697294177,0.0102759313402351,0.0028638443347055,0.0003177383891826,0.1109482052959911,0.4223107569721115,2595,4,False,False
XLF,uranus_retrograde,fwd_ret_1d,0.0021675189318516,0.0021836873331932,0.0010294352467616,-1.616840134157499e-05,-0.0157060887437422,0.4262948207171315,2599,2,False,False
GLD,moon_void_of_course,fwd_absret_1d,0.0017840640782776,0.0017879561587384,0.0008477238828439,-3.892080460723068e-06,-0.0045912124684584,0.4262948207171315,2599,2,False,False
GLD,venus_retrograde,fwd_ret_1d,0.0022456086994377,0.0021615632486523,0.0011500335768602,8.4045450785357e-05,0.0730808669211329,0.4262948207171315,2599,2,False,False
XLF,harmonic_3_count_q5,fwd_ret_1d,0.0089269820164359,0.0088256644492265,0.0023278569684246,0.0001013175672094,0.0435239658551594,0.4262948207171315,2599,5,False,False
GLD,sun_element,fwd_vol_5d,0.012821380726203,0.0119561422913284,0.0025275224349025,0.0008652384348745,0.3423267081338176,0.4262948207171315,2595,4,False,False
IWM,sun_sign,fwd_ret_1d,0.0255545681019743,0.0250752631748753,0.0030408756256415,0.000479304927099,0.1576206942031423,0.4302788844621514,2599,12,False,False
SLV,pluto_out_of_bounds,fwd_ret_1d,0.00320021380219,0.0032065774320983,0.0020056728795808,-6.363629908379912e-06,-0.0031728154541879,0.4302788844621514,2599,2,False,False
USO,moon_out_of_bounds,fwd_absret_1d,0.0020604313134156,0.0020027838139114,0.0009391394633775,5.7647499504286104e-05,0.0613833213833476,0.4302788844621514,2599,2,False,False
XLF,sun_sign,fwd_vol_5d,0.0598157695105908,0.0586860156209134,0.0052482191720762,0.0011297538896774,0.2152642358551683,0.4302788844621514,2595,12,False,False
TLT,lunar_8phase,fwd_ret_1d,0.0119219990341162,0.0116666398933643,0.0020134537536025,0.0002553591407518,0.1268264246422299,0.4302788844621514,2599,8,False,False
SPY,saturn_retrograde,fwd_ret_1d,0.0041345786561001,0.0036641981945732,0.0016097033772192,0.0004703804615268,0.2922156144937913,0.4302788844621514,2599,2,False,False
GLD,pluto_out_of_bounds,fwd_vol_5d,0.007948042413019,0.0084152778356562,0.0056140809271393,-0.0004672354226371,-0.0832256301077668,0.4342629482071713,2595,2,False,False
XLE,lunar_8phase,fwd_ret_1d,0.0131689322289974,0.0130227301835095,0.0018924833104851,0.0001462020454878,0.0772540738815906,0.4342629482071713,2599,8,False,False
USO,harmonic_3_count_q5,fwd_vol_5d,0.0112601991305106,0.0111544854015826,0.0028936006253604,0.000105713728928,0.0365336280347558,0.4342629482071713,2595,5,False,False
XLE,sun_element,fwd_vol_5d,0.0143035884505008,0.0139134560346004,0.0018321865140493,0.0003901324159003,0.2129326970310261,0.4342629482071713,2595,4,False,False
USO,harmonic_4_count_q5,fwd_absret_1d,0.0082074999678404,0.0078309826428277,0.0019071699461589,0.0003765173250126,0.1974220104353957,0.4342629482071713,2599,5,False,False
SLV,sun_element,fwd_absret_1d,0.0061020408182622,0.0059578929763563,0.0011820411166154,0.0001441478419059,0.1219482468754201,0.4382470119521912,2599,4,False,False
QQQ,venus_out_of_bounds,fwd_absret_1d,0.002366659189746,0.0023645828222834,0.0012151576715356,2.0763674625531685e-06,0.0017087226712967,0.4382470119521912,2599,2,False,False
SPY,jupiter_sign,fwd_ret_1d,0.0642095130952087,0.0632340167455987,0.0068840609791646,0.0009754963496099,0.1417036183384225,0.4382470119521912,2599,11,False,False
XLK,saturn_retrograde,fwd_absret_1d,0.0036564572764542,0.003354248389964,0.0019143107781465,0.0003022088864902,0.1578682468595074,0.4382470119521912,2599,2,False,False
SLV,eclipse_window,fwd_absret_1d,0.0019243417763809,0.0018977692472366,0.0009906459013626,2.657252914427472e-05,0.0268234382312816,0.4382470119521912,2599,2,False,False
SPY,mars_sign,fwd_absret_1d,0.036433553035454,0.0354383712825716,0.0071211393231456,0.0009951817528824,0.1397503556274762,0.4422310756972111,2599,12,False,False
USO,mercury_retrograde,fwd_absret_1d,0.0023885964159628,0.0022915322994825,0.0008706757998829,9.706411648036876e-05,0.1114813533274005,0.4422310756972111,2599,2,False,False
SLV,pluto_out_of_bounds,fwd_absret_1d,0.003403305106922,0.0038905654706138,0.0038722590918396,-0.0004872603636917,-0.1258336160198088,0.4422310756972111,2599,2,False,False
XLF,mercury_out_of_bounds,fwd_absret_1d,0.0021975841976747,0.0022366336426145,0.0011287489105316,-3.90494449398638e-05,-0.0345953334488446,0.4422310756972111,2599,2,False,False
GLD,moon_near_new,fwd_absret_1d,0.001614469375129,0.0016889481069201,0.0007862766756059,-7.447873179102925e-05,-0.0947233131818846,0.446215139442231,2599,2,False,False
QQQ,n_retrograde,fwd_vol_5d,0.0359655828179746,0.0345656046265885,0.008092198430474,0.0013999781913861,0.1730034431822686,0.446215139442231,2595,7,False,False
TLT,moon_out_of_bounds,fwd_absret_1d,0.0045067493966881,0.0046532581905692,0.0028640807511858,-0.0001465087938811,-0.0511538628303356,0.446215139442231,2599,2,False,False
TLT,jupiter_retrograde,fwd_absret_1d,0.0020579033283817,0.0020781311133368,0.0010079807562095,-2.022778495510292e-05,-0.0200676300916382,0.446215139442231,2599,2,False,False
QQQ,moon_decl_q4,fwd_absret_1d,0.0055745799128175,0.0053507632561509,0.0014001144934074,0.0002238166566665,0.1598559672944077,0.446215139442231,2599,4,False,False
XLK,mars_out_of_bounds,fwd_ret_1d,0.0023810668776527,0.0028345983016219,0.0018011766894014,-0.0004535314239692,-0.2517972981984228,0.446215139442231,2599,2,False,False
QQQ,mars_retrograde,fwd_absret_1d,0.0037723657842446,0.0043702338653335,0.0026184290978932,-0.0005978680810888,-0.2283308268953786,0.450199203187251,2599,2,False,False
USO,moon_perigee_q4,fwd_ret_1d,0.0042610128906449,0.0041436627839035,0.001031153072374,0.0001173501067413,0.1138047394565837,0.4541832669322709,2599,4,False,False
SLV,uranus_retrograde,fwd_ret_1d,0.0017759354221395,0.0018849234731496,0.0010864041061057,-0.00010898805101,-0.1003199917945245,0.4541832669322709,2599,2,False,False
QQQ,uranus_retrograde,fwd_absret_1d,0.0027513164091987,0.0029169538102995,0.0016317011141599,-0.0001656374011007,-0.1015120965864253,0.4541832669322709,2599,2,False,False
XLK,moon_decl_q4,fwd_ret_1d,0.0051255992834493,0.004957229242625,0.0013796240211192,0.0001683700408243,0.1220405257134554,0.4541832669322709,2599,4,False,False
USO,moon_near_new,fwd_ret_1d,0.0017766435372018,0.0018134564380744,0.0008387059192714,-3.6812900872513305e-05,-0.04389250156299,0.4541832669322709,2599,2,False,False
SLV,sun_modality,fwd_vol_5d,0.0050529178044499,0.0050373504242558,0.0012253817997626,1.5567380194074325e-05,0.01270410593424,0.4541832669322709,2595,3,False,False
IWM,eclipse_window,fwd_absret_1d,0.0016954200265367,0.0018048324071158,0.0009443599048433,-0.000109412380579,-0.1158587737767131,0.4541832669322709,2599,2,False,False
XLE,eclipse_window,fwd_vol_5d,0.0023937151962323,0.0023919137078781,0.0011828071327653,1.801488354157086e-06,0.0015230617944831,0.4541832669322709,2595,2,False,False
IWM,mercury_sign,fwd_absret_1d,0.0272036140695279,0.0268596147304203,0.0039092827561728,0.0003439993391075,0.087995512364614,0.4541832669322709,2599,12,False,False
USO,neptune_retrograde,fwd_vol_5d,0.0106727580677958,0.0103611355049443,0.0062097818935358,0.0003116225628515,0.0501825294662838,0.4541832669322709,2595,2,False,False
SLV,aspect_trine_count_q5,fwd_absret_1d,0.0087963554804777,0.0088059990119547,0.0021792585832865,-9.643531477020533e-06,-0.0044251432808295,0.4581673306772908,2599,5,False,False
IWM,moon_near_new,fwd_ret_1d,0.0015881995930583,0.0016596307896172,0.0007894525911092,-7.14311965588695e-05,-0.090481933131034,0.4581673306772908,2599,2,False,False
XLF,jupiter_sign,fwd_vol_5d,0.1289982804581201,0.1269443192973978,0.0113934653331166,0.0020539611607223,0.1802753684388018,0.4581673306772908,2595,11,False,False
XLK,venus_out_of_bounds,fwd_vol_5d,0.0056368215402937,0.0058306599964567,0.0028661337111842,-0.000193838456163,-0.0676306396336693,0.4581673306772908,2595,2,False,False
XLF,mars_sign,fwd_ret_1d,0.0302569074476996,0.0292593551046244,0.0055398265336626,0.0009975523430751,0.180069238091399,0.4581673306772908,2599,12,False,False
XLK,sun_modality,fwd_absret_1d,0.003738067852952,0.0036950197768344,0.0008487370788865,4.3048076117540614e-05,0.0507201549082991,0.4581673306772908,2599,3,False,False
IWM,moon_near_new,fwd_vol_5d,0.0018411395987544,0.0019111320083593,0.0009041688570579,-6.99924096048939e-05,-0.0774107724000146,0.4621513944223107,2595,2,False,False
SLV,mars_saturn_hard_aspect,fwd_vol_5d,0.004319716170395,0.0045090042531232,0.0023329299778037,-0.0001892880827282,-0.0811374899929309,0.4621513944223107,2595,2,False,False
TLT,mars_saturn_hard_aspect,fwd_ret_1d,0.0020058682563768,0.0020821252957614,0.0010700796920545,-7.625703938456563e-05,-0.0712629535452181,0.4621513944223107,2599,2,False,False
XLE,soft_aspect_count_q5,fwd_ret_1d,0.0109156214570482,0.0108829095236997,0.0029854980278643,3.271193334854032e-05,0.0109569435461797,0.4621513944223107,2599,5,False,False
GLD,aspect_opposition_count_q5,fwd_ret_1d,0.0101679257517619,0.010129793404442,0.0032128310714287,3.813234731985665e-05,0.0118687682209505,0.4621513944223107,2599,5,False,False
XLE,aspect_trine_count_q5,fwd_absret_1d,0.0100653937513301,0.0103996748305666,0.0030968024537743,-0.0003342810792364,-0.1079439467729183,0.4661354581673306,2599,5,False,False
SLV,moon_void_of_course,fwd_vol_5d,0.0017974240061736,0.001720894307464,0.0007583307303173,7.65296987096382e-05,0.1009186304208069,0.4661354581673306,2595,2,False,False
IWM,mercury_sign,fwd_vol_5d,0.0598067035301746,0.0588970094232745,0.0098068647884084,0.0009096941069,0.0927609512854004,0.4661354581673306,2595,12,False,False
QQQ,venus_out_of_bounds,fwd_vol_5d,0.0054921243578283,0.005801077403549,0.0031158815066103,-0.0003089530457206,-0.0991542987322341,0.4661354581673306,2595,2,False,False
TLT,mars_retrograde,fwd_ret_1d,0.0020197298322326,0.0021574042102957,0.0011253758814155,-0.0001376743780631,-0.1223363503134614,0.4661354581673306,2599,2,False,False
USO,jupiter_retrograde,fwd_ret_1d,0.0024135844749489,0.0024485759940051,0.001146764779684,-3.499151905618069e-05,-0.030513248816222,0.4661354581673306,2599,2,False,False
USO,moon_decl_sign,fwd_vol_5d,0.003960141697885,0.00379846510748,0.0017125213725938,0.000161676590405,0.0944085095768153,0.4661354581673306,2595,2,False,False
TLT,sun_element,fwd_vol_5d,0.0143134104818394,0.0142186708019562,0.00213549259268,9.473967988324512e-05,0.044364321472241,0.4701195219123506,2595,4,False,False
USO,moon_near_full,fwd_ret_1d,0.0016403684619492,0.0017042491005664,0.0007812435085653,-6.388063861722474e-05,-0.0817678968424762,0.4701195219123506,2599,2,False,False
USO,uranus_retrograde,fwd_vol_5d,0.0105380704022309,0.0110587792263229,0.006537754359926,-0.0005207088240919,-0.0796464344521326,0.4741035856573705,2595,2,False,False
TLT,lunar_4phase,fwd_ret_1d,0.0051141535874765,0.0052104453513179,0.0011040578139527,-9.6291763841393e-05,-0.0872162332664885,0.4741035856573705,2599,4,False,False
TLT,aspect_conjunction_count_q5,fwd_ret_1d,0.0104538436827295,0.0106478006013996,0.0030294788459512,-0.0001939569186701,-0.0640231962435966,0.4741035856573705,2599,5,False,False
SPY,harmonic_4_count_q5,fwd_vol_5d,0.0111659006473346,0.0116067136993503,0.0033329831736539,-0.0004408130520156,-0.1322578090102974,0.4780876494023904,2595,5,False,False
QQQ,moon_void_of_course,fwd_absret_1d,0.0017985283253954,0.001828747957933,0.0008319439465547,-3.0219632537634416e-05,-0.0363241209492293,0.4820717131474104,2599,2,False,False
XLE,jupiter_retrograde,fwd_ret_1d,0.0023298550640191,0.0023198196731156,0.0010253617448954,1.0035390903538955e-05,0.0097871711651991,0.4860557768924303,2599,2,False,False
XLF,moon_near_full,fwd_vol_5d,0.0016260376213408,0.001794004174158,0.0007892420454673,-0.0001679665528172,-0.2128200769103,0.4860557768924303,2595,2,False,False
SLV,moon_sign,fwd_absret_1d,0.0194514694290254,0.0193996685250954,0.0024669173185972,5.180090392999104e-05,0.0209982327090904,0.4860557768924303,2599,12,False,False
XLF,mars_out_of_bounds,fwd_absret_1d,0.0024896579059229,0.0031478642448697,0.0021725247234746,-0.0006582063389468,-0.3029683997768677,0.4860557768924303,2599,2,False,False
XLK,lunar_8phase,fwd_ret_1d,0.0118571098133613,0.0118773150410231,0.0017486864982389,-2.020522766179797e-05,-0.0115545168800386,0.4860557768924303,2599,8,False,False
QQQ,jupiter_sign,fwd_absret_1d,0.0584337461268764,0.0575266254221663,0.0067371400548405,0.0009071207047101,0.1346447746857133,0.4860557768924303,2599,11,False,False
XLK,jupiter_retrograde,fwd_vol_5d,0.0052528385216727,0.006510827747635,0.0038886000250143,-0.0012579892259622,-0.3235069736846077,0.4900398406374502,2595,2,False,False
XLF,moon_perigee_q4,fwd_absret_1d,0.0052857183338746,0.0053379883260971,0.0012466563130941,-5.226999222247841e-05,-0.041928149461456,0.4900398406374502,2599,4,False,False
SLV,moon_void_of_course,fwd_ret_1d,0.0016349011306431,0.0017547583421956,0.0008381057489055,-0.0001198572115525,-0.1430096520744289,0.4940239043824701,2599,2,False,False
SLV,aspect_square_count_q5,fwd_ret_1d,0.0085156524254209,0.0085632800827791,0.0020638330731143,-4.762765735815723e-05,-0.0230772817717698,0.4940239043824701,2599,5,False,False
QQQ,moon_perigee_q4,fwd_vol_5d,0.0075382841093669,0.0076220160570413,0.0017656751403557,-8.373194767435227e-05,-0.0474220572972909,0.4940239043824701,2595,4,False,False
SLV,moon_perigee_q4,fwd_vol_5d,0.0082771869646078,0.0081719545670383,0.0020037200891215,0.0001052323975694,0.0525185120121326,0.4940239043824701,2595,4,False,False
SPY,moon_near_full,fwd_vol_5d,0.0016793421478929,0.0018293755738735,0.0008694092446196,-0.0001500334259806,-0.1725693934233397,0.4940239043824701,2595,2,False,False
SPY,jupiter_sign,fwd_absret_1d,0.0637568038393348,0.0642297466327206,0.006981409681947,-0.0004729427933858,-0.0677431657690563,0.4940239043824701,2599,11,False,False
SPY,jupiter_saturn_aspect,fwd_vol_5d,0.0095468016773342,0.0126072093686329,0.0095483911745707,-0.0030604076912987,-0.3205155334910495,0.49800796812749,2595,2,False,False
SPY,aspect_opposition_count_q5,fwd_ret_1d,0.0144747401505313,0.0151243355239505,0.0055698349367346,-0.0006495953734191,-0.1166274011344368,0.49800796812749,2599,5,False,False
TLT,lunar_4phase,fwd_absret_1d,0.0049453024900271,0.0048787588328443,0.0010531387248904,6.654365718287373e-05,0.0631860320109286,0.49800796812749,2599,4,False,False
TLT,sun_element,fwd_absret_1d,0.0058544753337794,0.0059089720324801,0.0007471987648466,-5.449669870074506e-05,-0.0729346744997995,0.49800796812749,2599,4,False,False
IWM,mercury_out_of_bounds,fwd_vol_5d,0.0038134083323177,0.0043141708119835,0.0023680297261698,-0.0005007624796657,-0.2114679871336507,0.49800796812749,2595,2,False,False
XLK,mars_saturn_hard_aspect,fwd_vol_5d,0.0045501531579833,0.0050099517255047,0.0025740259973918,-0.0004597985675213,-0.1786301179503331,0.49800796812749,2595,2,False,False
SLV,aspect_opposition_count_q5,fwd_vol_5d,0.0389880893041818,0.0372279406442588,0.0150696731346246,0.001760148659923,0.116800719179428,0.49800796812749,2595,5,False,False
XLK,moon_near_full,fwd_absret_1d,0.0015782324074036,0.0017057980436443,0.0008446551646198,-0.0001275656362407,-0.151026882429737,0.49800796812749,2599,2,False,False
XLE,uranus_retrograde,fwd_absret_1d,0.0023668547754648,0.0024831048928649,0.0010631951269844,-0.0001162501174,-0.1093403406859255,0.50199203187251,2599,2,False,False
SPY,mercury_out_of_bounds,fwd_ret_1d,0.0021555223317237,0.0023685303828456,0.0012135468777906,-0.0002130080511219,-0.1755251939749894,0.50199203187251,2599,2,False,False
USO,mercury_retrograde,fwd_ret_1d,0.0021418693217044,0.0022951643630227,0.0011370253515361,-0.0001532950413182,-0.1348211287559926,0.50199203187251,2599,2,False,False
XLE,mars_sign,fwd_absret_1d,0.0287397093264463,0.0296790883450378,0.0074481274557682,-0.0009393790185915,-0.1261228441873764,0.50199203187251,2599,12,False,False
IWM,n_retrograde,fwd_absret_1d,0.0151136066684052,0.0154075496978316,0.0030602935226311,-0.0002939430294263,-0.0960506001312126,0.50199203187251,2599,7,False,False
TLT,harmonic_4_count_q5,fwd_vol_5d,0.0108529422467496,0.0112261965598129,0.0033702415037881,-0.0003732543130632,-0.1107500197370893,0.50199203187251,2595,5,False,False
GLD,mars_out_of_bounds,fwd_absret_1d,0.0020196859425198,0.0022518591901724,0.00123795126647,-0.0002321732476525,-0.1875463549664524,0.50199203187251,2599,2,False,False
SLV,mars_out_of_bounds,fwd_absret_1d,0.0022800702661254,0.0028091300004958,0.001865393015129,-0.0005290597343704,-0.2836183742941017,0.5059760956175299,2599,2,False,False
QQQ,sun_element,fwd_absret_1d,0.0061790198420045,0.0061837765247699,0.0007823942367376,-4.756682765416111e-06,-0.0060796495450295,0.5059760956175299,2599,4,False,False
SPY,jupiter_saturn_aspect,fwd_ret_1d,0.0034816758767904,0.0044947901159543,0.0033297012698195,-0.0010131142391639,-0.3042658055684356,0.5059760956175299,2599,2,False,False
XLE,moon_void_of_course,fwd_ret_1d,0.0015724096844449,0.0017242068930891,0.0007817950141361,-0.0001517972086441,-0.1941649740653565,0.5059760956175299,2599,2,False,False
TLT,jupiter_saturn_aspect,fwd_absret_1d,0.003568340653678,0.0040961959674254,0.0022286922525753,-0.0005278553137474,-0.2368453128230053,0.5059760956175299,2599,2,False,False
SPY,jupiter_sign,fwd_vol_5d,0.1787490944112681,0.1765259358176191,0.0194210192800489,0.0022231585936489,0.1144717772837391,0.5059760956175299,2595,11,False,False
IWM,neptune_retrograde,fwd_ret_1d,0.0027542869943343,0.00299193826417,0.0013140727875353,-0.0002376512698356,-0.1808509179170939,0.5099601593625498,2599,2,False,False
XLF,n_retrograde,fwd_vol_5d,0.0295669780669012,0.0307407941896926,0.0072462433057294,-0.0011738161227913,-0.1619896094108885,0.5099601593625498,2595,7,False,False
SLV,mars_out_of_bounds,fwd_ret_1d,0.0023403133687456,0.0027964112117719,0.001589248319348,-0.0004560978430263,-0.2869896651603666,0.5099601593625498,2599,2,False,False
TLT,moon_decl_q4,fwd_absret_1d,0.0056615105393727,0.0058192654929496,0.0014652058893014,-0.0001577549535769,-0.1076674307200053,0.5139442231075697,2599,4,False,False
SPY,jupiter_saturn_aspect,fwd_absret_1d,0.00312130851362,0.0045361626582206,0.0038938047857022,-0.0014148541446005,-0.3633603178556255,0.5139442231075697,2599,2,False,False
XLF,lunar_8phase,fwd_vol_5d,0.0142369514970366,0.0143078610266011,0.002431354484192,-7.090952956452512e-05,-0.0291646199785175,0.5139442231075697,2595,8,False,False
USO,harmonic_3_count_q5,fwd_absret_1d,0.0076525244439376,0.0079511740117696,0.0018238473132252,-0.0002986495678319,-0.1637470229368367,0.5139442231075697,2599,5,False,False
TLT,aspect_trine_count_q5,fwd_absret_1d,0.0090586192118544,0.0097859024557307,0.0030306731545055,-0.0007272832438763,-0.2399741597985007,0.5179282868525896,2599,5,False,False
TLT,mars_retrograde,fwd_vol_5d,0.0047539256173044,0.0058654477771111,0.0034183822499363,-0.0011115221598067,-0.3251602888551783,0.5179282868525896,2595,2,False,False
QQQ,neptune_retrograde,fwd_absret_1d,0.002733326948578,0.0031146975409015,0.0016213926915625,-0.0003813705923235,-0.2352117376056484,0.5179282868525896,2599,2,False,False
XLK,mercury_retrograde,fwd_absret_1d,0.0018770244571352,0.0020752252751278,0.0009792009906757,-0.0001982008179926,-0.2024107613042967,0.5179282868525896,2599,2,False,False
IWM,pluto_retrograde,fwd_vol_5d,0.0055828184358703,0.0070111181715646,0.0042057610679275,-0.0014282997356942,-0.3396055345574085,0.5179282868525896,2595,2,False,False
XLF,moon_near_full,fwd_ret_1d,0.0016632124422115,0.0017709314385777,0.0007875672393879,-0.0001077189963662,-0.136774348879642,0.5179282868525896,2599,2,False,False
TLT,jupiter_sign,fwd_ret_1d,0.0574639792455713,0.0570806313635548,0.0032087025274343,0.0003833478820164,0.1194713061553063,0.5219123505976095,2599,11,False,False
USO,mars_sign,fwd_absret_1d,0.0318090060685769,0.0326623080081277,0.004556716399837,-0.0008533019395507,-0.1872624637296513,0.5219123505976095,2599,12,False,False
TLT,pluto_out_of_bounds,fwd_absret_1d,0.0028471504597703,0.0031917244926278,0.0017714439628785,-0.0003445740328575,-0.1945159090991559,0.5219123505976095,2599,2,False,False
IWM,pluto_retrograde,fwd_absret_1d,0.0035787090132229,0.0037820539073031,0.0015055634426147,-0.0002033448940801,-0.1350623217358606,0.5219123505976095,2599,2,False,False
USO,lunar_4phase,fwd_vol_5d,0.0098549102537236,0.0099965919758906,0.001912626994323,-0.0001416817221669,-0.074077027349021,0.5219123505976095,2595,4,False,False
QQQ,eclipse_window,fwd_vol_5d,0.0023857038729907,0.0026677434548061,0.0012604231872438,-0.0002820395818154,-0.2237657833256305,0.5219123505976095,2595,2,False,False
IWM,moon_decl_sign,fwd_ret_1d,0.0014467067630733,0.0016963205584963,0.0009126355393277,-0.0002496137954229,-0.2735087388847346,0.5258964143426295,2599,2,False,False
SPY,mars_out_of_bounds,fwd_vol_5d,0.0058199152430497,0.0073084462627427,0.0049427480500257,-0.0014885310196929,-0.3011545408803909,0.5258964143426295,2595,2,False,False
XLK,aspect_opposition_count_q5,fwd_ret_1d,0.0143104393526922,0.014950615270388,0.0038944457179672,-0.0006401759176958,-0.1643817796053392,0.5258964143426295,2599,5,False,False
SPY,mercury_out_of_bounds,fwd_absret_1d,0.0017470639652449,0.0020304596568864,0.001094455480232,-0.0002833956916415,-0.25893761487808,0.5258964143426295,2599,2,False,False
XLE,harmonic_3_count_q5,fwd_absret_1d,0.0098735900259795,0.0106237409396354,0.002979175074642,-0.0007501509136558,-0.2517981974409605,0.5258964143426295,2599,5,False,False
QQQ,saturn_retrograde,fwd_ret_1d,0.0024295036243447,0.0028685137586268,0.0010437629061369,-0.000439010134282,-0.4206033110593236,0.5258964143426295,2599,2,False,False
SPY,jupiter_retrograde,fwd_ret_1d,0.0020015312080859,0.0023073233860945,0.0013909716041004,-0.0003057921780085,-0.2198407049483329,0.5258964143426295,2599,2,False,False
XLK,harmonic_4_count_q5,fwd_ret_1d,0.0080851727156412,0.008133208040064,0.001911227713657,-4.803532442284458e-05,-0.0251332293266779,0.5258964143426295,2599,5,False,False
TLT,harmonic_3_count_q5,fwd_ret_1d,0.0089347517609312,0.0094401710068027,0.0021500823493147,-0.0005054192458715,-0.2350697153681845,0.5298804780876494,2599,5,False,False
SLV,moon_sign,fwd_vol_5d,0.0207800074163374,0.0209669122483195,0.0025246313061709,-0.000186904831982,-0.0740325256702712,0.5298804780876494,2595,12,False,False
XLK,lunar_8phase,fwd_absret_1d,0.0122909646944184,0.0126304594422257,0.0018446806243893,-0.0003394947478072,-0.1840398512992559,0.5298804780876494,2599,8,False,False
QQQ,jupiter_retrograde,fwd_ret_1d,0.0018501722260359,0.0020555695435424,0.000849293500924,-0.0002053973175064,-0.2418449184916526,0.5298804780876494,2599,2,False,False
XLE,mars_out_of_bounds,fwd_absret_1d,0.0020927498759006,0.0026336094332194,0.0016753831761488,-0.0005408595573188,-0.3228273776522312,0.5338645418326693,2599,2,False,False
SLV,saturn_sign,fwd_absret_1d,0.0354620502036323,0.0337061290166453,0.0089294363737973,0.001755921186987,0.1966441232662364,0.5338645418326693,2599,5,False,False
GLD,jupiter_saturn_aspect,fwd_ret_1d,0.0022160826468307,0.0030962707809365,0.002268217549578,-0.0008801881341057,-0.3880527836800565,0.5378486055776892,2599,2,False,False
XLE,sun_element,fwd_absret_1d,0.0048913877610121,0.0049515481571588,0.0008932076324483,-6.016039614661125e-05,-0.0673532042955221,0.5378486055776892,2599,4,False,False
TLT,n_retrograde,fwd_vol_5d,0.0281038234223139,0.0291762800044283,0.006505558670734,-0.0010724565821144,-0.1648523418809533,0.5378486055776892,2595,7,False,False
SPY,mars_saturn_hard_aspect,fwd_ret_1d,0.0018779599300414,0.0020613481726631,0.0009572398026789,-0.0001833882426217,-0.1915802520000658,0.5378486055776892,2599,2,False,False
SLV,moon_near_full,fwd_ret_1d,0.0014412519601809,0.0017075775793367,0.0008515318734637,-0.0002663256191557,-0.3127605994035569,0.5378486055776892,2599,2,False,False
QQQ,neptune_retrograde,fwd_ret_1d,0.0024061237557828,0.0027439626673003,0.0011912239580743,-0.0003378389115174,-0.2836065453750784,0.5378486055776892,2599,2,False,False
QQQ,pluto_out_of_bounds,fwd_absret_1d,0.003020370078005,0.0037985057819121,0.0025695031974487,-0.000778135703907,-0.3028350790455112,0.5418326693227091,2599,2,False,False
SPY,moon_decl_q4,fwd_ret_1d,0.0048657519001903,0.0051604831019012,0.0014777510196493,-0.0002947312017108,-0.1994457779367587,0.5418326693227091,2599,4,False,False
XLK,jupiter_sign,fwd_vol_5d,0.1853940047533214,0.1825693819538191,0.020558604081369,0.0028246227995023,0.137393705736185,0.5418326693227091,2595,11,False,False
XLK,harmonic_4_count_q5,fwd_vol_5d,0.0114223389875111,0.0122515254304621,0.0038808769166838,-0.000829186442951,-0.2136595570414382,0.5418326693227091,2595,5,False,False
XLE,moon_out_of_bounds,fwd_ret_1d,0.003648262749421,0.0044714300114588,0.0023763807189773,-0.0008231672620377,-0.3463953631100123,0.5418326693227091,2599,2,False,False
IWM,jupiter_retrograde,fwd_absret_1d,0.0030456972905521,0.0034174335138688,0.0017279466291708,-0.0003717362233167,-0.2151317737719361,0.5418326693227091,2599,2,False,False
SLV,saturn_sign,fwd_vol_5d,0.1134630382512791,0.1143725427686313,0.0255198693610827,-0.0009095045173522,-0.0356390741850425,0.545816733067729,2595,5,False,False
SPY,venus_sign,fwd_absret_1d,0.0261766229673511,0.0273362557191822,0.0052936026590322,-0.001159632751831,-0.2190630514839384,0.545816733067729,2599,12,False,False
XLF,aspect_square_count_q5,fwd_vol_5d,0.0126956302009795,0.0133037829714955,0.0034185530618776,-0.000608152770516,-0.177897712718841,0.545816733067729,2595,5,False,False
XLK,aspect_opposition_count_q5,fwd_vol_5d,0.0353955588186973,0.036705864795245,0.0093631392221716,-0.0013103059765476,-0.1399430196920369,0.545816733067729,2595,5,False,False
USO,moon_near_new,fwd_absret_1d,0.0016137652010014,0.0017946609397726,0.000810890822666,-0.0001808957387711,-0.2230827303932057,0.545816733067729,2599,2,False,False
QQQ,neptune_retrograde,fwd_vol_5d,0.0059083513758524,0.0071353123137431,0.0042878183557611,-0.0012269609378906,-0.2861504000611714,0.545816733067729,2595,2,False,False
GLD,venus_sign,fwd_absret_1d,0.02155420469471,0.0221663630261986,0.0027197984572358,-0.0006121583314886,-0.2250748873910093,0.545816733067729,2599,12,False,False
GLD,saturn_sign,fwd_ret_1d,0.0221231017949508,0.0232789240119155,0.0065607470446501,-0.0011558222169647,-0.1761723488344592,0.549800796812749,2599,5,False,False
IWM,jupiter_retrograde,fwd_ret_1d,0.0021434059293645,0.0024603673759376,0.0012707885624066,-0.000316961446573,-0.2494210728280547,0.549800796812749,2599,2,False,False
USO,mars_retrograde,fwd_vol_5d,0.005434881504785,0.007618802850793,0.0058852891324383,-0.002183921346008,-0.3710814026061604,0.549800796812749,2595,2,False,False
SLV,venus_retrograde,fwd_vol_5d,0.0044695343337351,0.0057091867978188,0.003563340016733,-0.0012396524640836,-0.347890590923802,0.549800796812749,2595,2,False,False
SPY,soft_aspect_count_q5,fwd_ret_1d,0.0094491745750784,0.0100317667225881,0.0029514910067368,-0.0005825921475096,-0.1973890979779071,0.549800796812749,2599,5,False,False
QQQ,aspect_opposition_count_q5,fwd_absret_1d,0.013629544485181,0.0146820188415269,0.0047097118683537,-0.0010524743563459,-0.2234689479451697,0.549800796812749,2599,5,False,False
TLT,venus_retrograde,fwd_absret_1d,0.0017045161795408,0.0019475002631176,0.0009061708298697,-0.0002429840835768,-0.26814379316511,0.549800796812749,2599,2,False,False
XLE,moon_near_full,fwd_ret_1d,0.0016158016294921,0.0018179197010593,0.0008120352616824,-0.0002021180715671,-0.2489030724459364,0.5537848605577689,2599,2,False,False
TLT,venus_retrograde,fwd_ret_1d,0.0016394595354248,0.0019030759530249,0.0009103669154185,-0.0002636164176001,-0.28957161462629,0.5537848605577689,2599,2,False,False
XLK,mercury_out_of_bounds,fwd_absret_1d,0.0015539235700269,0.0019480927085439,0.0010768559830676,-0.000394169138517,-0.366037004682969,0.5537848605577689,2599,2,False,False
XLE,jupiter_saturn_aspect,fwd_absret_1d,0.0036566543109408,0.0051070495044349,0.0031481158801369,-0.0014503951934941,-0.460718489635455,0.5537848605577689,2599,2,False,False
SPY,mars_retrograde,fwd_vol_5d,0.0061508133969745,0.0088038578331619,0.0063827332073439,-0.0026530444361873,-0.4156596163434832,0.5537848605577689,2595,2,False,False
QQQ,mercury_retrograde,fwd_absret_1d,0.0020633898196649,0.0025669100122916,0.0012954006250115,-0.0005035201926266,-0.3886984326738406,0.5537848605577689,2599,2,False,False
SLV,uranus_retrograde,fwd_absret_1d,0.0022203689545752,0.0024229889490016,0.0009893765625138,-0.0002026199944264,-0.2047956279776741,0.5537848605577689,2599,2,False,False
TLT,jupiter_sign,fwd_absret_1d,0.0625658658299815,0.06311027400267,0.0031571247031527,-0.0005444081726884,-0.1724379693158174,0.5537848605577689,2599,11,False,False
XLF,aspect_conjunction_count_q5,fwd_ret_1d,0.0089987626082692,0.0097641899636868,0.0027110852682745,-0.0007654273554175,-0.2823324534918488,0.5577689243027888,2599,5,False,False
SPY,mars_sign,fwd_ret_1d,0.0314892242988599,0.0325276555429452,0.0070244077621107,-0.0010384312440852,-0.1478318570408899,0.5577689243027888,2599,12,False,False
QQQ,jupiter_sign,fwd_ret_1d,0.056444965632867,0.0566551730361519,0.0072281619262387,-0.0002102074032848,-0.029081723047988,0.5577689243027888,2599,11,False,False
XLE,jupiter_saturn_aspect,fwd_vol_5d,0.0110766037523797,0.0150891584615871,0.0090773793037133,-0.0040125547092073,-0.4420388941515238,0.5577689243027888,2595,2,False,False
QQQ,mercury_out_of_bounds,fwd_absret_1d,0.0019459847912122,0.0022914297118903,0.0012237562412471,-0.0003454449206781,-0.282282458740363,0.5577689243027888,2599,2,False,False
XLK,moon_decl_sign,fwd_vol_5d,0.0047458611836212,0.0053125635896244,0.0020002676128754,-0.0005667024060031,-0.2833132938589768,0.5617529880478087,2595,2,False,False
QQQ,moon_decl_sign,fwd_ret_1d,0.0016136407905043,0.0018987831034102,0.0008886012921072,-0.0002851423129059,-0.320888924468828,0.5617529880478087,2599,2,False,False
SPY,uranus_retrograde,fwd_ret_1d,0.0026661573893725,0.0032826773143724,0.0016966971422059,-0.0006165199249998,-0.3633647453418339,0.5617529880478087,2599,2,False,False
XLK,n_retrograde,fwd_vol_5d,0.0337173627967254,0.034919018564413,0.007026893114703,-0.0012016557676875,-0.1710081181074488,0.5617529880478087,2595,7,False,False
IWM,aspect_trine_count_q5,fwd_absret_1d,0.0084468188345019,0.0092462103087623,0.0028772556299632,-0.0007993914742604,-0.277831231238444,0.5617529880478087,2599,5,False,False
SLV,jupiter_saturn_aspect,fwd_absret_1d,0.0024714010561863,0.00356082446417,0.0023198998432577,-0.0010894234079836,-0.4695993282424734,0.5617529880478087,2599,2,False,False
XLF,jupiter_retrograde,fwd_ret_1d,0.00208377264645,0.0023255391344508,0.0010339963576843,-0.0002417664880007,-0.2338175431703029,0.5617529880478087,2599,2,False,False
IWM,moon_decl_q4,fwd_vol_5d,0.0080357816094246,0.0087430035786077,0.0022063178332868,-0.000707221969183,-0.3205440116166372,0.5617529880478087,2595,4,False,False
XLF,moon_out_of_bounds,fwd_ret_1d,0.0028793542920757,0.0035365818463099,0.0019231174000432,-0.0006572275542341,-0.3417511350161931,0.5657370517928287,2599,2,False,False
XLK,moon_sign,fwd_ret_1d,0.0179738657049133,0.0187017831175173,0.0027887016616064,-0.000727917412604,-0.2610237669470463,0.5657370517928287,2599,12,False,False
XLF,jupiter_retrograde,fwd_absret_1d,0.0024555564883169,0.0031069822176126,0.0016543901013382,-0.0006514257292957,-0.3937558189986551,0.5657370517928287,2599,2,False,False
XLE,moon_sign,fwd_ret_1d,0.0194298168144094,0.0198505460517575,0.0025904529177321,-0.0004207292373481,-0.1624153191390299,0.5657370517928287,2599,12,False,False
USO,mercury_out_of_bounds,fwd_absret_1d,0.0018581556909742,0.002287615551843,0.00128101068672,-0.0004294598608688,-0.3352508026052661,0.5657370517928287,2599,2,False,False
IWM,jupiter_saturn_aspect,fwd_vol_5d,0.0075155253233245,0.0111686425561475,0.0080182632445759,-0.003653117232823,-0.4555995633211744,0.5657370517928287,2595,2,False,False
IWM,jupiter_saturn_aspect,fwd_ret_1d,0.0027362573068839,0.0040028263778568,0.0028028526133122,-0.0012665690709729,-0.451885719911671,0.5697211155378487,2599,2,False,False
GLD,mars_saturn_hard_aspect,fwd_ret_1d,0.0016139814830554,0.0019907214663786,0.000996673863191,-0.0003767399833232,-0.3779972539031307,0.5697211155378487,2599,2,False,False
XLE,mars_sign,fwd_vol_5d,0.0791623978621018,0.0823161929892844,0.0157975643671077,-0.0031537951271826,-0.199638061532396,0.5697211155378487,2595,12,False,False
QQQ,harmonic_4_count_q5,fwd_absret_1d,0.0073714915048917,0.0077316219878439,0.0018050534475022,-0.0003601304829522,-0.1995123653820552,0.5697211155378487,2599,5,False,False
IWM,moon_out_of_bounds,fwd_absret_1d,0.0035156258921742,0.0039513609401953,0.0016575159844597,-0.0004357350480211,-0.2628843716177646,0.5737051792828686,2599,2,False,False
XLE,saturn_retrograde,fwd_ret_1d,0.0016388139529638,0.0017150836258892,0.0006457887836839,-7.626967292536312e-05,-0.1181031241984048,0.5737051792828686,2599,2,False,False
XLF,hard_aspect_count_q5,fwd_ret_1d,0.0074077466949786,0.007816468034306,0.0019723293763041,-0.0004087213393273,-0.2072277299308227,0.5737051792828686,2599,5,False,False
XLK,lunar_4phase,fwd_ret_1d,0.0045738593669444,0.0047742539113104,0.000990942560167,-0.000200394544366,-0.202226195968639,0.5776892430278885,2599,4,False,False
SLV,n_retrograde,fwd_absret_1d,0.0135099114074532,0.0142099976569088,0.002599770016241,-0.0007000862494556,-0.269287762025903,0.5776892430278885,2599,7,False,False
QQQ,moon_decl_q4,fwd_vol_5d,0.0104174868916161,0.0110086932594583,0.002739344601316,-0.0005912063678422,-0.2158203708866075,0.5776892430278885,2595,4,False,False
XLF,saturn_retrograde,fwd_ret_1d,0.0017348030540521,0.0019947489956144,0.0009531745038205,-0.0002599459415623,-0.2727160037542447,0.5776892430278885,2599,2,False,False
SPY,venus_out_of_bounds,fwd_vol_5d,0.0052624557242506,0.0062340919161355,0.0030200721139188,-0.0009716361918849,-0.3217261559440454,0.5776892430278885,2595,2,False,False
XLF,aspect_opposition_count_q5,fwd_vol_5d,0.0221141684471889,0.0264020078199871,0.0099722257018752,-0.0042878393727981,-0.429978171471978,0.5776892430278885,2595,5,False,False
QQQ,venus_out_of_bounds,fwd_ret_1d,0.0018961567040213,0.0024702552656553,0.0013405869897497,-0.000574098561634,-0.428244169176402,0.5776892430278885,2599,2,False,False
XLF,pluto_out_of_bounds,fwd_ret_1d,0.001993998347281,0.0030533409484527,0.0027694812415795,-0.0010593426011717,-0.3825057867398727,0.5816733067729084,2599,2,False,False
XLE,mars_sign,fwd_ret_1d,0.0269615730126552,0.0279062333266856,0.0053044715957391,-0.0009446603140303,-0.1780875431191207,0.5816733067729084,2599,12,False,False
XLK,mercury_retrograde,fwd_vol_5d,0.0028456972698783,0.0035069044274521,0.0017739786306464,-0.0006612071575738,-0.3727255481837129,0.5816733067729084,2595,2,False,False
XLF,lunar_8phase,fwd_absret_1d,0.011513614792477,0.0118622345061096,0.0016518369403682,-0.0003486197136325,-0.211049713874816,0.5816733067729084,2599,8,False,False
SLV,uranus_retrograde,fwd_vol_5d,0.0052166270455482,0.0064946550767471,0.0031942257713189,-0.0012780280311989,-0.400105729117321,0.5816733067729084,2595,2,False,False
GLD,n_retrograde,fwd_absret_1d,0.0130697651628107,0.0137089526014748,0.002826628896348,-0.0006391874386641,-0.2261306531925518,0.5856573705179283,2599,7,False,False
SPY,sun_modality,fwd_ret_1d,0.0031313879829592,0.0032911146020883,0.0007168482300731,-0.0001597266191291,-0.2228179026303324,0.5856573705179283,2599,3,False,False
GLD,venus_out_of_bounds,fwd_ret_1d,0.0014459938939723,0.0017814126503265,0.0008991554336049,-0.0003354187563542,-0.3730375681648815,0.5856573705179283,2599,2,False,False
SPY,aspect_opposition_count_q5,fwd_absret_1d,0.0135455472489677,0.0154809607266693,0.0053713438861834,-0.0019354134777015,-0.3603220197239655,0.5856573705179283,2599,5,False,False
USO,lunar_8phase,fwd_vol_5d,0.01810224137619,0.0188319991601741,0.0025064582032354,-0.000729757783984,-0.2911509886907609,0.5856573705179283,2595,8,False,False
GLD,moon_near_new,fwd_ret_1d,0.0015146895924262,0.0018377572592296,0.0008616734354216,-0.0003230676668034,-0.3749305172037757,0.5856573705179283,2599,2,False,False
SLV,moon_void_of_course,fwd_absret_1d,0.0014635780193128,0.0017209433309106,0.0008177622176089,-0.0002573653115977,-0.3147190051776913,0.5856573705179283,2599,2,False,False
XLE,hard_aspect_count_q5,fwd_ret_1d,0.0073940150569105,0.0078716526597019,0.0019915393070262,-0.0004776376027914,-0.239833379690936,0.5856573705179283,2599,5,False,False
USO,jupiter_saturn_aspect,fwd_ret_1d,0.002571305140236,0.0033165428462941,0.0019926693246361,-0.0007452377060581,-0.3739896513909583,0.5856573705179283,2599,2,False,False
USO,pluto_retrograde,fwd_vol_5d,0.0068442493356196,0.0099074030333933,0.0063521847815867,-0.0030631536977736,-0.4822204962697128,0.5896414342629482,2595,2,False,False
TLT,venus_sign,fwd_vol_5d,0.0484567936770188,0.0510584467388893,0.0077029343332301,-0.0026016530618704,-0.3377483111399484,0.5896414342629482,2595,12,False,False
QQQ,moon_near_full,fwd_absret_1d,0.0014428661463366,0.0018613877591244,0.0009504402167795,-0.0004185216127877,-0.440345016339823,0.5896414342629482,2599,2,False,False
IWM,harmonic_4_count_q5,fwd_vol_5d,0.0105854409942136,0.0116885991789508,0.0033969171176816,-0.0011031581847372,-0.3247527527224943,0.5936254980079682,2595,5,False,False
TLT,mercury_sign,fwd_vol_5d,0.052361271718462,0.0557402044665533,0.0094021124369923,-0.0033789327480913,-0.3593801680989277,0.5936254980079682,2595,12,False,False
TLT,aspect_opposition_count_q5,fwd_vol_5d,0.0369132659056693,0.0446513117274772,0.0213460661575368,-0.0077380458218078,-0.3625045366532636,0.5936254980079682,2595,5,False,False
XLF,neptune_retrograde,fwd_vol_5d,0.0057142564455431,0.0066172611431931,0.0027999431397226,-0.00090300469765,-0.3225082269847585,0.5936254980079682,2595,2,False,False
IWM,soft_aspect_count_q5,fwd_absret_1d,0.0089275192873997,0.0100499461105859,0.0028016550265106,-0.0011224268231862,-0.4006299178754225,0.5936254980079682,2599,5,False,False
XLE,lunar_8phase,fwd_vol_5d,0.0177399711115775,0.0186366698925004,0.0032823378791085,-0.0008966987809229,-0.2731890542500908,0.5936254980079682,2595,8,False,False
SPY,venus_out_of_bounds,fwd_ret_1d,0.0019830970572844,0.0025294276933886,0.0013158729995733,-0.0005463306361041,-0.4151849276345946,0.5936254980079682,2599,2,False,False
XLK,mars_out_of_bounds,fwd_vol_5d,0.0056978963771344,0.00768443107015,0.0052249166778052,-0.0019865346930156,-0.3802040904219858,0.5976095617529881,2595,2,False,False
XLF,sun_modality,fwd_vol_5d,0.0085691632511184,0.0091785192186134,0.0019984317347523,-0.0006093559674949,-0.3049170791768232,0.5976095617529881,2595,3,False,False
TLT,moon_perigee_q4,fwd_vol_5d,0.0061327985830577,0.0066099422416494,0.0017204839406973,-0.0004771436585917,-0.2773310737200843,0.5976095617529881,2595,4,False,False
TLT,moon_decl_sign,fwd_ret_1d,0.001426426199523,0.0016907739599188,0.0006410836389366,-0.0002643477603958,-0.4123451985676691,0.5976095617529881,2599,2,False,False
TLT,mars_saturn_hard_aspect,fwd_vol_5d,0.003112834231093,0.0037837084624934,0.0018642323708224,-0.0006708742314003,-0.3598662065418276,0.5976095617529881,2595,2,False,False
USO,aspect_opposition_count_q5,fwd_vol_5d,0.0148839938926976,0.0167691583258479,0.0044158147959337,-0.0018851644331503,-0.4269120242285227,0.5976095617529881,2595,5,False,False
SPY,mars_retrograde,fwd_absret_1d,0.0022839745967013,0.0037775258749683,0.0028755956361607,-0.0014935512782669,-0.5193884910261741,0.5976095617529881,2599,2,False,False
SLV,venus_sign,fwd_absret_1d,0.0219293451790239,0.0233933860331454,0.0040506828647015,-0.0014640408541214,-0.3614306286180538,0.5976095617529881,2599,12,False,False
TLT,aspect_opposition_count_q5,fwd_absret_1d,0.0167941449481288,0.0190670949352997,0.0069029544030572,-0.0022729499871709,-0.3292720557685079,0.5976095617529881,2599,5,False,False
XLF,mars_out_of_bounds,fwd_ret_1d,0.0018866919472179,0.0027477708086683,0.0017884511468111,-0.0008610788614503,-0.4814662469174082,0.601593625498008,2599,2,False,False
XLF,pluto_out_of_bounds,fwd_absret_1d,0.0023415182775394,0.0033957403625799,0.0033693888063658,-0.0010542220850404,-0.3128822898232082,0.601593625498008,2599,2,False,False
XLF,pluto_retrograde,fwd_absret_1d,0.0027499987447176,0.0036469602443222,0.0018898433483693,-0.0008969614996046,-0.4746221428239597,0.601593625498008,2599,2,False,False
XLF,sun_sign,fwd_absret_1d,0.0276331840763589,0.0284644138959343,0.0023508019585729,-0.0008312298195753,-0.3535941496662479,0.601593625498008,2599,12,False,False
IWM,sun_modality,fwd_absret_1d,0.0028813631998199,0.0031836768292664,0.0009228560686686,-0.0003023136294464,-0.3275848094953244,0.6055776892430279,2599,3,False,False
SLV,mars_retrograde,fwd_absret_1d,0.0023773878899721,0.0028935012469349,0.0015682450471569,-0.0005161133569628,-0.3291024944720624,0.6055776892430279,2599,2,False,False
XLF,mars_retrograde,fwd_vol_5d,0.0046469943694358,0.0067153110951797,0.0043295148436293,-0.0020683167257438,-0.4777248260939231,0.6055776892430279,2595,2,False,False
XLK,neptune_retrograde,fwd_vol_5d,0.0058942426263208,0.0075561862345733,0.0039972018966036,-0.0016619436082525,-0.415776748646255,0.6055776892430279,2595,2,False,False
GLD,soft_aspect_count_q5,fwd_ret_1d,0.0075193347708383,0.0085026299430439,0.0025143516266379,-0.0009832951722056,-0.3910730550923023,0.6055776892430279,2599,5,False,False
TLT,moon_out_of_bounds,fwd_vol_5d,0.0082984356720217,0.011726588867903,0.0073014411130636,-0.0034281531958813,-0.4695173381249036,0.6055776892430279,2595,2,False,False
GLD,moon_void_of_course,fwd_vol_5d,0.0015019522304853,0.0017236386209951,0.0008135062743276,-0.0002216863905097,-0.2725072903622971,0.6055776892430279,2595,2,False,False
SPY,harmonic_3_count_q5,fwd_absret_1d,0.0088800385898079,0.0094514812704563,0.0023618561129725,-0.0005714426806483,-0.2419464409832928,0.6055776892430279,2599,5,False,False
XLK,hard_aspect_count_q5,fwd_vol_5d,0.0113176157133936,0.012542441481695,0.0031663880857756,-0.0012248257683014,-0.3868211145070174,0.6055776892430279,2595,5,False,False
XLE,mercury_retrograde,fwd_absret_1d,0.0013617098363573,0.0016422244815564,0.000689466247844,-0.0002805146451991,-0.4068576903892105,0.6095617529880478,2599,2,False,False
GLD,sun_element,fwd_absret_1d,0.0065223533695221,0.0069585166418261,0.001144416785285,-0.000436163272304,-0.3811227499563365,0.6095617529880478,2599,4,False,False
USO,saturn_retrograde,fwd_vol_5d,0.0088777727827296,0.0106300370485722,0.0054915073541021,-0.0017522642658426,-0.3190862094600775,0.6095617529880478,2595,2,False,False
IWM,mars_saturn_hard_aspect,fwd_ret_1d,0.001560926042146,0.0019718237173517,0.0009208595343764,-0.0004108976752056,-0.4462110233607519,0.6135458167330677,2599,2,False,False
USO,venus_sign,fwd_absret_1d,0.0241830627117647,0.0252384380776001,0.0034823837438931,-0.0010553753658354,-0.3030611912561733,0.6135458167330677,2599,12,False,False
XLF,aspect_conjunction_count_q5,fwd_absret_1d,0.009832677815779,0.0110568470308657,0.0028403321226336,-0.0012241692150867,-0.4309950957255116,0.6135458167330677,2599,5,False,False
QQQ,jupiter_sign,fwd_vol_5d,0.1709281001382009,0.1759219639707029,0.0215638248091165,-0.0049938638325019,-0.2315852533911673,0.6175298804780877,2595,11,False,False
QQQ,moon_sign,fwd_vol_5d,0.02780451202712,0.0288785524379113,0.0027921395971454,-0.0010740404107913,-0.3846657279920258,0.6175298804780877,2595,12,False,False
QQQ,hard_aspect_count_q5,fwd_absret_1d,0.007067339309474,0.0077662710140217,0.0018955831672936,-0.0006989317045476,-0.3687159269015668,0.6175298804780877,2599,5,False,False
TLT,soft_aspect_count_q5,fwd_absret_1d,0.0091999577731233,0.0103985572498905,0.0031573970781313,-0.0011985994767672,-0.3796163254437949,0.6215139442231076,2599,5,False,False
SLV,pluto_retrograde,fwd_vol_5d,0.0045754840775378,0.0061425012021458,0.0034947480382402,-0.0015670171246079,-0.4483920178111036,0.6215139442231076,2595,2,False,False
SLV,mars_sign,fwd_ret_1d,0.0265853705206684,0.0311804465085052,0.0088629938813684,-0.0045950759878367,-0.5184564098026029,0.6215139442231076,2599,12,False,False
SLV,sun_sign,fwd_vol_5d,0.0449858394395186,0.0468175117020258,0.008416677328143,-0.0018316722625072,-0.2176241515618743,0.6215139442231076,2595,12,False,False
SLV,harmonic_3_count_q5,fwd_absret_1d,0.0082726194744277,0.0091866698271413,0.0024198377333442,-0.0009140503527135,-0.3777320851387664,0.6215139442231076,2599,5,False,False
XLF,neptune_retrograde,fwd_ret_1d,0.0017015224036155,0.0021335163734346,0.0009796550647637,-0.0004319939698191,-0.4409653819564552,0.6215139442231076,2599,2,False,False
GLD,aspect_trine_count_q5,fwd_absret_1d,0.0074603942994907,0.008367641282374,0.0020436084121411,-0.0009072469828833,-0.4439436525575885,0.6215139442231076,2599,5,False,False
USO,aspect_trine_count_q5,fwd_absret_1d,0.0074057637719308,0.0081781516217199,0.0020690892770388,-0.0007723878497891,-0.3732984643826066,0.6215139442231076,2599,5,False,False
GLD,mercury_retrograde,fwd_ret_1d,0.0012635142482624,0.0015550388017707,0.0006390010281887,-0.0002915245535083,-0.4562192244583058,0.6215139442231076,2599,2,False,False
IWM,moon_perigee_q4,fwd_absret_1d,0.0044435791296115,0.0049526432036976,0.001368515443066,-0.0005090640740861,-0.3719827033486676,0.6254980079681275,2599,4,False,False
XLF,pluto_retrograde,fwd_vol_5d,0.0057807913277938,0.0068579064144442,0.0028321740694137,-0.0010771150866504,-0.3803138720471989,0.6254980079681275,2595,2,False,False
XLK,sun_modality,fwd_vol_5d,0.0077587711151089,0.0085282638304306,0.0019117794115299,-0.0007694927153217,-0.4025007857501488,0.6294820717131474,2595,3,False,False
USO,mars_saturn_hard_aspect,fwd_absret_1d,0.0014492714123487,0.002066702367792,0.001215617990698,-0.0006174309554433,-0.507915282735135,0.6294820717131474,2599,2,False,False
IWM,aspect_opposition_count_q5,fwd_vol_5d,0.0357823618462039,0.0393218079515072,0.0105718071090481,-0.0035394461053033,-0.3348004810146407,0.6294820717131474,2595,5,False,False
SLV,venus_out_of_bounds,fwd_absret_1d,0.0017149502182722,0.0023164700689954,0.0011958782301345,-0.0006015198507232,-0.50299423098918,0.6334661354581673,2599,2,False,False
GLD,moon_perigee_q4,fwd_vol_5d,0.0057076542601229,0.0062594261179074,0.0014656932604682,-0.0005517718577844,-0.3764579347306223,0.6334661354581673,2595,4,False,False
IWM,sun_sign,fwd_vol_5d,0.048412960086365,0.0523250612957012,0.0090813380571625,-0.0039121012093361,-0.4307846690335107,0.6334661354581673,2595,12,False,False
IWM,jupiter_sign,fwd_absret_1d,0.0529641536881818,0.0551868435219012,0.0056278085566224,-0.0022226898337193,-0.3949476623727504,0.6374501992031872,2599,11,False,False
GLD,mercury_retrograde,fwd_absret_1d,0.0013936369245489,0.0018348410906727,0.0008414190510215,-0.0004412041661237,-0.5243572338754343,0.6374501992031872,2599,2,False,False
USO,jupiter_retrograde,fwd_absret_1d,0.0019602260718017,0.0025300977072159,0.0012684124691224,-0.0005698716354142,-0.4492794333758664,0.6374501992031872,2599,2,False,False
SPY,uranus_retrograde,fwd_absret_1d,0.0024683015804958,0.0034815497175513,0.0018607077651316,-0.0010132481370554,-0.5445498514291504,0.6374501992031872,2599,2,False,False
XLF,lunar_4phase,fwd_vol_5d,0.0058573378653804,0.0063779568484364,0.0015597341379309,-0.0005206189830559,-0.3337870027943463,0.6374501992031872,2595,4,False,False
XLF,moon_decl_sign,fwd_ret_1d,0.0014317870199924,0.0017021799530409,0.0006508928048692,-0.0002703929330484,-0.4154185313244797,0.6414342629482072,2599,2,False,False
QQQ,mercury_sign,fwd_ret_1d,0.0247689974855519,0.0264456444130015,0.0040260698005533,-0.0016766469274496,-0.4164475556830123,0.6414342629482072,2599,12,False,False
SLV,aspect_trine_count_q5,fwd_vol_5d,0.014211636474983,0.0174287801200954,0.0065526513551021,-0.0032171436451123,-0.490968231143165,0.6414342629482072,2595,5,False,False
SLV,mercury_out_of_bounds,fwd_vol_5d,0.0030883572797028,0.0040352190665561,0.0020840187087364,-0.0009468617868532,-0.4543441874508755,0.6414342629482072,2595,2,False,False
XLK,moon_perigee_q4,fwd_absret_1d,0.0051017005849297,0.0057485667568483,0.0017248802030509,-0.0006468661719186,-0.3750209265399811,0.6414342629482072,2599,4,False,False
XLE,venus_retrograde,fwd_vol_5d,0.00372993100082,0.0050935226762952,0.0026858368733591,-0.0013635916754751,-0.5076971311998434,0.6414342629482072,2595,2,False,False
QQQ,soft_aspect_count_q5,fwd_absret_1d,0.0087224139869417,0.0098235249604554,0.0030894912929708,-0.0011011109735137,-0.3564052684074326,0.6414342629482072,2599,5,False,False
TLT,moon_out_of_bounds,fwd_ret_1d,0.003155476685232,0.0044855717522735,0.0023098075006034,-0.0013300950670415,-0.5758467173970501,0.6414342629482072,2599,2,False,False
XLK,mercury_retrograde,fwd_ret_1d,0.0013698413637969,0.0017355974894333,0.0007884123860731,-0.0003657561256363,-0.463914738146265,0.6414342629482072,2599,2,False,False
SPY,venus_sign,fwd_vol_5d,0.0589018275806344,0.0635577274051211,0.0101550788397825,-0.0046558998244867,-0.4584799289048614,0.6414342629482072,2595,12,False,False
XLK,lunar_4phase,fwd_absret_1d,0.0048079029572692,0.0053292640766273,0.0010987178169807,-0.000521361119358,-0.4745177617950653,0.6454183266932271,2599,4,False,False
SLV,jupiter_retrograde,fwd_vol_5d,0.004393364156473,0.006333856196133,0.0035936781102928,-0.00194049203966,-0.5399738040260565,0.6454183266932271,2595,2,False,False
GLD,moon_sign,fwd_vol_5d,0.0242817210959977,0.0253502223166609,0.0024700346516348,-0.0010685012206632,-0.4325855185699535,0.6454183266932271,2595,12,False,False
GLD,moon_near_full,fwd_vol_5d,0.0013522393417378,0.001832454950274,0.0009090257861627,-0.0004802156085361,-0.5282750124870349,0.6454183266932271,2595,2,False,False
GLD,harmonic_4_count_q5,fwd_absret_1d,0.0073468052683845,0.0083838772816785,0.0022004579531854,-0.001037072013294,-0.4712982639785275,0.649402390438247,2599,5,False,False
XLE,sun_sign,fwd_absret_1d,0.020625013433846,0.0214047606538117,0.0019642918930019,-0.0007797472199656,-0.3969609724214804,0.649402390438247,2599,12,False,False
QQQ,uranus_retrograde,fwd_vol_5d,0.0048134586422977,0.0074771476696975,0.0043950296960944,-0.0026636890273997,-0.6060684936365225,0.649402390438247,2595,2,False,False
XLK,lunar_8phase,fwd_vol_5d,0.0158086640031686,0.0169380550498547,0.0027225262689351,-0.001129391046686,-0.4148320108322862,0.649402390438247,2595,8,False,False
QQQ,aspect_opposition_count_q5,fwd_ret_1d,0.0123064340758527,0.0138568610561236,0.0041855693463484,-0.0015504269802708,-0.3704220028330168,0.649402390438247,2599,5,False,False
USO,mars_sign,fwd_ret_1d,0.028885723669769,0.0310249611781703,0.0046942653248548,-0.0021392375084013,-0.4557129519447161,0.6533864541832669,2599,12,False,False
TLT,mercury_retrograde,fwd_vol_5d,0.0026183701861888,0.0034888667089249,0.0017856779178651,-0.0008704965227361,-0.4874879809102624,0.6533864541832669,2595,2,False,False
XLK,uranus_retrograde,fwd_absret_1d,0.0020975047445572,0.0032910626499748,0.0021922101235093,-0.0011935579054175,-0.5444541527373786,0.6533864541832669,2599,2,False,False
GLD,sun_element,fwd_ret_1d,0.005860475246524,0.00662906202204,0.0013858541745848,-0.000768586775516,-0.5545942636758806,0.6533864541832669,2599,4,False,False
USO,mercury_retrograde,fwd_vol_5d,0.0032949831910438,0.0040390696726689,0.0017556616245604,-0.000744086481625,-0.4238211231685083,0.6533864541832669,2595,2,False,False
GLD,saturn_retrograde,fwd_vol_5d,0.0062518085822259,0.0071287657169789,0.0028685446100902,-0.000876957134753,-0.3057150067209457,0.6533864541832669,2595,2,False,False
SLV,moon_perigee_q4,fwd_absret_1d,0.0047746530558103,0.0053184792455445,0.0012309586852317,-0.0005438261897342,-0.4417907735318095,0.6533864541832669,2599,4,False,False
USO,soft_aspect_count_q5,fwd_absret_1d,0.0069957334424907,0.0082355212084309,0.0022534834134937,-0.0012397877659402,-0.5501650282919369,0.6533864541832669,2599,5,False,False
GLD,moon_near_new,fwd_vol_5d,0.001447304201447,0.0019251450498528,0.0008930605003708,-0.0004778408484058,-0.5350598847529421,0.6533864541832669,2595,2,False,False
SPY,moon_out_of_bounds,fwd_ret_1d,0.0026982485682516,0.0038545432941823,0.0021156132481077,-0.0011562947259306,-0.5465529803071967,0.6533864541832669,2599,2,False,False
SLV,sun_element,fwd_ret_1d,0.0038145299872609,0.0043128433962995,0.0010750528832182,-0.0004983134090386,-0.4635245547613748,0.6573705179282868,2599,4,False,False
XLF,mercury_retrograde,fwd_vol_5d,0.0027356175438296,0.0036994386493551,0.0017480576436779,-0.0009638211055255,-0.5513668894222842,0.6573705179282868,2595,2,False,False
XLK,mars_retrograde,fwd_absret_1d,0.0020472592206064,0.003547150012725,0.0026601720276276,-0.0014998907921185,-0.5638322546591735,0.6613545816733067,2599,2,False,False
XLE,mars_out_of_bounds,fwd_ret_1d,0.0016529300390364,0.0023209282463669,0.0012205344601365,-0.0006679982073304,-0.5472997519920679,0.6613545816733067,2599,2,False,False
TLT,moon_sign,fwd_ret_1d,0.0175092402840639,0.0186848428086767,0.0023932686350497,-0.0011756025246127,-0.4912121052337707,0.6613545816733067,2599,12,False,False
SPY,moon_out_of_bounds,fwd_absret_1d,0.0029105550122085,0.0039654031519095,0.0019294112528991,-0.0010548481397009,-0.5467202174320857,0.6613545816733067,2599,2,False,False
SLV,saturn_sign,fwd_ret_1d,0.0295525608963421,0.0320219039829845,0.0084325653092498,-0.0024693430866423,-0.2928341490499538,0.6613545816733067,2599,5,False,False
XLE,saturn_retrograde,fwd_absret_1d,0.0023481024940269,0.0027179113224386,0.0009707169520796,-0.0003698088284116,-0.3809646340464168,0.6653386454183267,2599,2,False,False
USO,saturn_retrograde,fwd_absret_1d,0.0021342989087695,0.0030690398260883,0.0014510599855403,-0.0009347409173188,-0.644177998589582,0.6653386454183267,2599,2,False,False
TLT,neptune_retrograde,fwd_ret_1d,0.0018199767333464,0.0022449186831216,0.0007658172106257,-0.0004249419497751,-0.5548869154141378,0.6653386454183267,2599,2,False,False
XLF,saturn_retrograde,fwd_vol_5d,0.0058740654526993,0.0070027673621963,0.0026192122545261,-0.0011287019094969,-0.4309318221715343,0.6653386454183267,2595,2,False,False
XLK,aspect_trine_count_q5,fwd_ret_1d,0.0077560628841467,0.0094436610133821,0.0029917649269906,-0.0016875981292354,-0.5640811261642019,0.6653386454183267,2599,5,False,False
XLF,moon_decl_q4,fwd_ret_1d,0.0048847636188672,0.0054485187783655,0.0013733310865049,-0.0005637551594982,-0.4105020013294788,0.6653386454183267,2599,4,False,False
SLV,aspect_square_count_q5,fwd_vol_5d,0.0134801126779525,0.0154889661427151,0.0042011866736356,-0.0020088534647626,-0.4781633430785477,0.6693227091633466,2595,5,False,False
QQQ,aspect_trine_count_q5,fwd_vol_5d,0.0128211079947319,0.0165368181151647,0.0061735525614136,-0.0037157101204327,-0.6018755138908158,0.6693227091633466,2595,5,False,False
SLV,mars_saturn_hard_aspect,fwd_ret_1d,0.0013525314728662,0.0019655625889526,0.0011334349233804,-0.0006130311160863,-0.540861326434194,0.6693227091633466,2599,2,False,False
QQQ,harmonic_4_count_q5,fwd_vol_5d,0.0102565404683073,0.012129643690745,0.0035047625004424,-0.0018731032224376,-0.5344451220878018,0.6693227091633466,2595,5,False,False
XLE,harmonic_4_count_q5,fwd_absret_1d,0.0074851573461165,0.0087735020131975,0.0023879326307557,-0.0012883446670809,-0.539523037830937,0.6693227091633466,2599,5,False,False
SPY,hard_aspect_count_q5,fwd_ret_1d,0.0069961548825976,0.0078115776896254,0.0018392528649828,-0.0008154228070277,-0.4433445898345103,0.6733067729083665,2599,5,False,False
SPY,moon_sign,fwd_ret_1d,0.017380566266194,0.0184379602002923,0.0026818511320141,-0.0010573939340982,-0.3942776396034039,0.6733067729083665,2599,12,False,False
XLF,soft_aspect_count_q5,fwd_ret_1d,0.0075181455611017,0.0087170052581792,0.0023408350175334,-0.0011988596970775,-0.5121504455024586,0.6733067729083665,2599,5,False,False
USO,mars_retrograde,fwd_ret_1d,0.001948381285637,0.0033454765521877,0.0024355470893177,-0.0013970952665507,-0.5736268753244096,0.6733067729083665,2599,2,False,False
IWM,mars_out_of_bounds,fwd_ret_1d,0.00156922988849,0.002540735283131,0.0017499444252926,-0.0009715053946409,-0.555163570110826,0.6772908366533864,2599,2,False,False
QQQ,mercury_sign,fwd_vol_5d,0.0575287922218207,0.0626197590194924,0.0100597111474396,-0.0050909667976717,-0.5060748487760989,0.6772908366533864,2595,12,False,False
QQQ,moon_perigee_q4,fwd_absret_1d,0.0039416311870766,0.004463869809658,0.0010896333689064,-0.0005222386225814,-0.4792792121496625,0.6772908366533864,2599,4,False,False
SLV,pluto_retrograde,fwd_ret_1d,0.0013483516531536,0.0018695866195287,0.0011411188536788,-0.000521234966375,-0.456775352273451,0.6772908366533864,2599,2,False,False
SPY,saturn_retrograde,fwd_vol_5d,0.0067569998166319,0.0076198579786613,0.0026341620494328,-0.0008628581620293,-0.3275645711375578,0.6772908366533864,2595,2,False,False
GLD,eclipse_window,fwd_ret_1d,0.0012614686641615,0.0017040067346222,0.0007991296489038,-0.0004425380704606,-0.5537750614905855,0.6812749003984063,2599,2,False,False
IWM,saturn_retrograde,fwd_vol_5d,0.0051014357026873,0.0073981471766529,0.003820635237604,-0.0022967114739655,-0.6011334061311439,0.6812749003984063,2595,2,False,False
SLV,aspect_square_count_q5,fwd_absret_1d,0.0079521971563181,0.009019095713831,0.0020558927222256,-0.0010668985575128,-0.518946609411514,0.6812749003984063,2599,5,False,False
SPY,lunar_4phase,fwd_absret_1d,0.0047710162865249,0.0053669318501844,0.0010402534186855,-0.0005959155636594,-0.572856145392383,0.6852589641434262,2599,4,False,False
XLE,aspect_opposition_count_q5,fwd_absret_1d,0.0134592492719016,0.0196114212063393,0.0076832607881195,-0.0061521719344376,-0.800724081102471,0.6852589641434262,2599,5,False,False
IWM,harmonic_4_count_q5,fwd_absret_1d,0.0069068582406313,0.0078732835571746,0.001881730269225,-0.0009664253165432,-0.5135833399445009,0.6852589641434262,2599,5,False,False
TLT,mars_sign,fwd_absret_1d,0.0246517264684932,0.0267154993895059,0.0037960699164174,-0.0020637729210127,-0.5436604083837401,0.6852589641434262,2599,12,False,False
SPY,hard_aspect_count_q5,fwd_vol_5d,0.0100090035031689,0.0118146836525028,0.0031778795186482,-0.0018056801493338,-0.5682028342288732,0.6852589641434262,2595,5,False,False
XLK,harmonic_3_count_q5,fwd_absret_1d,0.00781886970623,0.0092417174175741,0.002382176827695,-0.0014228477113441,-0.5972888724305464,0.6852589641434262,2599,5,False,False
USO,pluto_out_of_bounds,fwd_absret_1d,0.0019531483498118,0.0033147595369616,0.002525944417349,-0.0013616111871498,-0.5390503361031092,0.6852589641434262,2599,2,False,False
XLK,moon_near_full,fwd_vol_5d,0.0013691768791638,0.0019477895457285,0.0010168446070709,-0.0005786126665647,-0.5690276198951019,0.6892430278884463,2595,2,False,False
IWM,moon_near_full,fwd_vol_5d,0.001339252506882,0.0018827131643316,0.0009008926583896,-0.0005434606574495,-0.6032468489875257,0.6892430278884463,2595,2,False,False
QQQ,soft_aspect_count_q5,fwd_ret_1d,0.0077885766405001,0.0093254030060144,0.0027885348710829,-0.0015368263655143,-0.5511232373140402,0.6892430278884463,2599,5,False,False
SPY,moon_near_new,fwd_absret_1d,0.0011337395361342,0.0016567954862341,0.0008034681161365,-0.0005230559500999,-0.6509977677957502,0.6932270916334662,2599,2,False,False
XLF,jupiter_saturn_aspect,fwd_vol_5d,0.0046153600708704,0.0086351719035489,0.0061307265953369,-0.0040198118326785,-0.6556827759593769,0.6932270916334662,2595,2,False,False
IWM,lunar_8phase,fwd_vol_5d,0.0154711164870767,0.0169863932950758,0.0028327658204185,-0.001515276807999,-0.5349107212029333,0.6932270916334662,2595,8,False,False
GLD,jupiter_sign,fwd_ret_1d,0.0450126194973841,0.0465843066934573,0.0033905481061699,-0.0015716871960731,-0.4635495934162059,0.6932270916334662,2599,11,False,False
GLD,saturn_sign,fwd_absret_1d,0.0208285289324583,0.0250081812810811,0.0074220851778835,-0.0041796523486227,-0.5631372112351066,0.6932270916334662,2599,5,False,False
QQQ,mars_out_of_bounds,fwd_vol_5d,0.0045337857715371,0.0077795915446731,0.0054370815180457,-0.003245805773136,-0.5969757419238887,0.6932270916334662,2595,2,False,False
SPY,venus_sign,fwd_ret_1d,0.0245260569812843,0.0271318651224531,0.004448071420727,-0.0026058081411687,-0.5858287546882198,0.6972111553784861,2599,12,False,False
XLE,moon_perigee_q4,fwd_vol_5d,0.0072784003418582,0.008112797095696,0.0019334406272795,-0.0008343967538378,-0.43156057758642,0.6972111553784861,2595,4,False,False
GLD,saturn_sign,fwd_vol_5d,0.0594587922472991,0.075642755795265,0.0245640014086237,-0.0161839635479659,-0.658848828362475,0.6972111553784861,2595,5,False,False
XLK,moon_near_new,fwd_vol_5d,0.0014154849539501,0.0020085802432366,0.0009756881831376,-0.0005930952892865,-0.6078738059317217,0.701195219123506,2595,2,False,False
SLV,moon_near_full,fwd_vol_5d,0.0013615094704226,0.0018614332445941,0.0008988567128479,-0.0004999237741715,-0.5561773829196331,0.701195219123506,2595,2,False,False
XLE,moon_out_of_bounds,fwd_vol_5d,0.0071393350224465,0.0123375363250226,0.0072186823038165,-0.0051982013025761,-0.7201039031497187,0.701195219123506,2595,2,False,False
IWM,harmonic_3_count_q5,fwd_ret_1d,0.0077839368743463,0.0090814561009889,0.0021349655838088,-0.0012975192266425,-0.6077471395711042,0.701195219123506,2599,5,False,False
XLF,moon_near_new,fwd_ret_1d,0.0012054812823194,0.0017557088791872,0.000833896511972,-0.0005502275968677,-0.6598271955432592,0.701195219123506,2599,2,False,False
XLE,aspect_trine_count_q5,fwd_vol_5d,0.01456658834919,0.0189365509202831,0.0071469461068565,-0.004369962571093,-0.6114447353815472,0.701195219123506,2595,5,False,False
XLF,mercury_out_of_bounds,fwd_vol_5d,0.0031015203774602,0.0047469314334408,0.0025124741346803,-0.0016454110559805,-0.6548967144650552,0.701195219123506,2595,2,False,False
SLV,neptune_retrograde,fwd_vol_5d,0.0044115845754011,0.00673121649396,0.0035775967957347,-0.0023196319185588,-0.6483771232477618,0.701195219123506,2595,2,False,False
IWM,mars_saturn_hard_aspect,fwd_vol_5d,0.0031730456139056,0.0048485789520449,0.0026668472916222,-0.0016755333381392,-0.6282824454939029,0.701195219123506,2595,2,False,False
QQQ,moon_decl_q4,fwd_ret_1d,0.0048275914741193,0.0055732354772484,0.0013660639966318,-0.0007456440031291,-0.5458338737918498,0.701195219123506,2599,4,False,False
XLF,jupiter_saturn_aspect,fwd_ret_1d,0.001892732143886,0.0038016847886926,0.0029513975757808,-0.0019089526448065,-0.6467961688629862,0.7051792828685259,2599,2,False,False
TLT,pluto_retrograde,fwd_vol_5d,0.0040140754467865,0.004985425818167,0.0017456919871769,-0.0009713503713804,-0.5564271237512363,0.7051792828685259,2595,2,False,False
XLK,lunar_4phase,fwd_vol_5d,0.0076590115715025,0.0089976939238059,0.0021630870395303,-0.0013386823523033,-0.6188758602122426,0.7051792828685259,2595,4,False,False
TLT,venus_retrograde,fwd_vol_5d,0.0034008327021534,0.0047028018120775,0.0022928322324554,-0.0013019691099241,-0.5678431642291947,0.7051792828685259,2595,2,False,False
SPY,jupiter_retrograde,fwd_vol_5d,0.0046419456299478,0.0068167729748737,0.0038436552747373,-0.0021748273449258,-0.5658226842609957,0.7051792828685259,2595,2,False,False
IWM,sun_element,fwd_absret_1d,0.0055660986653281,0.0060785743630232,0.0012757301388764,-0.0005124756976951,-0.4017116802982204,0.7051792828685259,2599,4,False,False
XLF,n_retrograde,fwd_ret_1d,0.0116327246404615,0.012952092646103,0.0025480203534332,-0.0013193680056415,-0.5178012035358215,0.7051792828685259,2599,7,False,False
QQQ,mars_retrograde,fwd_ret_1d,0.0020000055718613,0.0032470808847673,0.0019413740466513,-0.001247075312906,-0.6423673557690214,0.7051792828685259,2599,2,False,False
TLT,n_retrograde,fwd_absret_1d,0.012000031765756,0.013517878407094,0.0028895157013903,-0.001517846641338,-0.5252944777589341,0.7091633466135459,2599,7,False,False
TLT,moon_decl_q4,fwd_vol_5d,0.0075670293541313,0.009221466194441,0.0024289927427319,-0.0016544368403097,-0.6811205365928683,0.7091633466135459,2595,4,False,False
XLE,mars_out_of_bounds,fwd_vol_5d,0.0044754308779848,0.00740868224963,0.0051399930162619,-0.0029332513716452,-0.5706722484573398,0.7091633466135459,2595,2,False,False
IWM,aspect_square_count_q5,fwd_ret_1d,0.0072720180658306,0.0086508989837306,0.0021307010761368,-0.0013788809178999,-0.6471489282766903,0.7091633466135459,2599,5,False,False
GLD,venus_sign,fwd_vol_5d,0.0491953623784554,0.0541252119964901,0.008900598186378,-0.0049298496180347,-0.5538784601668315,0.7091633466135459,2595,12,False,False
XLE,uranus_retrograde,fwd_ret_1d,0.0013600364708679,0.0017821826955527,0.0007329123989431,-0.0004221462246847,-0.5759845587187147,0.7091633466135459,2599,2,False,False
USO,venus_retrograde,fwd_absret_1d,0.0016889157624879,0.0025596692889919,0.0014185409934325,-0.000870753526504,-0.6138374079673238,0.7131474103585658,2599,2,False,False
XLF,moon_perigee_q4,fwd_ret_1d,0.0042988517077958,0.0049808156001392,0.0011559915895103,-0.0006819638923433,-0.5899384550299605,0.7131474103585658,2599,4,False,False
XLF,eclipse_window,fwd_vol_5d,0.0016398849135737,0.0023803860140807,0.0010391003918466,-0.0007405011005069,-0.7126367253032609,0.7131474103585658,2595,2,False,False
XLF,sun_modality,fwd_absret_1d,0.0040730798839043,0.0048768657417233,0.0012853426527558,-0.000803785857819,-0.6253475336679127,0.7131474103585658,2599,3,False,False
USO,venus_sign,fwd_vol_5d,0.0589687576594768,0.0650820014229902,0.0114490596850441,-0.0061132437635134,-0.5339516022874014,0.7131474103585658,2595,12,False,False
XLF,mars_out_of_bounds,fwd_vol_5d,0.0039105749544863,0.0069471399359442,0.0048644984380514,-0.0030365649814579,-0.6242298194003029,0.7131474103585658,2595,2,False,False
USO,harmonic_3_count_q5,fwd_ret_1d,0.0068830102396089,0.0077822123509524,0.0017240563965368,-0.0008992021113435,-0.5215618892455058,0.7131474103585658,2599,5,False,False
IWM,moon_out_of_bounds,fwd_ret_1d,0.0029090979719484,0.0041775767197432,0.0021303783657824,-0.0012684787477948,-0.5954241594679998,0.7131474103585658,2599,2,False,False
SLV,venus_sign,fwd_ret_1d,0.0184883656925768,0.0209376894364671,0.0039082340993391,-0.0024493237438902,-0.626708554716416,0.7131474103585658,2599,12,False,False
QQQ,lunar_4phase,fwd_vol_5d,0.0075480605156371,0.0085241888188477,0.0018048711203801,-0.0009761283032106,-0.5408299197590428,0.7171314741035857,2595,4,False,False
QQQ,moon_out_of_bounds,fwd_vol_5d,0.0070573262455735,0.0093200170143592,0.0037781044871943,-0.0022626907687857,-0.5988957627971762,0.7171314741035857,2595,2,False,False
SPY,moon_out_of_bounds,fwd_vol_5d,0.0063737506442945,0.0086010836816913,0.0033737781171017,-0.0022273330373967,-0.6601895442105171,0.7171314741035857,2595,2,False,False
IWM,mars_saturn_hard_aspect,fwd_absret_1d,0.0013618520934478,0.001916513634917,0.0009125510437271,-0.0005546615414691,-0.6078142645081781,0.7171314741035857,2599,2,False,False
GLD,moon_near_full,fwd_ret_1d,0.0012328015462944,0.0017064320020318,0.0007870856860249,-0.0004736304557373,-0.6017520889363,0.7171314741035857,2599,2,False,False
SLV,moon_near_new,fwd_ret_1d,0.0011923506571571,0.0016203105720074,0.0007013932109519,-0.0004279599148503,-0.610156910799782,0.7211155378486056,2599,2,False,False
GLD,eclipse_window,fwd_absret_1d,0.0012638738357307,0.0017642198276953,0.0006970817283561,-0.0005003459919646,-0.7177723523818813,0.7211155378486056,2599,2,False,False
IWM,lunar_8phase,fwd_ret_1d,0.0112181274216461,0.0126423216679359,0.00222040736256,-0.0014241942462897,-0.6414112429566693,0.7211155378486056,2599,8,False,False
GLD,mars_saturn_hard_aspect,fwd_absret_1d,0.0011975136121526,0.0020006925190508,0.0012072944567797,-0.0008031789068981,-0.6652717590044438,0.7211155378486056,2599,2,False,False
TLT,aspect_opposition_count_q5,fwd_ret_1d,0.0119194111782815,0.0164292657926033,0.0060885665810322,-0.0045098546143217,-0.7407087619557826,0.7211155378486056,2599,5,False,False
IWM,lunar_4phase,fwd_absret_1d,0.0039160657001043,0.0046136229797155,0.0011719621647327,-0.0006975572796112,-0.5952046069424676,0.7211155378486056,2599,4,False,False
XLF,sun_element,fwd_ret_1d,0.0050146451382444,0.0055939618239137,0.0009554547663066,-0.0005793166856692,-0.6063256012722187,0.7250996015936255,2599,4,False,False
GLD,lunar_4phase,fwd_absret_1d,0.0043034543520487,0.0050639921331933,0.0011515000412364,-0.0007605377811446,-0.6604756872852117,0.7250996015936255,2599,4,False,False
IWM,sun_sign,fwd_absret_1d,0.0236767166871698,0.0255151764625927,0.0032422463200774,-0.0018384597754229,-0.5670327279079168,0.7250996015936255,2599,12,False,False
GLD,venus_out_of_bounds,fwd_absret_1d,0.0013649781390284,0.0020161807520561,0.0009487066648313,-0.0006512026130277,-0.6864109183248368,0.7290836653386454,2599,2,False,False
SPY,aspect_opposition_count_q5,fwd_vol_5d,0.0280751719942065,0.0352608414905662,0.0092880479519393,-0.0071856694963596,-0.7736468990622845,0.7290836653386454,2595,5,False,False
TLT,moon_near_new,fwd_ret_1d,0.0012353411436763,0.0017925388644952,0.0008728272106929,-0.0005571977208188,-0.6383826191400694,0.7290836653386454,2599,2,False,False
SPY,harmonic_3_count_q5,fwd_ret_1d,0.0076132556798197,0.0093736030667294,0.0024537005082315,-0.0017603473869097,-0.7174255297271266,0.7290836653386454,2599,5,False,False
SLV,mercury_retrograde,fwd_vol_5d,0.0019217781386982,0.0029580959221213,0.0016588619001342,-0.001036317783423,-0.6247161281714743,0.7290836653386454,2595,2,False,False
XLK,soft_aspect_count_q5,fwd_vol_5d,0.0135428403128026,0.0182405757624554,0.0064450592897893,-0.0046977354496528,-0.7288894079058759,0.7330677290836654,2595,5,False,False
XLE,mars_saturn_hard_aspect,fwd_vol_5d,0.0030777571037556,0.0049360173544445,0.0025609586791255,-0.0018582602506888,-0.7256111806237112,0.7330677290836654,2595,2,False,False
USO,sun_element,fwd_vol_5d,0.0138104923857714,0.0151846439116108,0.0024427258462139,-0.0013741515258394,-0.5625484038535117,0.7330677290836654,2595,4,False,False
TLT,soft_aspect_count_q5,fwd_vol_5d,0.0141615225565593,0.0190914540783927,0.0070774902531416,-0.0049299315218334,-0.6965649326955988,0.7330677290836654,2595,5,False,False
IWM,mars_retrograde,fwd_absret_1d,0.0018250476444729,0.0033348361405969,0.002402772811441,-0.001509788496124,-0.628352580375073,0.7330677290836654,2599,2,False,False
IWM,aspect_opposition_count_q5,fwd_absret_1d,0.0125440468473242,0.015496332322553,0.0043567212497905,-0.0029522854752288,-0.6776392855913768,0.7330677290836654,2599,5,False,False
SPY,moon_perigee_q4,fwd_ret_1d,0.0049460121990135,0.0059316776735751,0.0015173166546387,-0.0009856654745615,-0.649610924356591,0.7370517928286853,2599,4,False,False
XLE,soft_aspect_count_q5,fwd_vol_5d,0.0168769804616065,0.0227061637512938,0.0081975216813044,-0.0058291832896873,-0.7110909267835904,0.7370517928286853,2595,5,False,False
SLV,sun_modality,fwd_absret_1d,0.0020481572336543,0.0026364741735998,0.0008077276235253,-0.0005883169399454,-0.7283605547346844,0.7370517928286853,2599,3,False,False
XLF,saturn_retrograde,fwd_absret_1d,0.0023429134681005,0.0039917023865593,0.0020606961194636,-0.0016487889184588,-0.8001125944217,0.7370517928286853,2599,2,False,False
XLE,venus_out_of_bounds,fwd_ret_1d,0.0012873166606431,0.001914866859943,0.0009223522938507,-0.0006275501992998,-0.6803801578677676,0.7410358565737052,2599,2,False,False
IWM,jupiter_sign,fwd_vol_5d,0.1551345787902316,0.1631784534853536,0.0118626039425529,-0.0080438746951219,-0.6780867619011834,0.7410358565737052,2595,11,False,False
GLD,sun_modality,fwd_vol_5d,0.004828849202726,0.0059286892762847,0.0016708659858167,-0.0010998400735587,-0.6582455342886919,0.7410358565737052,2595,3,False,False
TLT,jupiter_saturn_aspect,fwd_ret_1d,0.0019738564803304,0.0037242849898373,0.0021202463033225,-0.0017504285095069,-0.8255779089268386,0.7450199203187251,2599,2,False,False
XLE,sun_sign,fwd_vol_5d,0.0503843940507984,0.0527858930500823,0.0035470093468778,-0.0024014989992839,-0.6770489627826292,0.7450199203187251,2595,12,False,False
SPY,mars_saturn_hard_aspect,fwd_vol_5d,0.0032118187663699,0.0055111283248518,0.0030703386387511,-0.0022993095584819,-0.7488781626437149,0.7450199203187251,2595,2,False,False
USO,aspect_opposition_count_q5,fwd_absret_1d,0.0074667881565939,0.0087395966101301,0.0021575287494256,-0.0012728084535362,-0.5899381196543126,0.7450199203187251,2599,5,False,False
USO,soft_aspect_count_q5,fwd_vol_5d,0.0100780436943215,0.0128535603757255,0.0041086400498517,-0.002775516681404,-0.675531720405689,0.7450199203187251,2595,5,False,False
SPY,sun_modality,fwd_absret_1d,0.0026973813290798,0.0033506178701574,0.0008628842841318,-0.0006532365410775,-0.7570384037470085,0.749003984063745,2599,3,False,False
IWM,venus_sign,fwd_absret_1d,0.0229337514350777,0.0256498866924692,0.0042737187046688,-0.0027161352573915,-0.6355437606186519,0.749003984063745,2599,12,False,False
XLF,harmonic_3_count_q5,fwd_absret_1d,0.0074278006569358,0.0089652690478553,0.0023020044839657,-0.0015374683909194,-0.6678824483742142,0.749003984063745,2599,5,False,False
QQQ,aspect_trine_count_q5,fwd_absret_1d,0.0073699897538215,0.0092802337481453,0.0028589168581126,-0.0019102439943237,-0.6681705307040212,0.749003984063745,2599,5,False,False
GLD,mars_retrograde,fwd_ret_1d,0.0012711901099399,0.0020197892954333,0.0011158515456451,-0.0007485991854934,-0.6708770431111434,0.7529880478087649,2599,2,False,False
SLV,saturn_retrograde,fwd_vol_5d,0.0046760058182658,0.006954892271226,0.0027322902995638,-0.0022788864529602,-0.8340572205391203,0.7529880478087649,2595,2,False,False
IWM,aspect_trine_count_q5,fwd_vol_5d,0.0129656084567619,0.0168961945946005,0.0059111475475831,-0.0039305861378385,-0.6649446839549089,0.7529880478087649,2595,5,False,False
GLD,sun_modality,fwd_absret_1d,0.0029341221834349,0.0037066351455971,0.0011152415921506,-0.0007725129621621,-0.6926866497800193,0.7529880478087649,2599,3,False,False
XLF,moon_decl_sign,fwd_vol_5d,0.0015607829437365,0.002019014365466,0.000661864223236,-0.0004582314217295,-0.6923344783451875,0.7529880478087649,2595,2,False,False
IWM,moon_void_of_course,fwd_vol_5d,0.001077984610891,0.0016892262237142,0.0007859182648163,-0.0006112416128232,-0.7777419614570609,0.7569721115537849,2595,2,False,False
XLF,aspect_opposition_count_q5,fwd_absret_1d,0.0107304563626932,0.0148331510530758,0.0050055475671808,-0.0041026946903826,-0.8196295480802452,0.7569721115537849,2599,5,False,False
QQQ,mercury_retrograde,fwd_vol_5d,0.0026019179877281,0.004155032911304,0.0019772478553961,-0.0015531149235758,-0.7854932902505021,0.7569721115537849,2595,2,False,False
XLE,saturn_retrograde,fwd_vol_5d,0.0031353148503835,0.0049939779793807,0.0022620165807731,-0.0018586631289972,-0.8216841312286028,0.7569721115537849,2595,2,False,False
XLK,venus_out_of_bounds,fwd_absret_1d,0.0015332703978969,0.0023757071683251,0.0011507278944953,-0.0008424367704281,-0.7320903355676225,0.7569721115537849,2599,2,False,False
XLK,aspect_opposition_count_q5,fwd_absret_1d,0.012081151939238,0.015147494007753,0.0038880432526866,-0.0030663420685149,-0.7886594539286925,0.7569721115537849,2599,5,False,False
XLE,aspect_conjunction_count_q5,fwd_vol_5d,0.0217604895719228,0.0296629593461337,0.0098652598089065,-0.0079024697742108,-0.8010402084977436,0.7569721115537849,2595,5,False,False
SPY,moon_near_new,fwd_vol_5d,0.0012384289753858,0.0018422013886684,0.0007797371509317,-0.0006037724132825,-0.7743281342451024,0.7569721115537849,2595,2,False,False
XLE,soft_aspect_count_q5,fwd_absret_1d,0.008963937729063,0.0111181014779188,0.0028811282923522,-0.0021541637488558,-0.7476806064394632,0.7609561752988048,2599,5,False,False
USO,sun_element,fwd_ret_1d,0.003880672368479,0.0045154444605348,0.0009242967382328,-0.0006347720920557,-0.6867622331648154,0.7609561752988048,2599,4,False,False
GLD,mercury_retrograde,fwd_vol_5d,0.002636443333301,0.0040146034978164,0.0018084170334434,-0.0013781601645154,-0.7620809465011675,0.7609561752988048,2595,2,False,False
XLF,moon_near_new,fwd_absret_1d,0.0011217966760932,0.0017159679768212,0.0007699700258207,-0.0005941713007279,-0.7716810795259531,0.7609561752988048,2599,2,False,False
XLK,mars_out_of_bounds,fwd_absret_1d,0.0014336742377484,0.0030373656403544,0.0021499446480397,-0.0016036914026059,-0.7459221817957563,0.7609561752988048,2599,2,False,False
XLE,moon_void_of_course,fwd_vol_5d,0.0010695740910682,0.0016261423281241,0.0007951659251486,-0.0005565682370559,-0.6999397477348469,0.7609561752988048,2595,2,False,False
USO,aspect_trine_count_q5,fwd_vol_5d,0.0098966625673278,0.0128767977664979,0.0040019502618596,-0.00298013519917,-0.7446707240647334,0.7649402390438247,2595,5,False,False
XLF,lunar_8phase,fwd_ret_1d,0.011134827369632,0.0123846963099604,0.0017525397513344,-0.0012498689403284,-0.7131758006497314,0.7649402390438247,2599,8,False,False
TLT,n_retrograde,fwd_ret_1d,0.0112004441709033,0.012909772245036,0.002465688181197,-0.0017093280741327,-0.6932458399110826,0.7649402390438247,2599,7,False,False
QQQ,mars_saturn_hard_aspect,fwd_vol_5d,0.0030984314951855,0.005153738796596,0.0025762686825763,-0.0020553073014104,-0.7977845305153117,0.7649402390438247,2595,2,False,False
USO,aspect_opposition_count_q5,fwd_ret_1d,0.0069431308268236,0.008456151413627,0.0018761002491382,-0.0015130205868033,-0.8064710761049907,0.7649402390438247,2599,5,False,False
SPY,sun_element,fwd_ret_1d,0.0040216254560774,0.004547914421364,0.0007311234811111,-0.0005262889652865,-0.7198359495809751,0.7689243027888446,2599,4,False,False
XLE,harmonic_3_count_q5,fwd_ret_1d,0.0078469044957889,0.0099692660925717,0.0025882591124158,-0.0021223615967827,-0.819995798180256,0.7689243027888446,2599,5,False,False
XLF,jupiter_retrograde,fwd_vol_5d,0.0037368582027454,0.0056935173569297,0.0026907342791415,-0.0019566591541842,-0.7271840885041113,0.7689243027888446,2595,2,False,False
SPY,moon_sign,fwd_vol_5d,0.0209919799737321,0.0233712378568555,0.0030134138960911,-0.0023792578831233,-0.7895556220171546,0.7689243027888446,2595,12,False,False
XLE,sun_modality,fwd_ret_1d,0.0027534812267341,0.0035511624280663,0.0010261437873587,-0.0007976812013322,-0.7773581160447425,0.7689243027888446,2599,3,False,False
SPY,soft_aspect_count_q5,fwd_absret_1d,0.0076293324050932,0.0099798272125949,0.0032570428971809,-0.0023504948075016,-0.7216652901735151,0.7689243027888446,2599,5,False,False
SLV,neptune_retrograde,fwd_ret_1d,0.0009337571406595,0.0019540844228091,0.0011886237861622,-0.0010203272821496,-0.8584106207767762,0.7729083665338645,2599,2,False,False
USO,mars_saturn_hard_aspect,fwd_ret_1d,0.0013474603579578,0.0020488131450693,0.00098766061532,-0.0007013527871115,-0.7101151713781862,0.7729083665338645,2599,2,False,False
TLT,jupiter_sign,fwd_vol_5d,0.1808950150849968,0.1932331617419479,0.0128868518328301,-0.012338146656951,-0.9574213172466832,0.7729083665338645,2595,11,False,False
QQQ,moon_out_of_bounds,fwd_ret_1d,0.0020712097064985,0.0034845993602944,0.0017169893331604,-0.0014133896537958,-0.8231790532992354,0.7729083665338645,2599,2,False,False
SLV,moon_near_new,fwd_vol_5d,0.0010511882229314,0.0018593972503944,0.0009215219767382,-0.000808209027463,-0.8770371709676947,0.7768924302788844,2595,2,False,False
TLT,saturn_sign,fwd_ret_1d,0.0313514313537549,0.0356733381660241,0.0048959479907276,-0.0043219068122691,-0.882751781770224,0.7808764940239044,2599,5,False,False
SPY,aspect_trine_count_q5,fwd_ret_1d,0.0070124185556376,0.0095011757773782,0.0033095618542287,-0.0024887572217405,-0.7519899404691883,0.7808764940239044,2599,5,False,False
XLK,mars_retrograde,fwd_ret_1d,0.0015705088874011,0.0033154360187737,0.0021494997075855,-0.0017449271313725,-0.8117829117234705,0.7808764940239044,2599,2,False,False
XLE,aspect_opposition_count_q5,fwd_ret_1d,0.0104589355342072,0.0169187011078961,0.0064678641599073,-0.0064597655736889,-0.9987478731744824,0.7808764940239044,2599,5,False,False
SLV,moon_near_new,fwd_absret_1d,0.0011709075751274,0.0017699403476664,0.0007601928606851,-0.000599032772539,-0.7880010501534299,0.7808764940239044,2599,2,False,False
SLV,moon_decl_sign,fwd_absret_1d,0.001070147961511,0.0016287445713668,0.0006654523531875,-0.0005585966098557,-0.8394239004191408,0.7848605577689243,2599,2,False,False
SLV,venus_retrograde,fwd_absret_1d,0.0013716021052448,0.0025692090739105,0.0014486014010995,-0.0011976069686656,-0.8267332668300876,0.7848605577689243,2599,2,False,False
SPY,mars_saturn_hard_aspect,fwd_absret_1d,0.0012755698353745,0.0021588445294453,0.0010100757788333,-0.0008832746940708,-0.8744637903218008,0.7848605577689243,2599,2,False,False
QQQ,mars_retrograde,fwd_vol_5d,0.0050615228381563,0.0101512705504126,0.0065031421463709,-0.0050897477122562,-0.7826597662633822,0.7848605577689243,2595,2,False,False
XLF,harmonic_4_count_q5,fwd_vol_5d,0.008526419030586,0.0109077704315993,0.0028848758234878,-0.0023813514010132,-0.8254606252459669,0.7848605577689243,2595,5,False,False
SPY,lunar_4phase,fwd_ret_1d,0.0037987823101783,0.0046362207990898,0.0010718288186168,-0.0008374384889114,-0.7813173842369421,0.7848605577689243,2599,4,False,False
SPY,lunar_8phase,fwd_absret_1d,0.0103671943334661,0.0119674529802128,0.001847573864539,-0.0016002586467466,-0.8661405519209934,0.7848605577689243,2599,8,False,False
USO,venus_retrograde,fwd_ret_1d,0.0013828144140469,0.0022198044173069,0.0010098568164264,-0.0008369900032599,-0.8288204720167642,0.7888446215139442,2599,2,False,False
GLD,moon_sign,fwd_ret_1d,0.0161969838467699,0.0182514151159995,0.0026178785628924,-0.0020544312692296,-0.7847695070163055,0.7888446215139442,2599,12,False,False
TLT,moon_void_of_course,fwd_ret_1d,0.0010801728735422,0.0017413519027953,0.0007961229795834,-0.0006611790292531,-0.8304986116580076,0.7888446215139442,2599,2,False,False
QQQ,aspect_opposition_count_q5,fwd_vol_5d,0.0266294022707151,0.0350541207076012,0.0097124574114502,-0.008424718436886,-0.8674136812125358,0.7928286852589641,2595,5,False,False
XLK,venus_sign,fwd_ret_1d,0.0231511049192981,0.0261505415139426,0.0038179756291009,-0.0029994365946445,-0.7856091515573188,0.7928286852589641,2599,12,False,False
SLV,venus_out_of_bounds,fwd_ret_1d,0.0012293777227249,0.0020784360485844,0.0009902984396855,-0.0008490583258595,-0.8573762129011451,0.796812749003984,2599,2,False,False
XLK,sun_sign,fwd_vol_5d,0.0491299237724899,0.0559570476023398,0.0087703591216798,-0.0068271238298498,-0.7784315026477746,0.796812749003984,2595,12,False,False
TLT,moon_near_new,fwd_vol_5d,0.0009716550204458,0.0017129143902145,0.0008450365302915,-0.0007412593697687,-0.8771921014029491,0.8007968127490039,2595,2,False,False
XLF,mars_retrograde,fwd_ret_1d,0.00151287572345,0.0029506172070773,0.0017190435598838,-0.0014377414836272,-0.8363612866938701,0.8007968127490039,2599,2,False,False
USO,moon_void_of_course,fwd_ret_1d,0.0011636819106806,0.0018284161994681,0.0008349003466546,-0.0006647342887874,-0.7961839894437799,0.8007968127490039,2599,2,False,False
IWM,aspect_opposition_count_q5,fwd_ret_1d,0.0114438637774346,0.0153174542225873,0.0045218707632653,-0.0038735904451526,-0.8566344877922747,0.8007968127490039,2599,5,False,False
XLK,soft_aspect_count_q5,fwd_ret_1d,0.0073551626274417,0.0098409731053028,0.0028405933591786,-0.0024858104778611,-0.8751025449767142,0.8047808764940239,2599,5,False,False
TLT,moon_decl_q4,fwd_ret_1d,0.0043224877107714,0.0055142014350592,0.0013562663060337,-0.0011917137242878,-0.8786723661762726,0.8047808764940239,2599,4,False,False
XLF,moon_sign,fwd_ret_1d,0.0178292724278261,0.0196874822987182,0.0023284856847941,-0.001858209870892,-0.7980336246114317,0.8047808764940239,2599,12,False,False
TLT,moon_near_full,fwd_absret_1d,0.0009921623307056,0.0016421293576769,0.0007717640779613,-0.0006499670269712,-0.8421835707722853,0.8047808764940239,2599,2,False,False
XLF,moon_near_new,fwd_vol_5d,0.0010594728036313,0.0018091401326476,0.0008557542510608,-0.0007496673290163,-0.8760310896347101,0.8047808764940239,2595,2,False,False
TLT,harmonic_3_count_q5,fwd_absret_1d,0.0077222546081184,0.0097816802719843,0.0023742514804306,-0.0020594256638658,-0.8673999704076574,0.8047808764940239,2599,5,False,False
IWM,jupiter_saturn_aspect,fwd_absret_1d,0.0015329787399141,0.0038667364451437,0.0028186277021076,-0.0023337577052295,-0.8279765729558667,0.8087649402390438,2599,2,False,False
USO,soft_aspect_count_q5,fwd_ret_1d,0.0062984923052438,0.0082077668730652,0.0020326489274641,-0.0019092745678213,-0.9393036554538422,0.8087649402390438,2599,5,False,False
TLT,saturn_sign,fwd_absret_1d,0.0346292748263226,0.0405978014292632,0.0054179403947667,-0.0059685266029405,-1.101622788007348,0.8087649402390438,2599,5,False,False
XLK,mercury_out_of_bounds,fwd_ret_1d,0.0012373474134147,0.0020967871702269,0.0009859133269115,-0.0008594397568122,-0.8717193827823807,0.8087649402390438,2599,2,False,False
QQQ,aspect_square_count_q5,fwd_ret_1d,0.0067002886344343,0.0085874091260708,0.0019005401561063,-0.0018871204916364,-0.9929390260832808,0.8087649402390438,2599,5,False,False
QQQ,harmonic_3_count_q5,fwd_absret_1d,0.0067918284986664,0.0091559334808605,0.0025908733141153,-0.0023641049821941,-0.9124741720539488,0.8087649402390438,2599,5,False,False
SLV,mercury_sign,fwd_ret_1d,0.0183966391162788,0.0217971506903701,0.0038338707273278,-0.0034005115740912,-0.8869656323705414,0.8127490039840638,2599,12,False,False
XLE,mars_retrograde,fwd_vol_5d,0.0041943504072192,0.0079729750043258,0.0043522077385617,-0.0037786245971065,-0.8682086940903502,0.8127490039840638,2595,2,False,False
SLV,lunar_4phase,fwd_absret_1d,0.0038638393188591,0.0048853410831488,0.0011500150583671,-0.0010215017642897,-0.8882507727682053,0.8167330677290837,2599,4,False,False
XLF,jupiter_saturn_aspect,fwd_absret_1d,0.0017276202701701,0.0042398905353303,0.0029167497251283,-0.0025122702651602,-0.8613252770769034,0.8167330677290837,2599,2,False,False
IWM,eclipse_window,fwd_vol_5d,0.0013640030228693,0.0022891521405546,0.0010315408373822,-0.0009251491176853,-0.8968613593942909,0.8167330677290837,2595,2,False,False
XLK,soft_aspect_count_q5,fwd_absret_1d,0.0072206422004017,0.0097850866635542,0.0028754943958927,-0.0025644444631524,-0.8918273208306058,0.8167330677290837,2599,5,False,False
IWM,venus_sign,fwd_vol_5d,0.0488594689476318,0.058516267210085,0.0100668709433237,-0.0096567982624532,-0.9592651298323775,0.8207171314741036,2595,12,False,False
QQQ,mars_saturn_hard_aspect,fwd_ret_1d,0.001076536240374,0.0019013232795929,0.0009627814905806,-0.0008247870392188,-0.8566710591013015,0.8207171314741036,2599,2,False,False
SLV,moon_decl_sign,fwd_ret_1d,0.0010164624046488,0.0015163368982878,0.0005442616654148,-0.0004998744936389,-0.9184451623245208,0.8207171314741036,2599,2,False,False
TLT,mercury_retrograde,fwd_absret_1d,0.0014600010168699,0.0023854076311928,0.001058029210555,-0.0009254066143228,-0.8746512904283154,0.8247011952191236,2599,2,False,False
QQQ,aspect_trine_count_q5,fwd_ret_1d,0.00665620183447,0.0092542990020661,0.0028191428593166,-0.0025980971675961,-0.9215911705254656,0.8247011952191236,2599,5,False,False
XLK,eclipse_window,fwd_absret_1d,0.0009982484319397,0.0018016612268435,0.000900851553184,-0.0008034127949037,-0.8918370535791014,0.8247011952191236,2599,2,False,False
TLT,moon_decl_sign,fwd_vol_5d,0.0022625785015014,0.0035774440615051,0.001477923433512,-0.0013148655600037,-0.8896709600707285,0.8247011952191236,2595,2,False,False
TLT,hard_aspect_count_q5,fwd_ret_1d,0.0058589869203891,0.0078079237134553,0.0020547504007047,-0.0019489367930662,-0.9485029385553744,0.8247011952191236,2599,5,False,False
XLF,soft_aspect_count_q5,fwd_vol_5d,0.0111599328376224,0.0153247392293381,0.0047222051693789,-0.0041648063917157,-0.8819621855319479,0.8247011952191236,2595,5,False,False
IWM,aspect_square_count_q5,fwd_vol_5d,0.0112316202225003,0.0143657668387585,0.0033708465128322,-0.0031341466162581,-0.9297802805102248,0.8247011952191236,2595,5,False,False
USO,jupiter_saturn_aspect,fwd_vol_5d,0.0032890019274405,0.0083915815249747,0.0060173535879091,-0.0051025795975342,-0.8479773579845725,0.8247011952191236,2595,2,False,False
GLD,sun_modality,fwd_ret_1d,0.0024895498345335,0.0034562352223783,0.001000380337522,-0.0009666853878447,-0.9663178609039904,0.8247011952191236,2599,3,False,False
SPY,pluto_out_of_bounds,fwd_ret_1d,0.0013903481526541,0.0037504586617903,0.00283539220985,-0.0023601105091361,-0.8323753239277355,0.8247011952191236,2599,2,False,False
XLK,moon_sign,fwd_vol_5d,0.0273230636995083,0.0301088442713925,0.0032341195771959,-0.0027857805718842,-0.8613721618480272,0.8247011952191236,2595,12,False,False
GLD,moon_sign,fwd_absret_1d,0.0150812398864883,0.0176587961732419,0.0025403383207093,-0.0025775562867535,-1.0146507910937752,0.8286852589641435,2599,12,False,False
SPY,harmonic_4_count_q5,fwd_absret_1d,0.0057494516530763,0.007829827259461,0.0022386905285935,-0.0020803756063847,-0.9292823549361972,0.8286852589641435,2599,5,False,False
USO,jupiter_sign,fwd_vol_5d,0.0931974508148874,0.104171670832785,0.0108554110665124,-0.0109742200178975,-1.0109446754855376,0.8286852589641435,2595,11,False,False
SLV,saturn_retrograde,fwd_absret_1d,0.0015463212305934,0.0024647921904594,0.0009449367648596,-0.0009184709598659,-0.971991982979258,0.8326693227091634,2599,2,False,False
QQQ,soft_aspect_count_q5,fwd_vol_5d,0.0115669830015376,0.0174723607064043,0.0067993981926664,-0.0059053777048667,-0.8685147622676396,0.8326693227091634,2595,5,False,False
TLT,mars_out_of_bounds,fwd_vol_5d,0.0036049057326736,0.0055894582311908,0.0023685867095853,-0.0019845524985172,-0.8378635624721087,0.8326693227091634,2595,2,False,False
GLD,mercury_out_of_bounds,fwd_vol_5d,0.0020128176942877,0.0037579624383849,0.002159492014703,-0.0017451447440971,-0.8081274356261928,0.8326693227091634,2595,2,False,False
SPY,pluto_out_of_bounds,fwd_absret_1d,0.0014183419722093,0.0039807628592967,0.0034720458117471,-0.0025624208870873,-0.7380147112166003,0.8366533864541833,2599,2,False,False
IWM,venus_out_of_bounds,fwd_ret_1d,0.001234239907034,0.0021484542495335,0.000979523339344,-0.0009142143424995,-0.9333257368953888,0.8366533864541833,2599,2,False,False
XLF,eclipse_window,fwd_ret_1d,0.0009031128276773,0.0016954633606364,0.0008096458578412,-0.0007923505329591,-0.9786384075030462,0.8366533864541833,2599,2,False,False
TLT,moon_near_new,fwd_absret_1d,0.0009138033848547,0.0016776377690002,0.0007578803336542,-0.0007638343841455,-1.0078561881431891,0.8366533864541833,2599,2,False,False
TLT,neptune_retrograde,fwd_absret_1d,0.0014812472169862,0.0022634605984807,0.0007677588767489,-0.0007822133814944,-1.018826880656464,0.8406374501992032,2599,2,False,False
TLT,soft_aspect_count_q5,fwd_ret_1d,0.0074205302026725,0.0098082302625499,0.0025801061294615,-0.0023877000598773,-0.9254270716281215,0.8406374501992032,2599,5,False,False
USO,jupiter_saturn_aspect,fwd_absret_1d,0.0016180395437831,0.0035245381623734,0.0021085955996889,-0.0019064986185903,-0.904155646948926,0.8406374501992032,2599,2,False,False
SLV,venus_sign,fwd_vol_5d,0.0464629189529591,0.0586883573616544,0.0126704809416772,-0.0122254384086952,-0.9648756400778644,0.8406374501992032,2595,12,False,False
TLT,venus_sign,fwd_ret_1d,0.0197554322643217,0.0228405390916488,0.003140617080618,-0.0030851068273271,-0.9823250489104636,0.8406374501992032,2599,12,False,False
TLT,moon_sign,fwd_absret_1d,0.0169392940447814,0.0190621548214609,0.0022157896543001,-0.0021228607766794,-0.9580606049674908,0.8406374501992032,2599,12,False,False
XLF,moon_out_of_bounds,fwd_absret_1d,0.0017852607999523,0.0036767531492471,0.0019963072240013,-0.0018914923492947,-0.9474956191880584,0.8406374501992032,2599,2,False,False
IWM,mars_retrograde,fwd_ret_1d,0.0013823768058034,0.002991601502,0.0018480664421837,-0.0016092246961965,-0.8707612775518052,0.8446215139442231,2599,2,False,False
IWM,lunar_4phase,fwd_vol_5d,0.0062014337830741,0.0081616268097044,0.0019545835856609,-0.0019601930266303,-1.0028698905539657,0.8446215139442231,2595,4,False,False
IWM,moon_perigee_q4,fwd_ret_1d,0.0034140890408164,0.0045770665932191,0.0011280885286566,-0.0011629775524027,-1.0309275583075292,0.848605577689243,2599,4,False,False
SLV,sun_sign,fwd_ret_1d,0.0158508717564399,0.0183958283077572,0.0025795017168022,-0.0025449565513173,-0.9866078145015568,0.848605577689243,2599,12,False,False
XLF,aspect_opposition_count_q5,fwd_ret_1d,0.0082316702368594,0.0127625154380916,0.0046994488793246,-0.0045308452012322,-0.9641226700360176,0.848605577689243,2599,5,False,False
XLE,harmonic_4_count_q5,fwd_vol_5d,0.009695601861387,0.0142371204848566,0.0047667656075548,-0.0045415186234695,-0.9527463687897064,0.848605577689243,2595,5,False,False
IWM,jupiter_sign,fwd_ret_1d,0.0494935031709016,0.0536740096194905,0.0043795953804243,-0.0041805064485889,-0.9545417065865788,0.848605577689243,2599,11,False,False
TLT,saturn_sign,fwd_vol_5d,0.1009498297995223,0.1214952678212097,0.0177247488665643,-0.0205454380216874,-1.159138455295351,0.848605577689243,2595,5,False,False
SPY,eclipse_window,fwd_vol_5d,0.0013720595342533,0.0024685072647947,0.0010997404568431,-0.0010964477305413,-0.9970059060014846,0.848605577689243,2595,2,False,False
XLK,harmonic_3_count_q5,fwd_ret_1d,0.0067055331986642,0.0090164689595071,0.0024909838684606,-0.0023109357608428,-0.9277200828566566,0.848605577689243,2599,5,False,False
GLD,jupiter_sign,fwd_absret_1d,0.0471633115426328,0.0501490726566397,0.0031314597288316,-0.0029857611140068,-0.9534726206173778,0.848605577689243,2599,11,False,False
GLD,jupiter_retrograde,fwd_absret_1d,0.000926003813202,0.0019239920955508,0.0009596707249535,-0.0009979882823487,-1.0399278173220388,0.852589641434263,2599,2,False,False
USO,sun_modality,fwd_vol_5d,0.0069277810491211,0.0104736424144905,0.0032000927368856,-0.0035458613653694,-1.1080495650948896,0.852589641434263,2595,3,False,False
XLF,pluto_out_of_bounds,fwd_vol_5d,0.003318480901588,0.0084174071028886,0.0077744329688278,-0.0050989262013005,-0.6558582756768385,0.852589641434263,2595,2,False,False
XLE,moon_near_full,fwd_absret_1d,0.0009334465986505,0.0017806967421254,0.0008781676539118,-0.0008472501434749,-0.9647931573211456,0.852589641434263,2599,2,False,False
IWM,soft_aspect_count_q5,fwd_vol_5d,0.0128421486912229,0.0181412616111288,0.0057253757760919,-0.0052991129199059,-0.9255484927354584,0.8565737051792829,2595,5,False,False
SLV,eclipse_window,fwd_vol_5d,0.0014372547583549,0.0026368200114811,0.0012672662762142,-0.0011995652531261,-0.9465771129881928,0.8565737051792829,2595,2,False,False
SLV,mars_retrograde,fwd_vol_5d,0.0032730300588867,0.0068169644095541,0.0038659597902426,-0.0035439343506673,-0.916702330844722,0.8565737051792829,2595,2,False,False
TLT,eclipse_window,fwd_vol_5d,0.0012449226027551,0.0024336124097866,0.0011444787677564,-0.0011886898070315,-1.038629846634674,0.8565737051792829,2595,2,False,False
XLF,moon_decl_sign,fwd_absret_1d,0.0012336419101558,0.0018821946044628,0.00066748232407,-0.0006485526943069,-0.9716402531116723,0.8565737051792829,2599,2,False,False
TLT,aspect_square_count_q5,fwd_absret_1d,0.006197485260857,0.0083687712778156,0.0021220317447813,-0.0021712860169586,-1.023210902616522,0.8565737051792829,2599,5,False,False
GLD,mars_retrograde,fwd_absret_1d,0.0010067176619119,0.0021136383906108,0.0012751061662261,-0.0011069207286988,-0.8681008358504082,0.8605577689243028,2599,2,False,False
SPY,moon_decl_sign,fwd_absret_1d,0.0008485242196408,0.0014134057821378,0.0005523815833034,-0.000564881562497,-1.022629246831222,0.8605577689243028,2599,2,False,False
QQQ,moon_decl_sign,fwd_absret_1d,0.0011267811632372,0.0019532737663046,0.0007657836729041,-0.0008264926030673,-1.0792768667069923,0.8605577689243028,2599,2,False,False
SPY,sun_element,fwd_absret_1d,0.0040266468376372,0.0047687707067517,0.0007429155594105,-0.0007421238691145,-0.9989343468635624,0.8605577689243028,2599,4,False,False
TLT,sun_element,fwd_ret_1d,0.0048556838895644,0.0062873934290739,0.001295901415948,-0.0014317095395094,-1.1047981905799984,0.8605577689243028,2599,4,False,False
QQQ,mars_out_of_bounds,fwd_absret_1d,0.0016940082891366,0.0035080038670283,0.0021348373674389,-0.0018139955778916,-0.849711367038634,0.8645418326693227,2599,2,False,False
QQQ,harmonic_3_count_q5,fwd_ret_1d,0.0061232448438439,0.0087339141353359,0.0023759371285265,-0.002610669291492,-1.098795612117522,0.8645418326693227,2599,5,False,False
USO,aspect_trine_count_q5,fwd_ret_1d,0.0059235048038265,0.0078791702950455,0.0018718360364155,-0.0019556654912189,-1.04478461423573,0.8645418326693227,2599,5,False,False
USO,mars_out_of_bounds,fwd_absret_1d,0.0011732290973361,0.0027835444090495,0.0018162158615766,-0.0016103153117133,-0.8866321155875453,0.8645418326693227,2599,2,False,False
QQQ,lunar_8phase,fwd_absret_1d,0.0088181103447486,0.0111169232827193,0.0020641576831455,-0.0022988129379706,-1.113680876582837,0.8685258964143426,2599,8,False,False
XLE,hard_aspect_count_q5,fwd_absret_1d,0.0062191402208863,0.0084457540563873,0.0021563956597146,-0.0022266138355009,-1.032562751399506,0.8685258964143426,2599,5,False,False
USO,pluto_retrograde,fwd_absret_1d,0.0015646172830221,0.0033800020268211,0.0019828277975756,-0.0018153847437989,-0.9155534061094892,0.8685258964143426,2599,2,False,False
SPY,mars_retrograde,fwd_ret_1d,0.0014789413032404,0.0034924957982369,0.002455410572012,-0.0020135544949965,-0.8200479862504512,0.8685258964143426,2599,2,False,False
SLV,venus_out_of_bounds,fwd_vol_5d,0.0023373794075986,0.006382730048196,0.0040141724555183,-0.0040453506405973,-1.0077670268092662,0.8685258964143426,2595,2,False,False
SPY,pluto_out_of_bounds,fwd_vol_5d,0.0034641970153498,0.009718519581496,0.0069349825362736,-0.0062543225661462,-0.9018512351592496,0.8685258964143426,2595,2,False,False
QQQ,lunar_4phase,fwd_absret_1d,0.0030384324190335,0.0044524716380934,0.0012793920935832,-0.0014140392190599,-1.1052430495326586,0.8685258964143426,2599,4,False,False
XLK,moon_sign,fwd_absret_1d,0.0157670939687872,0.0184311139313984,0.0024656777829869,-0.0026640199626112,-1.0804412405355008,0.8725099601593626,2599,12,False,False
XLF,hard_aspect_count_q5,fwd_vol_5d,0.0076698845471669,0.0111831878248682,0.0032896679769519,-0.0035133032777012,-1.067981116123614,0.8725099601593626,2595,5,False,False
IWM,aspect_square_count_q5,fwd_absret_1d,0.0062908773519233,0.0088152805684806,0.0023270395306346,-0.0025244032165572,-1.0848132072207242,0.8725099601593626,2599,5,False,False
TLT,mars_sign,fwd_ret_1d,0.0202140671624757,0.0244799441465783,0.0038076302194992,-0.0042658769841026,-1.1203495975676998,0.8725099601593626,2599,12,False,False
XLE,mars_retrograde,fwd_ret_1d,0.0013698188396936,0.0030067321561539,0.0016466719342965,-0.0016369133164603,-0.994073732822556,0.8725099601593626,2599,2,False,False
XLF,soft_aspect_count_q5,fwd_absret_1d,0.0069564253655445,0.0095480001114662,0.0025094344378749,-0.0025915747459217,-1.0327325977546982,0.8725099601593626,2599,5,False,False
XLK,moon_perigee_q4,fwd_vol_5d,0.0062427984016314,0.0087405031416374,0.002380706214396,-0.002497704740006,-1.0491444617998216,0.8764940239043825,2595,4,False,False
QQQ,sun_modality,fwd_vol_5d,0.004659570907305,0.0068719851606798,0.0020443747757167,-0.0022124142533748,-1.08219602376928,0.8764940239043825,2595,3,False,False
XLK,aspect_square_count_q5,fwd_vol_5d,0.0109696936332343,0.0155110401942454,0.0041337464040856,-0.004541346561011,-1.098603087146951,0.8764940239043825,2595,5,False,False
GLD,jupiter_sign,fwd_vol_5d,0.1443699226222142,0.1552413293587695,0.0095299889961279,-0.0108714067365553,-1.1407575329806117,0.8764940239043825,2595,11,False,False
QQQ,mars_saturn_hard_aspect,fwd_absret_1d,0.0010746520111453,0.0020872000763276,0.001011836169284,-0.0010125480651822,-1.000703568344267,0.8764940239043825,2599,2,False,False
XLK,harmonic_4_count_q5,fwd_absret_1d,0.0056062001783643,0.0078134299486436,0.0020246152186718,-0.0022072297702792,-1.090197164341784,0.8804780876494024,2599,5,False,False
XLF,aspect_square_count_q5,fwd_absret_1d,0.0064202046073578,0.0089092424502114,0.00208538549412,-0.0024890378428535,-1.193562461171615,0.8804780876494024,2599,5,False,False
TLT,lunar_8phase,fwd_vol_5d,0.0101291993352642,0.0129866532013461,0.0023920532442756,-0.0028574538660818,-1.194561146546375,0.8804780876494024,2595,8,False,False
XLE,moon_decl_sign,fwd_absret_1d,0.0012478615105696,0.0022337426444189,0.0009206826601635,-0.0009858811338492,-1.0708153596312393,0.8804780876494024,2599,2,False,False
SPY,aspect_square_count_q5,fwd_ret_1d,0.0064557007571002,0.0086337820047885,0.001931725066123,-0.0021780812476883,-1.1275316999741167,0.8844621513944223,2599,5,False,False
XLF,harmonic_3_count_q5,fwd_vol_5d,0.0095245476832869,0.0136886341365984,0.0037499294201921,-0.0041640864533114,-1.1104439541953046,0.8844621513944223,2595,5,False,False
SLV,saturn_retrograde,fwd_ret_1d,0.0007955655839917,0.0018206588097403,0.0009782851573662,-0.0010250932257485,-1.047847059755362,0.8844621513944223,2599,2,False,False
XLF,moon_near_full,fwd_absret_1d,0.0008522130533683,0.0018147099762857,0.0008651999476398,-0.0009624969229173,-1.1124560577505458,0.8844621513944223,2599,2,False,False
SLV,lunar_4phase,fwd_vol_5d,0.0061493488086075,0.0080455609551288,0.0016976728943555,-0.0018962121465213,-1.1169478836740905,0.8884462151394422,2595,4,False,False
IWM,venus_sign,fwd_ret_1d,0.0184084786048199,0.0236298512537379,0.0039975355063697,-0.0052213726489179,-1.306147910530924,0.8924302788844621,2599,12,False,False
TLT,moon_decl_sign,fwd_absret_1d,0.0010225730263594,0.0018237108319141,0.0007377217726548,-0.0008011378055547,-1.085961991702792,0.8924302788844621,2599,2,False,False
SLV,lunar_8phase,fwd_absret_1d,0.0095835651214186,0.0117595404348634,0.0018748875448514,-0.0021759753134447,-1.1605897747947926,0.8924302788844621,2599,8,False,False
TLT,mars_out_of_bounds,fwd_absret_1d,0.00095572221528,0.0020529579763098,0.0009661027727675,-0.0010972357610297,-1.1357339943104998,0.8924302788844621,2599,2,False,False
USO,moon_near_full,fwd_vol_5d,0.0011639949428335,0.0020446869586847,0.0008170605818769,-0.0008806920158511,-1.077878477294829,0.8924302788844621,2595,2,False,False
GLD,mars_sign,fwd_absret_1d,0.0197461899291705,0.0246485975774912,0.003626310956762,-0.0049024076483206,-1.351899411488439,0.8924302788844621,2599,12,False,False
XLF,mars_saturn_hard_aspect,fwd_vol_5d,0.0022017998167807,0.0044861258131225,0.0021348424715005,-0.0022843259963417,-1.0700208689103785,0.8924302788844621,2595,2,False,False
SLV,moon_near_full,fwd_absret_1d,0.0009428049439772,0.0016668741724912,0.0006827422988145,-0.000724069228514,-1.0605307885145228,0.8924302788844621,2599,2,False,False
SLV,neptune_retrograde,fwd_absret_1d,0.00122771218389,0.0024212900938142,0.0009383890623026,-0.0011935779099241,-1.271943544392347,0.8924302788844621,2599,2,False,False
IWM,pluto_out_of_bounds,fwd_vol_5d,0.0027962846423338,0.0088172838365319,0.0075301067897772,-0.0060209991941981,-0.799590146898335,0.8924302788844621,2595,2,False,False
GLD,mars_sign,fwd_vol_5d,0.0498024572995652,0.0655119742174112,0.011348094375201,-0.0157095169178459,-1.3843308311020024,0.896414342629482,2595,12,False,False
SLV,mercury_out_of_bounds,fwd_ret_1d,0.000977470899141,0.0018598862237256,0.0007601364059428,-0.0008824153245846,-1.1608644418104552,0.896414342629482,2599,2,False,False
QQQ,mercury_out_of_bounds,fwd_ret_1d,0.0011742055865313,0.0025509663047672,0.0012765694469057,-0.0013767607182358,-1.0784847793224417,0.896414342629482,2599,2,False,False
IWM,mars_out_of_bounds,fwd_absret_1d,0.0009914493910012,0.0027142666052772,0.002094484447574,-0.001722817214276,-0.8225495377974698,0.896414342629482,2599,2,False,False
SLV,mercury_sign,fwd_vol_5d,0.0428232037701865,0.0570840742134329,0.0105009304233107,-0.0142608704432463,-1.3580577975822967,0.896414342629482,2595,12,False,False
SPY,harmonic_4_count_q5,fwd_ret_1d,0.0056466074607845,0.007960422544579,0.0019003668787912,-0.0023138150837944,-1.2175623084244749,0.900398406374502,2599,5,False,False
XLE,moon_decl_q4,fwd_ret_1d,0.0042899799622253,0.0061057817976475,0.0015398050254736,-0.0018158018354222,-1.1792414009453318,0.900398406374502,2599,4,False,False
GLD,moon_near_full,fwd_absret_1d,0.0007551045407117,0.0016623862502672,0.0007930839078087,-0.0009072817095554,-1.143992080311143,0.900398406374502,2599,2,False,False
SPY,moon_near_new,fwd_ret_1d,0.0008333554688069,0.0016572553304774,0.0007326011523125,-0.0008238998616705,-1.1246226668764965,0.900398406374502,2599,2,False,False
SLV,mercury_out_of_bounds,fwd_absret_1d,0.0008506530763039,0.0019533203112623,0.0009523093028811,-0.0011026672349584,-1.1578877068851148,0.904382470119522,2599,2,False,False
TLT,aspect_trine_count_q5,fwd_ret_1d,0.0061076046632819,0.0092450962277132,0.0026118208769777,-0.0031374915644313,-1.201265979641686,0.904382470119522,2599,5,False,False
TLT,venus_sign,fwd_absret_1d,0.0190893461747259,0.0231561919330716,0.0031186814735956,-0.0040668457583457,-1.304027292552264,0.904382470119522,2599,12,False,False
GLD,eclipse_window,fwd_vol_5d,0.0013407424638269,0.0028742062044311,0.0013470034309465,-0.0015334637406042,-1.138426009447265,0.904382470119522,2595,2,False,False
XLF,venus_sign,fwd_vol_5d,0.0464721147822677,0.0585808196864297,0.0099152988885461,-0.012108704904162,-1.2212143113658054,0.904382470119522,2595,12,False,False
XLF,moon_sign,fwd_vol_5d,0.0166126110930378,0.0200604575709169,0.0025970424872391,-0.0034478464778791,-1.3276049563380252,0.9083665338645418,2595,12,False,False
SPY,aspect_square_count_q5,fwd_absret_1d,0.0062809290726148,0.009056009947301,0.0021647321913686,-0.0027750808746862,-1.2819511280661926,0.9083665338645418,2599,5,False,False
XLK,mars_saturn_hard_aspect,fwd_ret_1d,0.0008011598834165,0.0019370606374959,0.0009094875458631,-0.0011359007540794,-1.2489459138237324,0.9123505976095616,2599,2,False,False
XLE,jupiter_saturn_aspect,fwd_ret_1d,0.0016156756142927,0.0045308461261354,0.0030577443044443,-0.0029151705118426,-0.9533728858902591,0.9123505976095616,2599,2,False,False
SLV,aspect_trine_count_q5,fwd_ret_1d,0.0057551607581766,0.0086506649140096,0.0023263351065809,-0.002895504155833,-1.2446633967918077,0.9123505976095616,2599,5,False,False
TLT,moon_perigee_q4,fwd_absret_1d,0.0030146241666701,0.0044956568482233,0.0011129422406823,-0.0014810326815531,-1.3307363378041035,0.9123505976095616,2599,4,False,False
USO,jupiter_sign,fwd_absret_1d,0.0361944593541945,0.0423894609116374,0.0042338815316805,-0.0061950015574429,-1.463196717028592,0.9123505976095616,2599,11,False,False
XLF,moon_out_of_bounds,fwd_vol_5d,0.0018622551486121,0.0061138593174612,0.0034472076783459,-0.004251604168849,-1.2333472669940904,0.9163346613545816,2595,2,False,False
IWM,mars_out_of_bounds,fwd_vol_5d,0.0022482146029342,0.0064131312310719,0.0045629796659799,-0.0041649166281377,-0.912762478252958,0.9203187250996016,2595,2,False,False
XLE,harmonic_3_count_q5,fwd_vol_5d,0.0119583236497532,0.0192279914200922,0.006174495030061,-0.007269667770339,-1.1773704140899082,0.9203187250996016,2595,5,False,False
TLT,saturn_retrograde,fwd_ret_1d,0.001263862816719,0.002141038010524,0.0007211037450011,-0.000877175193805,-1.2164341121313382,0.9203187250996016,2599,2,False,False
XLK,pluto_out_of_bounds,fwd_ret_1d,0.0012195263972058,0.0038927862971791,0.0024402713166554,-0.0026732598999732,-1.0954765077668234,0.9243027888446216,2599,2,False,False
IWM,harmonic_3_count_q5,fwd_absret_1d,0.0063303244160964,0.0093979257846455,0.00233781440514,-0.0030676013685491,-1.31216633869845,0.9243027888446216,2599,5,False,False
IWM,aspect_trine_count_q5,fwd_ret_1d,0.0059164352383248,0.0089932961081841,0.0025211280003298,-0.0030768608698593,-1.220430247673547,0.9243027888446216,2599,5,False,False
XLE,jupiter_retrograde,fwd_absret_1d,0.0008047978694273,0.0019546901813199,0.0009743305397455,-0.0011498923118926,-1.18018707716271,0.9243027888446216,2599,2,False,False
XLE,moon_sign,fwd_absret_1d,0.0164317998765904,0.019667735324904,0.002530691550828,-0.0032359354483136,-1.278676355186362,0.9243027888446216,2599,12,False,False
QQQ,eclipse_window,fwd_absret_1d,0.0007728946949624,0.0017715064891024,0.0008112968509871,-0.00099861179414,-1.230883360295284,0.9243027888446216,2599,2,False,False
SLV,venus_retrograde,fwd_ret_1d,0.0010717961639796,0.0023772763193047,0.0011632653816277,-0.0013054801553251,-1.1222547975238568,0.9282868525896414,2599,2,False,False
QQQ,moon_sign,fwd_absret_1d,0.0157139957799121,0.0193408952938834,0.0023542713723349,-0.0036268995139712,-1.5405613628874664,0.9282868525896414,2599,12,False,False
SLV,mars_out_of_bounds,fwd_vol_5d,0.0017612868096133,0.0068681296080498,0.0056490815069319,-0.0051068427984365,-0.904012943019136,0.9322709163346612,2595,2,False,False
USO,mars_out_of_bounds,fwd_ret_1d,0.0011519131767188,0.0031021062493686,0.0017200910534533,-0.0019501930726497,-1.133773162027944,0.9322709163346612,2599,2,False,False
XLE,aspect_square_count_q5,fwd_ret_1d,0.006107786014068,0.0091101381641427,0.0022737225444752,-0.0030023521500747,-1.3204566922071754,0.9322709163346612,2599,5,False,False
TLT,mars_out_of_bounds,fwd_ret_1d,0.0007952127410728,0.0020257506220748,0.0009791674589725,-0.0012305378810019,-1.2567185211538725,0.9322709163346612,2599,2,False,False
XLK,aspect_trine_count_q5,fwd_absret_1d,0.006003219448894,0.0092869774644704,0.0029853804580984,-0.0032837580155764,-1.0999462419165174,0.9322709163346612,2599,5,False,False
XLE,sun_modality,fwd_absret_1d,0.0021282195997487,0.0037879646744144,0.0011014813460778,-0.0016597450746657,-1.5068299436715031,0.9362549800796812,2599,3,False,False
SPY,hard_aspect_count_q5,fwd_absret_1d,0.0052226214061242,0.0081170621261412,0.0019283769855396,-0.002894440720017,-1.5009724455962927,0.9362549800796812,2599,5,False,False
IWM,saturn_retrograde,fwd_absret_1d,0.0016904830236774,0.0039285791237595,0.0016152540113632,-0.002238096100082,-1.3856000878729642,0.9362549800796812,2599,2,False,False
TLT,mars_sign,fwd_vol_5d,0.0560663940997082,0.0679881648569027,0.0084617083923683,-0.0119217707571945,-1.4089082493018497,0.9362549800796812,2595,12,False,False
SPY,eclipse_window,fwd_absret_1d,0.0007438564209627,0.0016959508810227,0.0007416215742911,-0.0009520944600599,-1.2838009209346986,0.9402390438247012,2599,2,False,False
IWM,harmonic_3_count_q5,fwd_vol_5d,0.0102825329613398,0.0163911353872358,0.0042829959546907,-0.0061086024258959,-1.4262452009103253,0.9402390438247012,2595,5,False,False
XLE,mars_saturn_hard_aspect,fwd_ret_1d,0.0007641718690563,0.0020911645607315,0.0009099947814929,-0.0013269926916752,-1.4582420895844437,0.9402390438247012,2599,2,False,False
XLE,moon_decl_sign,fwd_ret_1d,0.0010463048307567,0.0022173311341562,0.0008175425838098,-0.0011710263033994,-1.4323734648077089,0.9402390438247012,2599,2,False,False
IWM,lunar_8phase,fwd_absret_1d,0.0081474935329751,0.0115643772032732,0.0019144246581753,-0.003416883670298,-1.7848096845736885,0.9442231075697212,2599,8,False,False
SPY,soft_aspect_count_q5,fwd_vol_5d,0.0099292112000855,0.0185128020369668,0.0061784212129159,-0.0085835908368813,-1.3892854729517847,0.9442231075697212,2595,5,False,False
IWM,mercury_out_of_bounds,fwd_absret_1d,0.0007086229907644,0.0018458340586311,0.000939174921523,-0.0011372110678666,-1.2108618339408923,0.9442231075697212,2599,2,False,False
XLK,mars_retrograde,fwd_vol_5d,0.0018634297149326,0.0094548399774554,0.0070743147748611,-0.0075914102625227,-1.073094780783451,0.9442231075697212,2595,2,False,False
XLK,aspect_trine_count_q5,fwd_vol_5d,0.0094601195816033,0.0177183121470949,0.0067066397354118,-0.0082581925654916,-1.2313457843705886,0.9482071713147412,2595,5,False,False
XLK,uranus_retrograde,fwd_vol_5d,0.0029430387502966,0.0079741089640944,0.0039371569829415,-0.0050310702137978,-1.2778434376876195,0.9482071713147412,2595,2,False,False
TLT,lunar_8phase,fwd_absret_1d,0.0086190927019633,0.0117168148794603,0.0018865589897975,-0.003097722177497,-1.6419959271082705,0.9482071713147412,2599,8,False,False
IWM,saturn_retrograde,fwd_ret_1d,0.0018183350587551,0.0031181732371758,0.0009271516263142,-0.0012998381784207,-1.401969366745309,0.9482071713147412,2599,2,False,False
XLE,eclipse_window,fwd_ret_1d,0.0007022437153534,0.0017854928929952,0.0009040442253801,-0.0010832491776418,-1.198225869078851,0.952191235059761,2599,2,False,False
SLV,sun_sign,fwd_absret_1d,0.0168387086637052,0.0212788008204356,0.0029108310016351,-0.0044400921567304,-1.5253692688569835,0.952191235059761,2599,12,False,False
XLE,aspect_square_count_q5,fwd_absret_1d,0.0059369005901477,0.0097082832134084,0.0023656549238743,-0.0037713826232607,-1.594223479172565,0.952191235059761,2599,5,False,False
IWM,sun_element,fwd_vol_5d,0.0107819243011036,0.0134022108668447,0.0016956223111431,-0.0026202865657411,-1.5453244207282018,0.952191235059761,2595,4,False,False
SPY,aspect_trine_count_q5,fwd_absret_1d,0.0051288055157917,0.0093984955450211,0.0029515916031407,-0.0042696900292293,-1.4465720883221256,0.952191235059761,2599,5,False,False
QQQ,eclipse_window,fwd_ret_1d,0.000555367504801,0.0016469124616799,0.0007900636303614,-0.0010915449568788,-1.3815911971285642,0.952191235059761,2599,2,False,False
TLT,aspect_trine_count_q5,fwd_vol_5d,0.0079469598403458,0.0188720267150794,0.0084467387029971,-0.0109250668747335,-1.2934065156836347,0.9561752988047808,2595,5,False,False
XLF,harmonic_4_count_q5,fwd_ret_1d,0.004877660188249,0.0076394594889047,0.0018673008736699,-0.0027617993006557,-1.4790328326831317,0.9561752988047808,2599,5,False,False
XLE,moon_sign,fwd_vol_5d,0.0196108129546852,0.023500656171588,0.0026829192351546,-0.0038898432169028,-1.4498547574350025,0.9561752988047808,2595,12,False,False
XLF,moon_decl_q4,fwd_vol_5d,0.0041193903263838,0.0065187520411002,0.001634429564174,-0.0023993617147164,-1.4680116949114306,0.9561752988047808,2595,4,False,False
XLK,harmonic_3_count_q5,fwd_vol_5d,0.0095731350694932,0.0161198226559692,0.0055287166998143,-0.006546687586476,-1.1841242628141648,0.9561752988047808,2595,5,False,False
IWM,eclipse_window,fwd_ret_1d,0.0007342821473373,0.0017529133460728,0.0008104403003296,-0.0010186311987354,-1.25688616215294,0.9561752988047808,2599,2,False,False
XLK,pluto_out_of_bounds,fwd_absret_1d,0.0008020044440857,0.0038520248623646,0.0025605189001203,-0.0030500204182788,-1.191172780695143,0.9561752988047808,2599,2,False,False
SPY,aspect_trine_count_q5,fwd_vol_5d,0.0096781232058657,0.017436238055677,0.0068303985428743,-0.0077581148498112,-1.135821694900188,0.9561752988047808,2595,5,False,False
XLK,venus_sign,fwd_absret_1d,0.0217081897246609,0.0271311398311003,0.0037576757254501,-0.0054229501064394,-1.4431660693099717,0.9601593625498008,2599,12,False,False
QQQ,lunar_8phase,fwd_vol_5d,0.012210409131023,0.016567225541394,0.0023080402647521,-0.0043568164103709,-1.887669152443851,0.9601593625498008,2595,8,False,False
QQQ,lunar_4phase,fwd_ret_1d,0.004490378640494,0.0065998100185398,0.0013602574540768,-0.0021094313780458,-1.550758918264772,0.9601593625498008,2599,4,False,False
XLF,sun_element,fwd_absret_1d,0.005379686877626,0.0069761279781372,0.000979988694581,-0.0015964411005111,-1.6290403239740254,0.9601593625498008,2599,4,False,False
IWM,mars_retrograde,fwd_vol_5d,0.0017907470714922,0.0067317641763219,0.0048977049364034,-0.0049410171048297,-1.008843360102066,0.9601593625498008,2595,2,False,False
GLD,aspect_trine_count_q5,fwd_ret_1d,0.0050954986398718,0.0084558687363052,0.0021537683760736,-0.0033603700964333,-1.5602281720559878,0.9641434262948207,2599,5,False,False
TLT,jupiter_retrograde,fwd_vol_5d,0.0025948149877707,0.0056514834372238,0.00225267532353,-0.003056668449453,-1.3569059054028163,0.9641434262948207,2595,2,False,False
XLE,mars_saturn_hard_aspect,fwd_absret_1d,0.0006582472497126,0.0020409918754025,0.0008680422786553,-0.0013827446256899,-1.592946172889082,0.9641434262948207,2599,2,False,False
GLD,mars_saturn_hard_aspect,fwd_vol_5d,0.0015502440491338,0.0051512695619529,0.0030627405211831,-0.0036010255128191,-1.1757527246963777,0.9641434262948207,2595,2,False,False
XLE,aspect_square_count_q5,fwd_vol_5d,0.0101747684939247,0.0172278037265923,0.0044823897607475,-0.0070530352326675,-1.573498872059552,0.9641434262948207,2595,5,False,False
XLE,pluto_retrograde,fwd_vol_5d,0.0018283715195269,0.0054933801465617,0.0024577748437966,-0.0036650086270347,-1.4911897386715876,0.9641434262948207,2595,2,False,False
IWM,moon_decl_q4,fwd_ret_1d,0.0030638779184208,0.0052430719555574,0.0014519878709749,-0.0021791940371365,-1.5008348765842678,0.9641434262948207,2599,4,False,False
IWM,moon_sign,fwd_absret_1d,0.0157854551357947,0.0195802241600891,0.0024394788797102,-0.0037947690242944,-1.5555654348379615,0.9681274900398408,2599,12,False,False
IWM,moon_perigee_q4,fwd_vol_5d,0.0039831888604139,0.0077672785856194,0.0021319205854486,-0.0037840897252054,-1.774967487547925,0.9681274900398408,2595,4,False,False
SPY,aspect_square_count_q5,fwd_vol_5d,0.0087757892753585,0.0150127738700634,0.0041840801499674,-0.0062369845947049,-1.4906465390615264,0.9721115537848606,2595,5,False,False
SPY,moon_perigee_q4,fwd_absret_1d,0.0036262098154444,0.005781164853207,0.0012756796009066,-0.0021549550377626,-1.6892604038123291,0.9721115537848606,2599,4,False,False
XLE,moon_decl_q4,fwd_absret_1d,0.0038519037846658,0.0062191834457464,0.0016645752702092,-0.0023672796610805,-1.4221523673020264,0.9721115537848606,2599,4,False,False
XLK,mercury_sign,fwd_vol_5d,0.0511601198813679,0.0635278289298826,0.0078325370704984,-0.0123677090485147,-1.5790169822621214,0.9721115537848606,2595,12,False,False
TLT,lunar_4phase,fwd_vol_5d,0.0029896557072976,0.0055563936355352,0.0015670815374494,-0.0025667379282375,-1.6379096217387106,0.9721115537848606,2595,4,False,False
XLE,mercury_out_of_bounds,fwd_ret_1d,0.0006362654644062,0.0018601366239152,0.0008063899517763,-0.001223871159509,-1.517716282070555,0.9721115537848606,2599,2,False,False
GLD,mercury_out_of_bounds,fwd_absret_1d,0.0006549041248738,0.0018218808116798,0.0008102095911526,-0.0011669766868059,-1.440339264739827,0.9760956175298804,2599,2,False,False
SPY,lunar_8phase,fwd_ret_1d,0.0077740983230567,0.0110723221429509,0.0018070060626714,-0.0032982238198941,-1.8252422545932705,0.9760956175298804,2599,8,False,False
XLK,moon_decl_sign,fwd_ret_1d,0.000498252241969,0.0015144367377438,0.0006746153780451,-0.0010161844957748,-1.5063168271074583,0.9760956175298804,2599,2,False,False
XLF,harmonic_4_count_q5,fwd_absret_1d,0.0047422606254074,0.0080396763595822,0.0018061540340349,-0.0032974157341747,-1.8256558809706191,0.9760956175298804,2599,5,False,False
GLD,mars_sign,fwd_ret_1d,0.0164919665644377,0.022821161184976,0.0031014112849337,-0.0063291946205382,-2.0407466276029624,0.9760956175298804,2599,12,False,False
IWM,jupiter_retrograde,fwd_vol_5d,0.0015894034458891,0.0069932880508294,0.0038120967189721,-0.0054038846049402,-1.417562303192907,0.9800796812749004,2595,2,False,False
QQQ,moon_sign,fwd_ret_1d,0.0146978916605212,0.0194736849889179,0.0026051125835895,-0.0047757933283966,-1.8332387469473763,0.9800796812749004,2599,12,False,False
TLT,saturn_retrograde,fwd_absret_1d,0.0009548918975959,0.0022799234506996,0.0008188048804487,-0.0013250315531037,-1.6182506782049315,0.9800796812749004,2599,2,False,False
SPY,mars_out_of_bounds,fwd_absret_1d,0.000646121250487,0.0034904623531353,0.0028842714733993,-0.0028443411026483,-0.9861558209345732,0.9800796812749004,2599,2,False,False
TLT,harmonic_3_count_q5,fwd_vol_5d,0.008635920390618,0.0174446412568809,0.0055519610037866,-0.0088087208662628,-1.5865963143932271,0.9800796812749004,2595,5,False,False
SPY,harmonic_3_count_q5,fwd_vol_5d,0.007675664423955,0.0161490684410388,0.0047140653354353,-0.0084734040170838,-1.797472757407439,0.9840637450199204,2595,5,False,False
QQQ,harmonic_3_count_q5,fwd_vol_5d,0.009322454381996,0.0162369635973246,0.0048303604375488,-0.0069145092153285,-1.4314685839132146,0.9840637450199204,2595,5,False,False
USO,jupiter_sign,fwd_ret_1d,0.0337171194065173,0.0405835997909002,0.0039082447417126,-0.0068664803843829,-1.7569217994710398,0.9880478087649402,2599,11,False,False
XLK,aspect_square_count_q5,fwd_absret_1d,0.0051373177852997,0.0088691893840676,0.001940515330167,-0.0037318715987679,-1.9231343039411744,0.9880478087649402,2599,5,False,False
XLE,eclipse_window,fwd_absret_1d,0.0005788716446595,0.0017744847047919,0.0007172655532022,-0.0011956130601323,-1.6669043352138555,0.9880478087649402,2599,2,False,False
IWM,soft_aspect_count_q5,fwd_ret_1d,0.0051908332100079,0.0096788293083914,0.0025609871731821,-0.0044879960983834,-1.7524477066423172,0.9880478087649402,2599,5,False,False
SLV,lunar_8phase,fwd_vol_5d,0.0115225653495431,0.0162982763630838,0.0022446080541981,-0.0047757110135406,-2.1276369407159836,0.9880478087649402,2595,8,False,False
QQQ,aspect_square_count_q5,fwd_vol_5d,0.0062672788256264,0.0152458121375435,0.0040410316802098,-0.0089785333119171,-2.22184185189337,0.9920318725099602,2595,5,False,False
IWM,pluto_out_of_bounds,fwd_absret_1d,0.0004954887656401,0.0031223341079848,0.0025927718125071,-0.0026268453423446,-1.0131417387651285,0.9920318725099602,2599,2,False,False
XLF,mars_retrograde,fwd_absret_1d,0.0004601493414946,0.0036923918443516,0.0025108396570312,-0.003232242502857,-1.2873153782662368,0.9920318725099602,2599,2,False,False
XLK,moon_decl_sign,fwd_absret_1d,0.0003678180123869,0.0016719987647911,0.0006899719526474,-0.0013041807524042,-1.890193865707191,0.9920318725099602,2599,2,False,False
IWM,moon_sign,fwd_ret_1d,0.0129466097877573,0.0184698480355153,0.0024550628298852,-0.0055232382477579,-2.249733970358751,0.9920318725099602,2599,12,False,False
XLE,mars_retrograde,fwd_absret_1d,0.0006207297597613,0.0030915950420966,0.0018583177610461,-0.0024708652823353,-1.3296247467087023,0.99601593625498,2599,2,False,False
USO,pluto_retrograde,fwd_ret_1d,0.0002741497200108,0.0015148253922282,0.0008182050325849,-0.0012406756722174,-1.51633835384485,0.99601593625498,2599,2,False,False
IWM,pluto_out_of_bounds,fwd_ret_1d,0.0005775073542097,0.0035025997876669,0.0026001821264446,-0.0029250924334572,-1.1249567496477129,0.99601593625498,2599,2,False,False
XLK,hard_aspect_count_q5,fwd_absret_1d,0.0042802218426033,0.0077405868342364,0.0016158527941682,-0.003460364991633,-2.1415100460399805,0.99601593625498,2599,5,False,False
TLT,mercury_retrograde,fwd_ret_1d,0.0004880443479742,0.0022742094574987,0.0010275323494292,-0.0017861651095245,-1.7383054757513188,1.0,2599,2,False,False
XLK,hard_aspect_count_q5,fwd_ret_1d,0.0034416584208631,0.0075696829908895,0.0016338770521978,-0.0041280245700263,-2.5265209303683154,1.0,2599,5,False,False
QQQ,pluto_out_of_bounds,fwd_vol_5d,0.0015370688241585,0.0104444904634089,0.0066600981895204,-0.0089074216392504,-1.337430978610209,1.0,2595,2,False,False
XLK,mars_saturn_hard_aspect,fwd_absret_1d,0.000297871581597,0.0020751020662003,0.0009341017034337,-0.0017772304846033,-1.9026091892031451,1.0,2599,2,False,False
GLD,mercury_out_of_bounds,fwd_ret_1d,0.0004236428601482,0.0018011681673757,0.0007895140570945,-0.0013775253072275,-1.7447761630704506,1.0,2599,2,False,False
XLK,pluto_out_of_bounds,fwd_vol_5d,0.000761587250454,0.0106002329818092,0.0062208043707223,-0.0098386457313552,-1.5815713121698505,1.0,2595,2,False,False
XLE,aspect_opposition_count_q5,fwd_vol_5d,0.0185619036693582,0.0463366202389815,0.0192821308132949,-0.0277747165696233,-1.4404381361458647,1.0,2595,5,False,False
XLE,moon_near_new,fwd_vol_5d,0.000276796687703,0.0020863998881325,0.0009347270623541,-0.0018096032004295,-1.935969625049768,1.0,2595,2,False,False
GLD,jupiter_retrograde,fwd_vol_5d,0.0016905035198176,0.0075992859742541,0.0036629048873544,-0.0059087824544365,-1.613141109624665,1.0,2595,2,False,False
QQQ,lunar_8phase,fwd_ret_1d,0.0089006639029289,0.0143068433889144,0.0019139415337392,-0.0054061794859855,-2.8246314689788603,1.0,2599,8,False,False
