feature,cell,n_assets,tot_obs,pooled_ic,frac_sign,null_std,p,bh_crit,bh_pass,abs_ic
harmonic_6_count,era_pre,27,22022,0.01925897816100901,0.5925925925925926,0.006660792038153469,0.001996007984031936,7.102272727272728e-05,True,0.01925897816100901
pluto_speed_deg,fund_hi,17,2023,0.06742642437918919,1.0,0.021750757881141055,0.001996007984031936,0.00014204545454545457,True,0.06742642437918919
mars_helio_lon_deg__cos,fund_hi,17,2023,-0.07638885761383897,0.9411764705882353,0.018216939976221837,0.001996007984031936,0.0002130681818181818,True,0.07638885761383897
harmonic_4_count,fund_lo,17,41499,0.016719258930256893,1.0,0.004697238336769808,0.001996007984031936,0.00028409090909090913,True,0.016719258930256893
moon_illum_frac,era_post,27,47490,0.025455569530050022,0.8888888888888888,0.0050806831257662645,0.001996007984031936,0.0003551136363636364,True,0.025455569530050022
moon_illum_frac,vol_hi,27,27664,0.02318732858651293,0.8148148148148148,0.006604034595772657,0.001996007984031936,0.0004261363636363636,True,0.02318732858651293
moon_illum_frac,vol_lo,27,41848,0.01809213724477448,0.8148148148148148,0.005065231846795097,0.001996007984031936,0.000497159090909091,True,0.01809213724477448
moon_illum_frac,trend_up,27,34944,0.025176858202036433,0.7777777777777778,0.006317296218331292,0.001996007984031936,0.0005681818181818183,True,0.025176858202036433
moon_illum_frac,fund_lo,17,41499,0.02139140657865199,0.8823529411764706,0.004739502967856241,0.001996007984031936,0.0006392045454545456,True,0.02139140657865199
mars_helio_lon_deg__cos,trend_dn,27,34568,-0.0332655253345207,1.0,0.006278226480702806,0.001996007984031936,0.0007102272727272727,True,0.0332655253345207
moon_synodic_age,vol_hi,27,27664,0.01846620992499661,0.7407407407407407,0.006073394819588924,0.001996007984031936,0.00078125,True,0.01846620992499661
moon_synodic_age,vol_lo,27,41848,-0.02061398295336901,0.7407407407407407,0.0048304727956931534,0.001996007984031936,0.0008522727272727272,True,0.02061398295336901
moon_synodic_age,fund_hi,17,2023,0.08170124458890876,0.8823529411764706,0.023287495373601797,0.001996007984031936,0.0009232954545454546,True,0.08170124458890876
mars_helio_lon_deg__cos,vol_lo,27,41848,-0.019655912355529555,0.8888888888888888,0.004478314418534278,0.001996007984031936,0.000994318181818182,True,0.019655912355529555
moon_days_to_new,vol_lo,27,41848,0.020764518974304345,0.7407407407407407,0.005158091263758786,0.001996007984031936,0.001065340909090909,True,0.020764518974304345
mars_helio_lon_deg__cos,era_post,27,47490,-0.014026686625739724,0.8518518518518519,0.004326373593521711,0.001996007984031936,0.0011363636363636365,True,0.014026686625739724
moon_days_to_new,fund_hi,17,2023,-0.08105485334791672,0.8823529411764706,0.02386912156466078,0.001996007984031936,0.0012073863636363636,True,0.08105485334791672
mars_helio_lon_deg__sin,fund_lo,17,41499,0.026430938772607517,1.0,0.004594101339066533,0.001996007984031936,0.0012784090909090911,True,0.026430938772607517
mars_helio_lon_deg__sin,trend_dn,27,34568,0.02848048638005439,0.8518518518518519,0.00667350219512544,0.001996007984031936,0.0013494318181818182,True,0.02848048638005439
harmonic_4_count,era_post,27,47490,0.0166043398035691,0.8888888888888888,0.004604093846342855,0.001996007984031936,0.0014204545454545455,True,0.0166043398035691
neptune_lon_deg__sin,fund_hi,17,2023,-0.09887761933609195,1.0,0.02022250234040281,0.001996007984031936,0.0014914772727272728,True,0.09887761933609195
harmonic_2_count,fund_lo,17,41499,0.023997413949962573,0.9411764705882353,0.004669785437653199,0.001996007984031936,0.0015625,True,0.023997413949962573
jupiter_helio_lon_deg__cos,era_pre,27,22022,0.037354661266254745,0.8888888888888888,0.008975297294583347,0.001996007984031936,0.0016335227272727274,True,0.037354661266254745
harmonic_5_count,fund_lo,17,41499,-0.014094362086897561,0.8823529411764706,0.004689102351323189,0.001996007984031936,0.0017045454545454545,True,0.014094362086897561
pluto_lon_deg__cos,era_pre,27,22022,0.04010267344039026,0.8888888888888888,0.007697271309059126,0.001996007984031936,0.001775568181818182,True,0.04010267344039026
neptune_decl_deg,fund_lo,17,41499,-0.01724405598198267,0.8823529411764706,0.004681455008918223,0.001996007984031936,0.0018465909090909093,True,0.01724405598198267
saturn_decl_deg,era_pre,27,22022,0.047370458616298794,1.0,0.00866559571110876,0.001996007984031936,0.0019176136363636366,True,0.047370458616298794
sun_lon_deg__cos,era_pre,27,22022,0.019625959259311057,0.8518518518518519,0.005265796887795138,0.001996007984031936,0.001988636363636364,True,0.019625959259311057
saturn_decl_deg,fund_hi,17,2023,-0.08775912637882702,0.9411764705882353,0.019341208932280262,0.001996007984031936,0.0020596590909090907,True,0.08775912637882702
saturn_decl_deg,fund_lo,17,41499,-0.015971086001556042,0.8823529411764706,0.004700731309506701,0.001996007984031936,0.002130681818181818,True,0.015971086001556042
uranus_speed_deg,era_pre,27,22022,0.01757891323323522,0.8518518518518519,0.0053575575091888376,0.001996007984031936,0.0022017045454545458,True,0.01757891323323522
uranus_speed_deg,era_post,27,47490,-0.015336296445934034,0.7407407407407407,0.0039319378028933715,0.001996007984031936,0.002272727272727273,True,0.015336296445934034
sun_lon_deg__sin,fund_hi,17,2023,-0.0792495731899011,0.9411764705882353,0.022045467182617497,0.001996007984031936,0.0023437500000000003,True,0.0792495731899011
sun_lon_deg__sin,trend_up,27,34944,-0.017390664334625005,0.7777777777777778,0.005390653492274283,0.001996007984031936,0.002414772727272727,True,0.017390664334625005
saturn_helio_lon_deg__cos,fund_lo,17,41499,-0.015383283238544323,0.8823529411764706,0.0048801407273417596,0.001996007984031936,0.0024857954545454545,True,0.015383283238544323
saturn_lon_deg__cos,fund_hi,17,2023,-0.090339896745998,0.9411764705882353,0.020140750839859382,0.001996007984031936,0.0025568181818181822,True,0.090339896745998
neptune_lon_deg__cos,era_post,27,47490,-0.01692690122863998,0.7407407407407407,0.004541305609203931,0.001996007984031936,0.0026278409090909095,True,0.01692690122863998
saturn_lon_deg__cos,fund_lo,17,41499,-0.017041450167448152,0.8823529411764706,0.0049871117308728,0.001996007984031936,0.0026988636363636364,True,0.017041450167448152
uranus_lon_deg__sin,fund_lo,17,41499,-0.015446096720608867,0.8235294117647058,0.004860183151449729,0.001996007984031936,0.0027698863636363637,True,0.015446096720608867
harmonic_8_count,fund_lo,17,41499,0.01905495018393345,0.8823529411764706,0.004875694511044644,0.001996007984031936,0.002840909090909091,True,0.01905495018393345
uranus_decl_deg,fund_lo,17,41499,-0.015526541402269887,0.8235294117647058,0.004914263691713862,0.001996007984031936,0.0029119318181818183,True,0.015526541402269887
neptune_speed_deg,era_pre,27,22022,0.018334793914254185,0.8148148148148148,0.005489491822909534,0.001996007984031936,0.0029829545454545456,True,0.018334793914254185
harmonic_8_count,vol_hi,27,27664,0.01886926208164665,0.8518518518518519,0.005486639333063184,0.001996007984031936,0.003053977272727273,True,0.01886926208164665
harmonic_8_count,era_post,27,47490,0.023849363478332292,0.9259259259259259,0.0047873524509960755,0.001996007984031936,0.003125,True,0.023849363478332292
harmonic_6_count,fund_lo,17,41499,0.013622057028642639,0.9411764705882353,0.004452008307444295,0.001996007984031936,0.0031960227272727275,True,0.013622057028642639
saturn_helio_lon_deg__sin,era_pre,27,22022,0.03903469660155383,0.9259259259259259,0.008307879341540819,0.001996007984031936,0.0032670454545454548,True,0.03903469660155383
harmonic_6_count,vol_lo,27,41848,0.014762920640067883,0.7777777777777778,0.004899636373443964,0.001996007984031936,0.0033380681818181816,True,0.014762920640067883
neptune_decl_deg,fund_hi,17,2023,-0.10166752380545027,1.0,0.02050431312832823,0.001996007984031936,0.003409090909090909,True,0.10166752380545027
bradley_siderograph,vol_hi,27,27664,-0.014226795254516313,0.7407407407407407,0.004555320973303599,0.001996007984031936,0.0034801136363636362,True,0.014226795254516313
uranus_helio_lon_deg__sin,fund_lo,17,41499,-0.015789769227288208,0.8235294117647058,0.004903814384409099,0.001996007984031936,0.003551136363636364,True,0.015789769227288208
harmonic_2_count,trend_dn,27,34568,0.018310893901614396,0.8518518518518519,0.005423873613584551,0.001996007984031936,0.0036221590909090912,True,0.018310893901614396
harmonic_2_count,trend_up,27,34944,0.020928728241565064,0.7777777777777778,0.005521254846524564,0.001996007984031936,0.0036931818181818185,True,0.020928728241565064
mercury_helio_lon_deg__sin,era_post,27,47490,0.013771110896433403,0.7037037037037037,0.004391422512902483,0.001996007984031936,0.003764204545454546,True,0.013771110896433403
neptune_lon_deg__cos,fund_lo,17,41499,-0.020156083266516345,0.8823529411764706,0.004637265610272121,0.001996007984031936,0.003835227272727273,True,0.020156083266516345
pluto_lon_deg__cos,fund_hi,17,2023,-0.09828039002557926,1.0,0.02002239686054881,0.001996007984031936,0.00390625,True,0.09828039002557926
aspect_trine_count_tight,vol_hi,27,27664,-0.025052974006740468,0.9259259259259259,0.005428208234344698,0.001996007984031936,0.003977272727272728,True,0.025052974006740468
aspect_trine_count_tight,era_post,27,47490,-0.01569028357928589,0.7777777777777778,0.0044483486838722466,0.001996007984031936,0.004048295454545455,True,0.01569028357928589
aspect_tightness_stress,era_pre,27,22022,0.023722627711308574,0.8518518518518519,0.0064716155329763375,0.001996007984031936,0.0041193181818181815,True,0.023722627711308574
aspect_tightness_stress,era_post,27,47490,0.014006661346658717,0.8518518518518519,0.004104886539447323,0.001996007984031936,0.004190340909090909,True,0.014006661346658717
aspect_tightness_stress,vol_hi,27,27664,0.021709936083136528,0.9259259259259259,0.005564872338467001,0.001996007984031936,0.004261363636363636,True,0.021709936083136528
aspect_tightness_stress,trend_up,27,34944,0.01978850712661194,0.7037037037037037,0.005297260247536771,0.001996007984031936,0.004332386363636364,True,0.01978850712661194
aspect_conjunction_count_tight,era_pre,27,22022,0.022931641196004843,0.7407407407407407,0.0066556016380764135,0.001996007984031936,0.0044034090909090915,True,0.022931641196004843
aspect_conjunction_count_tight,era_post,27,47490,0.01565591207211332,0.8518518518518519,0.0046492283679802505,0.001996007984031936,0.004474431818181818,True,0.01565591207211332
aspect_conjunction_count_tight,vol_hi,27,27664,0.020005336920764054,0.7407407407407407,0.00546108753015156,0.001996007984031936,0.004545454545454546,True,0.020005336920764054
aspect_conjunction_count_tight,trend_up,27,34944,0.026818893511401157,1.0,0.005166702429811662,0.001996007984031936,0.004616477272727273,True,0.026818893511401157
pluto_lon_deg__sin,era_pre,27,22022,0.04010267344039026,0.8888888888888888,0.007599104863044099,0.001996007984031936,0.004687500000000001,True,0.04010267344039026
aspect_conjunction_count_tight,fund_lo,17,41499,0.01548802673583914,0.9411764705882353,0.004877582738155349,0.001996007984031936,0.0047585227272727276,True,0.01548802673583914
aspect_sextile_count_tight,era_pre,27,22022,0.019778823986266805,0.7407407407407407,0.006948087740041458,0.001996007984031936,0.004829545454545454,True,0.019778823986266805
pluto_lon_deg__sin,fund_hi,17,2023,-0.09828039002557926,1.0,0.021084800907131607,0.001996007984031936,0.004900568181818182,True,0.09828039002557926
pluto_lon_deg__cos,era_post,27,47490,-0.01471279487281329,0.7407407407407407,0.004583742289550855,0.001996007984031936,0.004971590909090909,True,0.01471279487281329
aspect_sextile_count_tight,trend_up,27,34944,0.026670101026306493,0.8518518518518519,0.0052919819578574855,0.001996007984031936,0.005042613636363637,True,0.026670101026306493
aspect_sextile_count_tight,trend_dn,27,34568,-0.016420946847283246,0.8148148148148148,0.00531482448080653,0.001996007984031936,0.0051136363636363645,True,0.016420946847283246
aspect_sextile_count_tight,fund_hi,17,2023,0.1447639852250652,1.0,0.020596823941987235,0.001996007984031936,0.005184659090909091,True,0.1447639852250652
aspect_trine_count_tight,fund_lo,17,41499,-0.021138161238946473,1.0,0.004486387805176586,0.001996007984031936,0.005255681818181819,True,0.021138161238946473
aspect_opposition_count_tight,era_pre,27,22022,0.019797810612439445,0.7407407407407407,0.006395045386182547,0.001996007984031936,0.005326704545454546,True,0.019797810612439445
mercury_helio_lon_deg__sin,fund_lo,17,41499,0.012747754814146868,0.9411764705882353,0.004410917769544045,0.001996007984031936,0.005397727272727273,True,0.012747754814146868
aspect_opposition_count_tight,vol_lo,27,41848,0.01751301865408592,0.7407407407407407,0.004910631771754163,0.001996007984031936,0.0054687500000000005,True,0.01751301865408592
harmonic_2_count,vol_lo,27,41848,0.019725762344511472,0.6666666666666666,0.004652835566018487,0.001996007984031936,0.005539772727272727,True,0.019725762344511472
harmonic_2_count,vol_hi,27,27664,0.0187601296820573,0.7407407407407407,0.005682616011147479,0.001996007984031936,0.005610795454545455,True,0.0187601296820573
aspect_conjunction_count,era_pre,27,22022,0.027619992692826563,0.8148148148148148,0.006570792880325151,0.001996007984031936,0.005681818181818182,True,0.027619992692826563
harmonic_2_count,era_post,27,47490,0.019578450082068016,0.8518518518518519,0.004318102768510631,0.001996007984031936,0.005752840909090909,True,0.019578450082068016
aspect_conjunction_count,vol_hi,27,27664,0.017516927967136626,0.6296296296296297,0.005455653871715898,0.001996007984031936,0.005823863636363637,True,0.017516927967136626
harmonic_2_count,era_pre,27,22022,0.02208456965085514,0.5925925925925926,0.006719912961947905,0.001996007984031936,0.005894886363636364,True,0.02208456965085514
aspect_tightness_stress_tight,trend_up,27,34944,0.01627657157841995,0.6666666666666666,0.0050176078932221944,0.001996007984031936,0.005965909090909091,True,0.01627657157841995
aspect_tightness_stress_tight,vol_lo,27,41848,0.014711979331929836,0.7407407407407407,0.004891845012061073,0.001996007984031936,0.006036931818181819,True,0.014711979331929836
aspect_tightness_stress_tight,era_pre,27,22022,0.02908262740198862,0.8518518518518519,0.00651845327325665,0.001996007984031936,0.006107954545454546,True,0.02908262740198862
venus_helio_lon_deg__sin,fund_lo,17,41499,-0.017102111855603567,0.9411764705882353,0.0047869794525427995,0.001996007984031936,0.0061789772727272735,True,0.017102111855603567
mars_helio_lon_deg__sin,era_post,27,47490,0.018072439072115212,0.8148148148148148,0.004257361521936765,0.001996007984031936,0.00625,True,0.018072439072115212
soft_aspect_count_tight,fund_hi,17,2023,0.1022959998930581,0.9411764705882353,0.021845480339059545,0.001996007984031936,0.006321022727272728,True,0.1022959998930581
soft_aspect_count_tight,era_pre,27,22022,0.019688448755886993,0.6666666666666666,0.006489334797880653,0.001996007984031936,0.006392045454545455,True,0.019688448755886993
venus_helio_lon_deg__sin,vol_hi,27,27664,-0.020258526367701875,0.8148148148148148,0.004804516521815503,0.001996007984031936,0.006463068181818183,True,0.020258526367701875
venus_helio_lon_deg__sin,era_post,27,47490,-0.013257603928881359,0.7777777777777778,0.004219966732043197,0.001996007984031936,0.0065340909090909095,True,0.013257603928881359
venus_helio_lon_deg__sin,era_pre,27,22022,-0.02175219724546937,0.8518518518518519,0.007072369565314054,0.001996007984031936,0.006605113636363637,True,0.02175219724546937
aspect_opposition_count_tight,fund_lo,17,41499,0.017418762157297055,0.9411764705882353,0.004506300641056768,0.001996007984031936,0.006676136363636363,True,0.017418762157297055
mercury_helio_lon_deg__cos,fund_hi,17,2023,0.11116715568408914,1.0,0.025492945586276607,0.001996007984031936,0.006747159090909092,True,0.11116715568408914
aspect_trine_count,trend_up,27,34944,-0.018479180986866336,0.8148148148148148,0.005277385539520922,0.001996007984031936,0.006818181818181818,True,0.018479180986866336
neptune_lon_deg__cos,fund_hi,17,2023,-0.09908568962251535,1.0,0.020179313100895904,0.001996007984031936,0.006889204545454546,True,0.09908568962251535
aspect_opposition_count,era_post,27,47490,0.020419968388396152,0.8518518518518519,0.004226797991649482,0.001996007984031936,0.0069602272727272724,True,0.020419968388396152
mercury_helio_lon_deg__cos,vol_hi,27,27664,0.019363436805855096,0.9259259259259259,0.005471052159790197,0.001996007984031936,0.00703125,True,0.019363436805855096
venus_helio_lon_deg__sin,trend_up,27,34944,-0.02642050157677886,0.8518518518518519,0.005654440748269535,0.001996007984031936,0.007102272727272728,True,0.02642050157677886
saturn_lon_deg__cos,era_pre,27,22022,0.03948734541253574,0.8888888888888888,0.008052313709832257,0.001996007984031936,0.007173295454545455,True,0.03948734541253574
pluto_lon_deg__sin,fund_lo,17,41499,-0.018497966858891605,0.8823529411764706,0.004937691311704234,0.001996007984031936,0.0072443181818181825,True,0.018497966858891605
mercury_speed_deg,vol_hi,27,27664,0.027455851458765054,0.8888888888888888,0.005859189690552342,0.001996007984031936,0.007315340909090909,True,0.027455851458765054
sun_decl_deg,fund_hi,17,2023,-0.07922580748820464,0.9411764705882353,0.021127444417162917,0.001996007984031936,0.007386363636363637,True,0.07922580748820464
mercury_speed_deg,fund_lo,17,41499,0.022425697097671893,1.0,0.005012955674838892,0.001996007984031936,0.007457386363636364,True,0.022425697097671893
mars_decl_deg,trend_dn,27,34568,0.024920851929395905,0.8148148148148148,0.006543698082741982,0.001996007984031936,0.007528409090909092,True,0.024920851929395905
saturn_lon_deg__sin,era_pre,27,22022,0.046100073335162056,0.9259259259259259,0.008187659063673268,0.001996007984031936,0.007599431818181818,True,0.046100073335162056
venus_lon_deg__cos,era_post,27,47490,-0.013409343329943518,0.8518518518518519,0.0040224940930726335,0.001996007984031936,0.007670454545454546,True,0.013409343329943518
venus_lon_deg__sin,era_post,27,47490,-0.015258768239544734,0.8148148148148148,0.004068490226322076,0.001996007984031936,0.007741477272727272,True,0.015258768239544734
moon_decl_deg,fund_lo,17,41499,-0.05279675687339843,1.0,0.007818720556823287,0.001996007984031936,0.0078125,True,0.05279675687339843
mars_decl_deg,era_pre,27,22022,0.02445832594190884,0.7777777777777778,0.006500727543002002,0.001996007984031936,0.007883522727272729,True,0.02445832594190884
venus_lon_deg__sin,fund_hi,17,2023,-0.08715744614818091,0.9411764705882353,0.020102412748634103,0.001996007984031936,0.007954545454545455,True,0.08715744614818091
mars_speed_deg,fund_lo,17,41499,-0.019513305119339266,1.0,0.004798760159749891,0.001996007984031936,0.008025568181818182,True,0.019513305119339266
mars_speed_deg,trend_dn,27,34568,-0.023906504949638897,0.7777777777777778,0.00585678802644205,0.001996007984031936,0.00809659090909091,True,0.023906504949638897
pluto_helio_lon_deg__cos,fund_lo,17,41499,-0.015789769227288208,0.8235294117647058,0.004796105644544867,0.001996007984031936,0.008167613636363638,True,0.015789769227288208
pluto_helio_lon_deg__sin,fund_lo,17,41499,-0.015789769227288208,0.8235294117647058,0.005003948407020292,0.001996007984031936,0.008238636363636363,True,0.015789769227288208
venus_decl_deg,fund_hi,17,2023,-0.08870302871749557,0.9411764705882353,0.02057802012061431,0.001996007984031936,0.008309659090909092,True,0.08870302871749557
mercury_decl_deg,fund_hi,17,2023,-0.09768817417162551,0.9411764705882353,0.0221533660609959,0.001996007984031936,0.008380681818181818,True,0.09768817417162551
venus_lon_deg__sin,trend_up,27,34944,-0.019916280352268886,0.7407407407407407,0.00565766727620195,0.001996007984031936,0.008451704545454545,True,0.019916280352268886
jupiter_lon_deg__cos,era_pre,27,22022,0.04327885335414487,0.8888888888888888,0.009047756035671588,0.001996007984031936,0.008522727272727272,True,0.04327885335414487
venus_decl_deg,trend_up,27,34944,-0.0220278891721851,0.7777777777777778,0.005673487849077251,0.001996007984031936,0.00859375,True,0.0220278891721851
moon_decl_deg,trend_dn,27,34568,-0.04482617915386988,0.9259259259259259,0.006986338568189902,0.001996007984031936,0.008664772727272728,True,0.04482617915386988
moon_decl_deg,trend_up,27,34944,-0.03819658775818986,0.9629629629629629,0.005496970372013867,0.001996007984031936,0.008735795454545454,True,0.03819658775818986
moon_decl_deg,era_post,27,47490,-0.053456046733153705,0.9629629629629629,0.007033211365674815,0.001996007984031936,0.008806818181818183,True,0.053456046733153705
venus_decl_deg,era_post,27,47490,-0.01679133718057725,0.8148148148148148,0.004282660837329565,0.001996007984031936,0.00887784090909091,True,0.01679133718057725
mercury_lon_deg__sin,fund_hi,17,2023,-0.09307856245200456,0.9411764705882353,0.020966944825713044,0.001996007984031936,0.008948863636363637,True,0.09307856245200456
mercury_lon_deg__sin,fund_lo,17,41499,-0.013115541800457606,0.8235294117647058,0.0042965866846534,0.001996007984031936,0.009019886363636364,True,0.013115541800457606
mercury_lon_deg__cos,era_pre,27,22022,0.018966267663713867,0.7777777777777778,0.0057222399880637554,0.001996007984031936,0.009090909090909092,True,0.018966267663713867
moon_decl_deg,vol_hi,27,27664,-0.04282370092551181,0.9629629629629629,0.006572281255499805,0.001996007984031936,0.009161931818181817,True,0.04282370092551181
saturn_lon_deg__sin,fund_lo,17,41499,-0.01653102315405817,0.8823529411764706,0.0047293300460941245,0.001996007984031936,0.009232954545454546,True,0.01653102315405817
moon_decl_deg,vol_lo,27,41848,-0.03878346406994501,0.8888888888888888,0.006751077509633259,0.001996007984031936,0.009303977272727273,True,0.03878346406994501
venus_speed_deg,trend_up,27,34944,0.022326463575397984,0.8518518518518519,0.006014471704610747,0.001996007984031936,0.009375000000000001,True,0.022326463575397984
mercury_speed_deg,era_pre,27,22022,0.019300824228862215,0.8518518518518519,0.005464906636449834,0.001996007984031936,0.009446022727272728,True,0.019300824228862215
mars_decl_deg,fund_lo,17,41499,0.014605261300480375,0.8823529411764706,0.004781366779778155,0.001996007984031936,0.009517045454545455,True,0.014605261300480375
mercury_decl_deg,era_post,27,47490,-0.013836672181693627,0.8148148148148148,0.00440183424488824,0.001996007984031936,0.009588068181818184,True,0.013836672181693627
moon_lon_deg__sin,trend_up,27,34944,-0.03887552783464379,0.9629629629629629,0.005504707007922132,0.001996007984031936,0.009659090909090909,True,0.03887552783464379
mars_lon_deg__sin,trend_dn,27,34568,0.020524285647668488,0.8148148148148148,0.006265554302580684,0.001996007984031936,0.009730113636363637,True,0.020524285647668488
saturn_lon_deg__sin,fund_hi,17,2023,-0.0885613587736714,0.9411764705882353,0.01880574698805727,0.001996007984031936,0.009801136363636364,True,0.0885613587736714
mercury_speed_deg,era_post,27,47490,0.022238145332534424,0.9629629629629629,0.004640057428244041,0.001996007984031936,0.009872159090909091,True,0.022238145332534424
uranus_helio_lon_deg__cos,fund_lo,17,41499,0.015789769227288208,0.8235294117647058,0.004747589657641108,0.001996007984031936,0.009943181818181818,True,0.015789769227288208
moon_node_lon_deg__sin,fund_lo,17,41499,0.02438601437020435,0.9411764705882353,0.005088595915187542,0.001996007984031936,0.010014204545454547,True,0.02438601437020435
sun_speed_deg,fund_hi,17,2023,0.07797201015437773,0.9411764705882353,0.020237041939601172,0.001996007984031936,0.010085227272727273,True,0.07797201015437773
moon_lon_deg__sin,era_post,27,47490,-0.05560089515081276,0.9629629629629629,0.007549168658872686,0.001996007984031936,0.01015625,True,0.05560089515081276
moon_lon_deg__sin,vol_hi,27,27664,-0.04203198001056418,0.9629629629629629,0.0061807962885510005,0.001996007984031936,0.010227272727272729,True,0.04203198001056418
moon_lon_deg__sin,vol_lo,27,41848,-0.03858383236665249,0.8518518518518519,0.006748024550513134,0.001996007984031936,0.010298295454545456,True,0.03858383236665249
moon_lon_deg__sin,trend_dn,27,34568,-0.04292173684347678,0.9629629629629629,0.007411715029162044,0.001996007984031936,0.010369318181818183,True,0.04292173684347678
neptune_helio_lon_deg__sin,fund_lo,17,41499,-0.015789769227288208,0.8235294117647058,0.004630148571378472,0.001996007984031936,0.01044034090909091,True,0.015789769227288208
mars_lon_deg__cos,trend_up,27,34944,0.01902009332656156,0.8148148148148148,0.0055677023640276786,0.001996007984031936,0.010511363636363638,True,0.01902009332656156
venus_speed_deg,vol_lo,27,41848,0.014796007389899207,0.7037037037037037,0.004678013028799868,0.001996007984031936,0.010582386363636363,True,0.014796007389899207
mars_lon_deg__cos,trend_dn,27,34568,-0.028108259372091864,1.0,0.006681289692618358,0.001996007984031936,0.010653409090909092,True,0.028108259372091864
moon_lon_deg__sin,fund_lo,17,41499,-0.052019866900955655,1.0,0.007650631037774357,0.001996007984031936,0.010724431818181819,True,0.052019866900955655
mercury_speed_deg,trend_dn,27,34568,0.027326506479325812,0.9629629629629629,0.0054304821990264745,0.001996007984031936,0.010795454545454546,True,0.027326506479325812
sun_decl_deg,trend_up,27,34944,-0.017438829078305067,0.7777777777777778,0.005214813641932464,0.001996007984031936,0.010866477272727272,True,0.017438829078305067
moon_decl_deg,fund_hi,17,2023,-0.07907162409782162,0.8823529411764706,0.02799981803715261,0.003992015968063872,0.010937500000000001,True,0.07907162409782162
pluto_lon_deg__sin,era_post,27,47490,-0.01471279487281329,0.7407407407407407,0.00475863450854672,0.003992015968063872,0.011008522727272728,True,0.01471279487281329
harmonic_4_count,vol_hi,27,27664,0.01833210845593836,0.8518518518518519,0.005606352751608503,0.003992015968063872,0.011079545454545455,True,0.01833210845593836
moon_lon_deg__sin,fund_hi,17,2023,-0.08413514936167368,0.8823529411764706,0.02961142287654062,0.003992015968063872,0.011150568181818183,True,0.08413514936167368
jupiter_decl_deg,fund_lo,17,41499,-0.01621466890967221,0.8823529411764706,0.004933745987759704,0.003992015968063872,0.01122159090909091,True,0.01621466890967221
mercury_helio_lon_deg__cos,trend_up,27,34944,0.01683491671623758,0.7407407407407407,0.005717318749010344,0.003992015968063872,0.011292613636363637,True,0.01683491671623758
pluto_lon_deg__cos,fund_lo,17,41499,-0.018497966858891605,0.8823529411764706,0.005083982044710303,0.003992015968063872,0.011363636363636364,True,0.018497966858891605
aspect_trine_count,fund_lo,17,41499,-0.013131170675966464,1.0,0.004657762333352574,0.003992015968063872,0.011434659090909093,True,0.013131170675966464
venus_helio_lon_deg__cos,era_post,27,47490,0.013509556671092215,0.7777777777777778,0.0040831895809267755,0.003992015968063872,0.011505681818181818,True,0.013509556671092215
saturn_helio_lon_deg__sin,fund_lo,17,41499,-0.015814446982082606,0.8235294117647058,0.005171108670665203,0.003992015968063872,0.011576704545454546,True,0.015814446982082606
harmonic_6_count,trend_up,27,34944,0.021202038333907762,0.8148148148148148,0.00523710561171092,0.003992015968063872,0.011647727272727273,True,0.021202038333907762
mars_lon_deg__cos,era_post,27,47490,-0.014588049491934504,0.8888888888888888,0.00422539965449189,0.003992015968063872,0.01171875,True,0.014588049491934504
neptune_lon_deg__sin,fund_lo,17,41499,-0.016722843915165445,0.8823529411764706,0.004913315896833103,0.003992015968063872,0.011789772727272729,True,0.016722843915165445
aspect_tightness_stress,fund_lo,17,41499,0.01633172782463273,0.9411764705882353,0.00476774278733601,0.003992015968063872,0.011860795454545455,True,0.01633172782463273
venus_helio_lon_deg__sin,fund_hi,17,2023,-0.05756596824588995,0.8235294117647058,0.017654337605273917,0.003992015968063872,0.011931818181818182,True,0.05756596824588995
mars_lon_deg__sin,era_pre,27,22022,0.019461646454115016,0.6296296296296297,0.006753093414799999,0.003992015968063872,0.01200284090909091,True,0.019461646454115016
mars_lon_deg__cos,vol_lo,27,41848,-0.014443136932028738,0.9259259259259259,0.004530520093938701,0.003992015968063872,0.012073863636363638,True,0.014443136932028738
uranus_speed_deg,fund_hi,17,2023,-0.06700270656205826,0.8235294117647058,0.020573482446313192,0.003992015968063872,0.012144886363636365,True,0.06700270656205826
sun_decl_deg,era_post,27,47490,-0.01117191349404092,0.7777777777777778,0.003900170462918643,0.003992015968063872,0.012215909090909092,True,0.01117191349404092
aspect_trine_count_tight,trend_up,27,34944,-0.018222664928589125,0.7037037037037037,0.0052495244219800665,0.003992015968063872,0.012286931818181818,True,0.018222664928589125
uranus_lon_deg__cos,fund_lo,17,41499,0.015446096720608867,0.8235294117647058,0.0045710152360843165,0.003992015968063872,0.012357954545454547,True,0.015446096720608867
jupiter_helio_lon_deg__sin,fund_lo,17,41499,-0.014162760575264725,0.8823529411764706,0.0051462081876401155,0.003992015968063872,0.012428977272727272,True,0.014162760575264725
moon_speed_deg,fund_hi,17,2023,-0.08696010189620637,0.9411764705882353,0.030816549934632124,0.003992015968063872,0.0125,True,0.08696010189620637
jupiter_lon_deg__sin,fund_lo,17,41499,-0.013854206750482255,0.8235294117647058,0.004704671920941032,0.003992015968063872,0.012571022727272728,True,0.013854206750482255
mercury_decl_deg,trend_up,27,34944,-0.015619149710079964,0.7037037037037037,0.005187802572705346,0.003992015968063872,0.012642045454545456,True,0.015619149710079964
moon_distance_km,era_pre,27,22022,0.013597536844565414,0.6296296296296297,0.004984160797103849,0.003992015968063872,0.012713068181818183,True,0.013597536844565414
hard_aspect_count,trend_up,27,34944,0.015071728446489905,0.7407407407407407,0.005397009903443063,0.003992015968063872,0.01278409090909091,True,0.015071728446489905
venus_decl_deg,fund_lo,17,41499,-0.012111830132846274,0.8823529411764706,0.004314472510433665,0.003992015968063872,0.012855113636363637,True,0.012111830132846274
harmonic_5_count,fund_hi,17,2023,0.07561880324212346,0.9411764705882353,0.02175680597980314,0.003992015968063872,0.012926136363636365,True,0.07561880324212346
soft_aspect_count_tight,trend_up,27,34944,0.017186683703474273,0.7037037037037037,0.00527674768867369,0.003992015968063872,0.012997159090909092,True,0.017186683703474273
mercury_lon_deg__sin,era_post,27,47490,-0.015491008067587124,0.8148148148148148,0.004283326474558671,0.003992015968063872,0.013068181818181819,True,0.015491008067587124
hard_aspect_count,vol_hi,27,27664,0.023729014559937357,0.8888888888888888,0.005880782722179577,0.003992015968063872,0.013139204545454544,True,0.023729014559937357
mars_lon_deg__cos,fund_hi,17,2023,-0.05782344631071751,0.8235294117647058,0.017834761324462108,0.003992015968063872,0.013210227272727275,True,0.05782344631071751
aspect_trine_count,era_post,27,47490,-0.012514011369059852,0.7407407407407407,0.004205840033317464,0.003992015968063872,0.013281250000000001,True,0.012514011369059852
moon_illum_frac,fund_hi,17,2023,0.07450074164002332,0.7647058823529411,0.025224698323415704,0.003992015968063872,0.013352272727272727,True,0.07450074164002332
mars_speed_deg,era_post,27,47490,-0.015857872794324913,0.6666666666666666,0.004319808402203498,0.003992015968063872,0.013423295454545457,True,0.015857872794324913
aspect_opposition_count_tight,era_post,27,47490,0.012686324737408425,0.7777777777777778,0.004357981650957337,0.003992015968063872,0.013494318181818184,True,0.012686324737408425
aspect_tightness_stress,trend_dn,27,34568,0.01373386919556567,0.6666666666666666,0.004987281761203697,0.003992015968063872,0.013565340909090909,True,0.01373386919556567
moon_perigee_apogee_prox,fund_hi,17,2023,0.07404319451333578,0.8823529411764706,0.029981765386776275,0.005988023952095809,0.013636363636363636,True,0.07404319451333578
mercury_speed_deg,vol_lo,27,41848,0.015475631841347596,0.8518518518518519,0.004966739557261684,0.005988023952095809,0.013707386363636366,True,0.015475631841347596
mercury_speed_deg,trend_up,27,34944,0.015536890218306109,0.8148148148148148,0.005272584234778216,0.005988023952095809,0.013778409090909091,True,0.015536890218306109
mars_lon_deg__sin,fund_lo,17,41499,0.013649453849757399,0.8823529411764706,0.0047019091689862475,0.005988023952095809,0.013849431818181818,True,0.013649453849757399
pluto_speed_deg,trend_up,27,34944,0.015149689941253267,0.7407407407407407,0.005497610834267694,0.005988023952095809,0.013920454545454545,True,0.015149689941253267
sun_speed_deg,trend_up,27,34944,0.015677680466827423,0.7777777777777778,0.005242616336163386,0.005988023952095809,0.013991477272727273,True,0.015677680466827423
jupiter_speed_deg,fund_hi,17,2023,-0.04708158593625778,0.7058823529411765,0.017735230372108803,0.005988023952095809,0.0140625,True,0.04708158593625778
harmonic_8_count,trend_dn,27,34568,0.013002762586273696,0.6666666666666666,0.005109162823902849,0.005988023952095809,0.014133522727272727,True,0.013002762586273696
harmonic_8_count,trend_up,27,34944,0.015109455947000255,0.7407407407407407,0.005038829165606391,0.005988023952095809,0.014204545454545456,True,0.015109455947000255
aspect_tightness_stress,vol_lo,27,41848,0.014349839918241026,0.7407407407407407,0.004834837566807132,0.005988023952095809,0.014275568181818183,True,0.014349839918241026
moon_node_lon_deg__sin,trend_up,27,34944,0.014287373670975658,0.7037037037037037,0.004943851183621363,0.005988023952095809,0.01434659090909091,True,0.014287373670975658
venus_lon_deg__cos,era_pre,27,22022,0.01702374017348272,0.7407407407407407,0.0058567114016344415,0.005988023952095809,0.014417613636363636,True,0.01702374017348272
harmonic_5_count,era_post,27,47490,-0.012541371646040887,0.7407407407407407,0.0044349566804663485,0.005988023952095809,0.014488636363636365,True,0.012541371646040887
hard_aspect_count_tight,trend_dn,27,34568,0.015322538940722625,0.7037037037037037,0.005018090111743832,0.005988023952095809,0.014559659090909092,True,0.015322538940722625
moon_illum_frac,trend_dn,27,34568,0.016142667443294016,0.7777777777777778,0.005814991514273536,0.005988023952095809,0.014630681818181819,True,0.016142667443294016
hard_aspect_count,era_post,27,47490,0.013544854121218678,0.7037037037037037,0.004437654419958228,0.005988023952095809,0.014701704545454546,True,0.013544854121218678
mars_helio_lon_deg__cos,trend_up,27,34944,0.014608420778889743,0.8148148148148148,0.005265608570863879,0.005988023952095809,0.014772727272727274,True,0.014608420778889743
moon_days_to_new,fund_lo,17,41499,0.013338436808079033,0.7647058823529411,0.004811196856402278,0.005988023952095809,0.014843750000000001,True,0.013338436808079033
moon_days_to_new,vol_hi,27,27664,-0.01841996023860065,0.7037037037037037,0.006412567514004499,0.005988023952095809,0.014914772727272728,True,0.01841996023860065
moon_synodic_age,fund_lo,17,41499,-0.013232803130109718,0.7647058823529411,0.004752124586908895,0.005988023952095809,0.014985795454545457,True,0.013232803130109718
harmonic_4_count,trend_dn,27,34568,0.017061479381863115,0.8518518518518519,0.005245418340817213,0.005988023952095809,0.015056818181818183,True,0.017061479381863115
hard_aspect_count_tight,fund_lo,17,41499,0.014314542336903395,0.8823529411764706,0.004815465738803259,0.007984031936127744,0.01512784090909091,True,0.014314542336903395
jupiter_decl_deg,vol_hi,27,27664,-0.013347159597936245,0.7407407407407407,0.004765283351788973,0.007984031936127744,0.015198863636363635,True,0.013347159597936245
mercury_lon_deg__sin,trend_up,27,34944,-0.01533388336198911,0.7407407407407407,0.005452578602847282,0.007984031936127744,0.015269886363636366,True,0.01533388336198911
moon_perigee_apogee_prox,era_pre,27,22022,0.013597536844565414,0.6296296296296297,0.004952368483871016,0.007984031936127744,0.015340909090909093,True,0.013597536844565414
neptune_decl_deg,era_post,27,47490,-0.013243120630626621,0.7037037037037037,0.004803860907928155,0.007984031936127744,0.015411931818181818,True,0.013243120630626621
pluto_helio_lon_deg__cos,trend_dn,27,34568,-0.01396769757333208,0.7777777777777778,0.005366238350624369,0.007984031936127744,0.015482954545454545,True,0.01396769757333208
mercury_decl_deg,fund_lo,17,41499,-0.011228700925880148,0.8235294117647058,0.004166423194156051,0.007984031936127744,0.015553977272727275,True,0.011228700925880148
aspect_conjunction_count,trend_up,27,34944,0.014131671417302915,0.7037037037037037,0.005449423644066705,0.007984031936127744,0.015625,True,0.014131671417302915
mars_helio_lon_deg__sin,vol_lo,27,41848,0.013172157469881613,0.6666666666666666,0.004573872310872821,0.007984031936127744,0.01569602272727273,True,0.013172157469881613
venus_helio_lon_deg__cos,fund_lo,17,41499,0.012656002734534409,0.9411764705882353,0.00475051983993677,0.007984031936127744,0.015767045454545457,True,0.012656002734534409
aspect_opposition_count,fund_hi,17,2023,0.058219179988820896,0.7647058823529411,0.02195377282257075,0.007984031936127744,0.015838068181818182,True,0.058219179988820896
moon_speed_deg,era_pre,27,22022,-0.014603734849360164,0.7037037037037037,0.004967126047522389,0.007984031936127744,0.01590909090909091,True,0.014603734849360164
hard_aspect_count_tight,era_post,27,47490,0.012926569768527192,0.8518518518518519,0.004805633166791912,0.00998003992015968,0.015980113636363636,True,0.012926569768527192
aspect_opposition_count_tight,trend_up,27,34944,0.012977229883542682,0.5185185185185185,0.005024930085228018,0.00998003992015968,0.016051136363636365,True,0.012977229883542682
mercury_helio_lon_deg__sin,trend_up,27,34944,0.016058411049359112,0.7037037037037037,0.005983929763587944,0.00998003992015968,0.016122159090909093,True,0.016058411049359112
sun_decl_deg,fund_lo,17,41499,-0.010466581877013542,0.8235294117647058,0.004354817606188179,0.00998003992015968,0.01619318181818182,True,0.010466581877013542
jupiter_lon_deg__cos,vol_hi,27,27664,-0.012372971599569363,0.6666666666666666,0.004607742149101025,0.00998003992015968,0.016264204545454543,True,0.012372971599569363
jupiter_lon_deg__cos,vol_lo,27,41848,0.014221661399309677,0.8148148148148148,0.005129079143229784,0.00998003992015968,0.016335227272727276,True,0.014221661399309677
sun_lon_deg__sin,era_post,27,47490,-0.011035185443345577,0.7777777777777778,0.004187114504068473,0.00998003992015968,0.01640625,True,0.011035185443345577
harmonic_6_count,era_post,27,47490,0.011479499329365555,0.8148148148148148,0.004230970956219488,0.00998003992015968,0.016477272727272726,True,0.011479499329365555
saturn_lon_deg__cos,era_post,27,47490,-0.01283032034103889,0.7037037037037037,0.004752628960243092,0.00998003992015968,0.016548295454545458,True,0.01283032034103889
neptune_helio_lon_deg__sin,trend_dn,27,34568,-0.01396769757333208,0.7777777777777778,0.005533163728327244,0.011976047904191617,0.016619318181818183,True,0.01396769757333208
uranus_helio_lon_deg__sin,era_pre,27,22022,0.032304580619773815,0.8888888888888888,0.008131579284999474,0.011976047904191617,0.016690340909090908,True,0.032304580619773815
venus_helio_lon_deg__cos,trend_up,27,34944,0.014984392956949387,0.7407407407407407,0.00613446195001106,0.011976047904191617,0.016761363636363637,True,0.014984392956949387
saturn_lon_deg__sin,era_post,27,47490,-0.012630943504293701,0.7037037037037037,0.004985826658667078,0.011976047904191617,0.016832386363636365,True,0.012630943504293701
mars_helio_lon_deg__sin,vol_hi,27,27664,0.01314161103132042,0.6666666666666666,0.005119147482495078,0.011976047904191617,0.01690340909090909,True,0.01314161103132042
aspect_opposition_count,era_pre,27,22022,-0.01804118550326421,0.6296296296296297,0.006878640909070897,0.011976047904191617,0.01697443181818182,True,0.01804118550326421
aspect_opposition_count_tight,trend_dn,27,34568,0.013649090374660106,0.7037037037037037,0.005350792352897648,0.011976047904191617,0.017045454545454544,True,0.013649090374660106
neptune_helio_lon_deg__sin,era_pre,27,22022,0.032304580619773815,0.8888888888888888,0.008281752242808318,0.013972055888223553,0.017116477272727273,True,0.032304580619773815
neptune_decl_deg,era_pre,27,22022,0.027111918855204004,0.5925925925925926,0.008094145341765046,0.013972055888223553,0.0171875,True,0.027111918855204004
neptune_lon_deg__cos,era_pre,27,22022,0.027295851700721435,0.6296296296296297,0.008057804617786308,0.013972055888223553,0.017258522727272727,True,0.027295851700721435
pluto_lon_deg__sin,trend_dn,27,34568,-0.013740959011719664,0.7037037037037037,0.005417239844203381,0.013972055888223553,0.017329545454545455,True,0.013740959011719664
mars_lon_deg__cos,era_pre,27,22022,0.01686438370998278,0.8148148148148148,0.00634348882584899,0.013972055888223553,0.017400568181818184,True,0.01686438370998278
moon_perigee_apogee_prox,fund_lo,17,41499,-0.010536338657184816,0.8235294117647058,0.004578667604464719,0.013972055888223553,0.01747159090909091,True,0.010536338657184816
aspect_tightness_stress_tight,vol_hi,27,27664,0.012844328602351414,0.7407407407407407,0.005471066729262984,0.013972055888223553,0.017542613636363637,True,0.012844328602351414
moon_lon_deg__cos,fund_hi,17,2023,-0.06816158992379659,0.7647058823529411,0.02909228566165827,0.013972055888223553,0.017613636363636366,True,0.06816158992379659
neptune_lon_deg__sin,era_post,27,47490,-0.012556723772222294,0.7037037037037037,0.0048172608114616005,0.013972055888223553,0.01768465909090909,True,0.012556723772222294
neptune_helio_lon_deg__cos,era_pre,27,22022,0.032304580619773815,0.8888888888888888,0.007994179956674135,0.013972055888223553,0.01775568181818182,True,0.032304580619773815
moon_lon_deg__cos,era_pre,27,22022,0.012249138836787824,0.6666666666666666,0.0050440640946037415,0.015968063872255488,0.017826704545454545,True,0.012249138836787824
jupiter_helio_lon_deg__cos,fund_lo,17,41499,0.009620603706384814,0.8235294117647058,0.004153380022246212,0.015968063872255488,0.017897727272727273,True,0.009620603706384814
moon_node_lon_deg__sin,vol_hi,27,27664,0.012435864763406775,0.7407407407407407,0.005104759180452649,0.015968063872255488,0.017968750000000002,True,0.012435864763406775
pluto_lon_deg__cos,trend_dn,27,34568,-0.013740959011719664,0.7037037037037037,0.005591931370536313,0.015968063872255488,0.018039772727272727,True,0.013740959011719664
uranus_helio_lon_deg__cos,era_pre,27,22022,-0.032304580619773815,0.8888888888888888,0.00808404823460789,0.015968063872255488,0.018110795454545456,True,0.032304580619773815
aspect_conjunction_count_tight,vol_lo,27,41848,0.013745924872945752,0.6296296296296297,0.005086754022896201,0.015968063872255488,0.018181818181818184,True,0.013745924872945752
venus_decl_deg,vol_hi,27,27664,-0.012902424771887125,0.7777777777777778,0.005082528478252939,0.015968063872255488,0.01825284090909091,True,0.012902424771887125
moon_days_to_new,trend_dn,27,34568,0.01371585504861706,0.5925925925925926,0.005563969811864574,0.015968063872255488,0.018323863636363635,True,0.01371585504861706
sun_lon_deg__sin,fund_lo,17,41499,-0.01035755445046911,0.8235294117647058,0.0042668982466961295,0.015968063872255488,0.018394886363636367,True,0.01035755445046911
moon_node_lon_deg__cos,era_pre,27,22022,0.032304580619773815,0.8888888888888888,0.008435191304136488,0.015968063872255488,0.018465909090909092,True,0.032304580619773815
saturn_decl_deg,era_post,27,47490,-0.012682278278555663,0.7037037037037037,0.005058009870658742,0.015968063872255488,0.018536931818181817,True,0.012682278278555663
jupiter_lon_deg__cos,fund_lo,17,41499,0.010796518475453135,0.8235294117647058,0.004574885797401624,0.015968063872255488,0.018607954545454546,True,0.010796518475453135
pluto_helio_lon_deg__sin,era_pre,27,22022,0.032304580619773815,0.8888888888888888,0.008247043693559636,0.017964071856287425,0.018678977272727274,True,0.032304580619773815
uranus_lon_deg__sin,trend_dn,27,34568,-0.013184832742987282,0.7777777777777778,0.005470964115441292,0.017964071856287425,0.018750000000000003,True,0.013184832742987282
aspect_square_count,trend_dn,27,34568,0.012616370533314665,0.7407407407407407,0.005072870760184791,0.017964071856287425,0.018821022727272728,True,0.012616370533314665
neptune_lon_deg__sin,era_pre,27,22022,0.027295851700721435,0.6296296296296297,0.008074984204696397,0.017964071856287425,0.018892045454545457,True,0.027295851700721435
hard_aspect_count,fund_lo,17,41499,0.01064177750740199,0.8235294117647058,0.00460896799645279,0.017964071856287425,0.018963068181818185,True,0.01064177750740199
jupiter_lon_deg__sin,vol_hi,27,27664,-0.012215650653876522,0.7407407407407407,0.005186629924246319,0.017964071856287425,0.01903409090909091,True,0.012215650653876522
mars_helio_lon_deg__cos,fund_lo,17,41499,-0.011888795418068152,0.8235294117647058,0.005100716595962892,0.017964071856287425,0.019105113636363635,True,0.011888795418068152
moon_distance_km,fund_hi,17,2023,0.07404319451333578,0.8823529411764706,0.03153806434458223,0.017964071856287425,0.019176136363636367,True,0.07404319451333578
pluto_helio_lon_deg__cos,era_pre,27,22022,0.032304580619773815,0.8888888888888888,0.008089696242956053,0.017964071856287425,0.019247159090909093,True,0.032304580619773815
uranus_helio_lon_deg__cos,trend_dn,27,34568,0.01396769757333208,0.7777777777777778,0.00584432625853678,0.01996007984031936,0.019318181818181818,False,0.01396769757333208
venus_lon_deg__sin,fund_lo,17,41499,-0.010646852175594416,0.8823529411764706,0.004293665484749651,0.01996007984031936,0.019389204545454546,False,0.010646852175594416
neptune_helio_lon_deg__cos,fund_lo,17,41499,-0.011409863625815874,0.8235294117647058,0.0048918769381300735,0.01996007984031936,0.019460227272727275,False,0.011409863625815874
jupiter_helio_lon_deg__sin,vol_hi,27,27664,-0.010823455424513273,0.7777777777777778,0.005053800217018203,0.01996007984031936,0.01953125,False,0.010823455424513273
venus_lon_deg__sin,vol_hi,27,27664,-0.01089387955164715,0.7777777777777778,0.004728647492419038,0.01996007984031936,0.01960227272727273,False,0.01089387955164715
mars_speed_deg,vol_lo,27,41848,-0.01000373307257895,0.7037037037037037,0.004422918914906261,0.01996007984031936,0.019673295454545457,False,0.01000373307257895
moon_distance_km,fund_lo,17,41499,-0.010536338657184816,0.8235294117647058,0.004769799605993066,0.01996007984031936,0.019744318181818182,False,0.010536338657184816
uranus_helio_lon_deg__sin,trend_dn,27,34568,-0.01396769757333208,0.7777777777777778,0.005849768796514842,0.01996007984031936,0.01981534090909091,False,0.01396769757333208
jupiter_helio_lon_deg__cos,vol_hi,27,27664,-0.011503650444912571,0.6296296296296297,0.0048670578739873314,0.021956087824351298,0.019886363636363636,False,0.011503650444912571
mercury_lon_deg__sin,vol_lo,27,41848,-0.009991904781678808,0.7037037037037037,0.004248740766412452,0.021956087824351298,0.019957386363636365,False,0.009991904781678808
aspect_opposition_count,fund_lo,17,41499,0.011657340060721283,0.7058823529411765,0.0046605485084016355,0.021956087824351298,0.020028409090909093,False,0.011657340060721283
moon_synodic_age,trend_dn,27,34568,-0.01368756222479655,0.5925925925925926,0.005710210256702438,0.021956087824351298,0.02009943181818182,False,0.01368756222479655
neptune_lon_deg__cos,trend_dn,27,34568,-0.012868614526628875,0.7037037037037037,0.005635928315794063,0.021956087824351298,0.020170454545454547,False,0.012868614526628875
pluto_helio_lon_deg__sin,trend_dn,27,34568,-0.01396769757333208,0.7777777777777778,0.005770863542992994,0.023952095808383235,0.020241477272727276,False,0.01396769757333208
harmonic_5_count,era_pre,27,22022,0.015951817675529664,0.6296296296296297,0.0065204396040373395,0.023952095808383235,0.0203125,False,0.015951817675529664
saturn_helio_lon_deg__cos,era_pre,27,22022,0.032304580619773815,0.8888888888888888,0.008473072966207876,0.023952095808383235,0.02038352272727273,False,0.032304580619773815
venus_speed_deg,era_post,27,47490,0.009078215635178697,0.6666666666666666,0.003974921507662608,0.023952095808383235,0.020454545454545458,False,0.009078215635178697
uranus_lon_deg__cos,trend_dn,27,34568,0.013184832742987282,0.7777777777777778,0.005517708911182395,0.023952095808383235,0.020525568181818183,False,0.013184832742987282
aspect_trine_count,vol_lo,27,41848,-0.01119428813433403,0.7777777777777778,0.004700671083727676,0.02594810379241517,0.02059659090909091,False,0.01119428813433403
jupiter_speed_deg,era_pre,27,22022,-0.012286356907617963,0.5185185185185185,0.005744908170882186,0.02594810379241517,0.020667613636363637,False,0.012286356907617963
venus_helio_lon_deg__sin,vol_lo,27,41848,-0.01279416625310112,0.7777777777777778,0.005588566352922489,0.02594810379241517,0.020738636363636365,False,0.01279416625310112
aspect_sextile_count,fund_lo,17,41499,-0.01127011428099733,0.8823529411764706,0.004925003727901215,0.02594810379241517,0.020809659090909094,False,0.01127011428099733
uranus_decl_deg,trend_dn,27,34568,-0.013201606365939898,0.7777777777777778,0.005801339108757572,0.027944111776447105,0.02088068181818182,False,0.013201606365939898
aspect_square_count,vol_hi,27,27664,0.012386580612683017,0.7777777777777778,0.005836161829201799,0.027944111776447105,0.020951704545454544,False,0.012386580612683017
mars_speed_deg,fund_hi,17,2023,-0.03797942675972439,0.7647058823529411,0.01743974692272784,0.027944111776447105,0.021022727272727276,False,0.03797942675972439
moon_node_lon_deg__sin,era_post,27,47490,0.01078975154661069,0.6666666666666666,0.005113295540720216,0.027944111776447105,0.02109375,False,0.01078975154661069
uranus_speed_deg,fund_lo,17,41499,-0.009455506138491197,0.8823529411764706,0.004351547862184523,0.027944111776447105,0.021164772727272727,False,0.009455506138491197
neptune_decl_deg,trend_dn,27,34568,-0.011909480043241726,0.7407407407407407,0.005512561927357623,0.027944111776447105,0.02123579545454546,False,0.011909480043241726
saturn_helio_lon_deg__sin,trend_dn,27,34568,-0.012629460282384604,0.7407407407407407,0.005762709601342936,0.027944111776447105,0.021306818181818184,False,0.012629460282384604
saturn_helio_lon_deg__cos,trend_dn,27,34568,-0.012868536684845038,0.7777777777777778,0.0058462922878765484,0.029940119760479042,0.02137784090909091,False,0.012868536684845038
harmonic_4_count,trend_up,27,34944,0.010797775793016131,0.6666666666666666,0.005000195359940768,0.031936127744510975,0.021448863636363637,False,0.010797775793016131
harmonic_6_count,vol_hi,27,27664,0.012387395489340142,0.7037037037037037,0.005661520630394165,0.031936127744510975,0.021519886363636366,False,0.012387395489340142
moon_decl_deg,era_pre,27,22022,-0.010102654454404945,0.6666666666666666,0.005029435104414761,0.031936127744510975,0.02159090909090909,False,0.010102654454404945
moon_distance_km,era_post,27,47490,-0.011059623843480911,0.6666666666666666,0.004955666311300885,0.031936127744510975,0.02166193181818182,False,0.011059623843480911
soft_aspect_count_tight,trend_dn,27,34568,-0.010391488168164655,0.7037037037037037,0.0051472761195631425,0.031936127744510975,0.021732954545454545,False,0.010391488168164655
saturn_lon_deg__cos,trend_dn,27,34568,-0.01261662271671779,0.7037037037037037,0.005516145177461279,0.033932135728542916,0.021803977272727273,False,0.01261662271671779
mars_decl_deg,vol_lo,27,41848,0.01026103947427306,0.6666666666666666,0.004629081651731321,0.033932135728542916,0.021875000000000002,False,0.01026103947427306
harmonic_4_count,vol_lo,27,41848,0.010320180022250552,0.5925925925925926,0.004643971465502971,0.033932135728542916,0.021946022727272727,False,0.010320180022250552
mercury_decl_deg,vol_hi,27,27664,-0.010942678395277626,0.7407407407407407,0.0051425940658845395,0.033932135728542916,0.022017045454545456,False,0.010942678395277626
neptune_lon_deg__sin,trend_dn,27,34568,-0.01154589648330707,0.7407407407407407,0.005611911332808803,0.03592814371257485,0.022088068181818184,False,0.01154589648330707
hard_aspect_count_tight,vol_lo,27,41848,0.010898158979435756,0.7407407407407407,0.005057646279690931,0.03592814371257485,0.02215909090909091,False,0.010898158979435756
moon_node_lon_deg__sin,trend_dn,27,34568,0.011896467675009454,0.7407407407407407,0.005608966003680499,0.03792415169660679,0.022230113636363638,False,0.011896467675009454
moon_perigee_apogee_prox,era_post,27,47490,-0.011059623843480911,0.6666666666666666,0.00487035613166601,0.03792415169660679,0.022301136363636367,False,0.011059623843480911
pluto_helio_lon_deg__sin,era_post,27,47490,-0.009857485749076172,0.7037037037037037,0.004522539279894708,0.03792415169660679,0.022372159090909092,False,0.009857485749076172
saturn_helio_lon_deg__sin,era_post,27,47490,-0.009857485749076172,0.7037037037037037,0.004805087655250701,0.041916167664670656,0.02244318181818182,False,0.009857485749076172
jupiter_decl_deg,trend_up,27,34944,-0.010220823545424652,0.5555555555555556,0.004887767467753822,0.041916167664670656,0.022514204545454546,False,0.010220823545424652
uranus_speed_deg,trend_up,27,34944,-0.010841346679070118,0.6666666666666666,0.005538938789167796,0.041916167664670656,0.022585227272727274,False,0.010841346679070118
soft_aspect_count_tight,vol_lo,27,41848,0.010342504584086108,0.48148148148148145,0.004932114349784424,0.041916167664670656,0.022656250000000003,False,0.010342504584086108
jupiter_helio_lon_deg__cos,fund_hi,17,2023,0.036440674016148165,0.7058823529411765,0.018578894850380515,0.043912175648702596,0.022727272727272728,False,0.036440674016148165
jupiter_helio_lon_deg__cos,vol_lo,27,41848,0.010877315045063578,0.7777777777777778,0.005197070163706564,0.043912175648702596,0.022798295454545457,False,0.010877315045063578
venus_lon_deg__cos,fund_hi,17,2023,-0.038875578643895174,0.7647058823529411,0.019794271215174117,0.04590818363273453,0.022869318181818185,False,0.038875578643895174
aspect_square_count,fund_lo,17,41499,0.00967136101165352,0.7058823529411765,0.004647663361346087,0.04790419161676647,0.02294034090909091,False,0.00967136101165352
neptune_helio_lon_deg__sin,era_post,27,47490,-0.009857485749076172,0.7037037037037037,0.004885766078492391,0.04790419161676647,0.023011363636363635,False,0.009857485749076172
moon_days_to_full,trend_dn,27,34568,-0.010757973355573951,0.6296296296296297,0.005632114551915059,0.0499001996007984,0.023082386363636367,False,0.010757973355573951
pluto_helio_lon_deg__cos,era_post,27,47490,-0.009857485749076172,0.7037037037037037,0.004760484676557588,0.0499001996007984,0.023153409090909093,False,0.009857485749076172
harmonic_8_count,vol_lo,27,41848,0.009817362143847768,0.7407407407407407,0.004791638832212151,0.0499001996007984,0.023224431818181818,False,0.009817362143847768
uranus_helio_lon_deg__sin,era_post,27,47490,-0.009857485749076172,0.7037037037037037,0.004658332283958399,0.05189620758483034,0.023295454545454546,False,0.009857485749076172
moon_days_to_full,vol_lo,27,41848,-0.00990517248410026,0.6666666666666666,0.004975293733057683,0.05189620758483034,0.023366477272727275,False,0.00990517248410026
days_to_next_eclipse,era_pre,27,22022,0.01175838853585908,0.5925925925925926,0.006140194066998626,0.05389221556886228,0.0234375,False,0.01175838853585908
mercury_helio_lon_deg__sin,vol_lo,27,41848,0.009224942021278968,0.7037037037037037,0.004754853553629633,0.05588822355289421,0.02350852272727273,False,0.009224942021278968
uranus_lon_deg__sin,era_post,27,47490,-0.009393372987410544,0.7037037037037037,0.004876316737174975,0.05588822355289421,0.023579545454545457,False,0.009393372987410544
moon_node_lon_deg__sin,era_pre,27,22022,0.02196850474187395,0.5555555555555556,0.008626145688484719,0.05588822355289421,0.023650568181818182,False,0.02196850474187395
sun_decl_deg,vol_hi,27,27664,-0.009197429915529643,0.7407407407407407,0.005097215087197012,0.05788423153692615,0.02372159090909091,False,0.009197429915529643
aspect_tightness_stress_tight,fund_lo,17,41499,0.008398196541140478,0.6470588235294118,0.0044577878937637795,0.05788423153692615,0.023792613636363636,False,0.008398196541140478
saturn_lon_deg__sin,trend_dn,27,34568,-0.01092027366100117,0.6666666666666666,0.005636211179846725,0.059880239520958084,0.023863636363636365,False,0.01092027366100117
sun_lon_deg__sin,vol_hi,27,27664,-0.009175955747177438,0.7407407407407407,0.0049309922183598896,0.059880239520958084,0.023934659090909093,False,0.009175955747177438
moon_node_lon_deg__cos,fund_lo,17,41499,-0.009147156525056621,0.7647058823529411,0.004913192052879469,0.059880239520958084,0.02400568181818182,False,0.009147156525056621
venus_lon_deg__cos,fund_lo,17,41499,-0.007794321650403768,0.6470588235294118,0.004231536074546852,0.059880239520958084,0.024076704545454547,False,0.007794321650403768
hard_aspect_count_tight,vol_hi,27,27664,0.010807184940122713,0.5925925925925926,0.005549952870432146,0.059880239520958084,0.024147727272727276,False,0.010807184940122713
aspect_conjunction_count,fund_lo,17,41499,-0.009325546561828857,0.6470588235294118,0.00463219965684304,0.06187624750499002,0.02421875,False,0.009325546561828857
uranus_decl_deg,era_post,27,47490,-0.009476222913204178,0.7037037037037037,0.00512029835443145,0.06387225548902195,0.02428977272727273,False,0.009476222913204178
mercury_lon_deg__sin,vol_hi,27,27664,-0.009156325416043599,0.7037037037037037,0.004809047038369534,0.06387225548902195,0.024360795454545458,False,0.009156325416043599
uranus_helio_lon_deg__cos,era_post,27,47490,0.009857485749076172,0.7037037037037037,0.004961619969910694,0.06387225548902195,0.024431818181818183,False,0.009857485749076172
jupiter_lon_deg__sin,trend_up,27,34944,-0.00933370760463077,0.6296296296296297,0.005000995481536856,0.06387225548902195,0.02450284090909091,False,0.00933370760463077
moon_days_to_full,vol_hi,27,27664,0.011690947954019652,0.6296296296296297,0.006232724753725448,0.06387225548902195,0.024573863636363637,False,0.011690947954019652
bradley_siderograph,era_post,27,47490,-0.007301719142781508,0.7777777777777778,0.004061229162256142,0.06786427145708583,0.024644886363636365,False,0.007301719142781508
aspect_square_count_tight,trend_up,27,34944,-0.009181423852322033,0.7037037037037037,0.005095634198791502,0.06786427145708583,0.024715909090909094,False,0.009181423852322033
soft_aspect_count,fund_lo,17,41499,-0.008211014545299865,0.7647058823529411,0.004394185514718934,0.06986027944111776,0.02478693181818182,False,0.008211014545299865
saturn_helio_lon_deg__cos,era_post,27,47490,-0.00905791858167047,0.6666666666666666,0.004630001308916478,0.06986027944111776,0.024857954545454544,False,0.00905791858167047
aspect_sextile_count,trend_dn,27,34568,-0.009675033934101865,0.6666666666666666,0.00536984869166712,0.06986027944111776,0.024928977272727276,False,0.009675033934101865
saturn_decl_deg,trend_dn,27,34568,-0.00964762560848927,0.7037037037037037,0.005356057963638927,0.0718562874251497,0.025,False,0.00964762560848927
jupiter_helio_lon_deg__sin,trend_up,27,34944,-0.009167590375928215,0.6666666666666666,0.005135609307682046,0.0718562874251497,0.02507102272727273,False,0.009167590375928215
moon_speed_deg,era_post,27,47490,0.009209442135465522,0.6296296296296297,0.005096092946695632,0.0718562874251497,0.025142045454545455,False,0.009209442135465522
aspect_tightness_stress_tight,trend_dn,27,34568,0.009783552962391402,0.6296296296296297,0.0052297079936543455,0.0718562874251497,0.025213068181818184,False,0.009783552962391402
moon_days_to_new,era_pre,27,22022,0.012608747076833831,0.5925925925925926,0.007176639909992231,0.07385229540918163,0.025284090909090912,False,0.012608747076833831
mercury_helio_lon_deg__sin,fund_hi,17,2023,-0.04422825061561464,0.8235294117647058,0.02387286865168848,0.07385229540918163,0.025355113636363637,False,0.04422825061561464
uranus_lon_deg__cos,era_post,27,47490,0.009393372987410546,0.7037037037037037,0.0050202253836617436,0.07385229540918163,0.025426136363636366,False,0.009393372987410546
neptune_decl_deg,vol_hi,27,27664,-0.009268912095653859,0.6666666666666666,0.005282974721204762,0.07385229540918163,0.02549715909090909,False,0.009268912095653859
pluto_speed_deg,era_pre,27,22022,0.008875894177065568,0.5925925925925926,0.005178830694999738,0.07584830339321358,0.02556818181818182,False,0.008875894177065568
mercury_speed_deg,fund_hi,17,2023,0.035045787759378264,0.7058823529411765,0.019399668105345515,0.07784431137724551,0.02563920454545455,False,0.035045787759378264
moon_synodic_age,era_pre,27,22022,-0.012566591711416188,0.5925925925925926,0.007145658715734864,0.07984031936127745,0.025710227272727273,False,0.012566591711416188
mercury_decl_deg,vol_lo,27,41848,-0.007252171717284774,0.7037037037037037,0.004126034813259518,0.08183632734530938,0.025781250000000002,False,0.007252171717284774
pluto_speed_deg,vol_hi,27,27664,0.008457522948225769,0.7037037037037037,0.004804058782911564,0.08183632734530938,0.02585227272727273,False,0.008457522948225769
sun_lon_deg__cos,era_post,27,47490,-0.007289649313796913,0.7407407407407407,0.004122557349739953,0.08383233532934131,0.025923295454545456,False,0.007289649313796913
jupiter_lon_deg__cos,fund_hi,17,2023,0.034002405566723425,0.7058823529411765,0.019685586120720307,0.08383233532934131,0.025994318181818184,False,0.034002405566723425
moon_node_lon_deg__sin,fund_hi,17,2023,0.03353615549002961,0.6470588235294118,0.017525857997666292,0.08383233532934131,0.026065340909090913,False,0.03353615549002961
moon_lon_deg__sin,era_pre,27,22022,-0.008473941657542325,0.5185185185185185,0.004781626890610653,0.08782435129740519,0.026136363636363638,False,0.008473941657542325
days_to_next_eclipse,trend_up,27,34944,0.008296854259089359,0.5925925925925926,0.004983042709685905,0.09181636726546906,0.026207386363636367,False,0.008296854259089359
soft_aspect_count,fund_hi,17,2023,0.03584813780208404,0.7058823529411765,0.021304877774395343,0.09381237524950099,0.02627840909090909,False,0.03584813780208404
sun_speed_deg,vol_hi,27,27664,0.008489960998138736,0.7407407407407407,0.0049541396628766205,0.09381237524950099,0.02634943181818182,False,0.008489960998138736
moon_speed_deg,fund_lo,17,41499,0.007584014042823377,0.6470588235294118,0.004542721290737269,0.09381237524950099,0.02642045454545455,False,0.007584014042823377
mars_lon_deg__sin,vol_lo,27,41848,0.008345177136027497,0.6296296296296297,0.004691519675847262,0.09580838323353294,0.02649147727272727,False,0.008345177136027497
venus_helio_lon_deg__cos,era_pre,27,22022,-0.012198594593031456,0.7777777777777778,0.007446432541318422,0.09780439121756487,0.026562500000000003,False,0.012198594593031456
saturn_decl_deg,vol_hi,27,27664,-0.008445244326604567,0.6666666666666666,0.004880496397608931,0.0998003992015968,0.02663352272727273,False,0.008445244326604567
neptune_lon_deg__cos,vol_hi,27,27664,-0.009638702034850849,0.6666666666666666,0.00573166804281317,0.10179640718562874,0.026704545454545453,False,0.009638702034850849
moon_node_lon_deg__sin,vol_lo,27,41848,0.008881217678023585,0.6666666666666666,0.005361461242313971,0.10179640718562874,0.026775568181818185,False,0.008881217678023585
sun_speed_deg,fund_lo,17,41499,0.006644799267062756,0.7647058823529411,0.004166073512832941,0.10379241516966067,0.026846590909090914,False,0.006644799267062756
aspect_opposition_count,vol_lo,27,41848,0.007209226979027052,0.5555555555555556,0.004577438258298888,0.10379241516966067,0.026917613636363635,False,0.007209226979027052
mercury_helio_lon_deg__cos,era_post,27,47490,0.007015392648898455,0.6296296296296297,0.004272880989244135,0.10379241516966067,0.026988636363636367,False,0.007015392648898455
aspect_conjunction_count,vol_lo,27,41848,-0.007794337066474382,0.6296296296296297,0.004819789923869671,0.10379241516966067,0.02705965909090909,False,0.007794337066474382
saturn_lon_deg__sin,vol_hi,27,27664,-0.00806476930044474,0.6666666666666666,0.005053039583097444,0.10578842315369262,0.027130681818181818,False,0.00806476930044474
neptune_lon_deg__cos,vol_lo,27,41848,-0.00810033310732644,0.6296296296296297,0.004930794050268603,0.10778443113772455,0.02720170454545455,False,0.00810033310732644
jupiter_lon_deg__cos,trend_dn,27,34568,0.008628436509655175,0.5185185185185185,0.005309799498795066,0.10778443113772455,0.02727272727272727,False,0.008628436509655175
sun_speed_deg,era_post,27,47490,0.0065332195907765785,0.6666666666666666,0.0042419113002718665,0.10978043912175649,0.02734375,False,0.0065332195907765785
mars_helio_lon_deg__sin,era_pre,27,22022,0.009363969502546657,0.6296296296296297,0.006137114552856971,0.11177644710578842,0.027414772727272732,False,0.009363969502546657
uranus_lon_deg__sin,fund_hi,17,2023,-0.040786086648905866,0.7058823529411765,0.019094906232382726,0.11177644710578842,0.027485795454545454,False,0.040786086648905866
saturn_helio_lon_deg__sin,fund_hi,17,2023,-0.03353615549002962,0.6470588235294118,0.015389335009879622,0.11377245508982035,0.027556818181818182,False,0.03353615549002962
neptune_helio_lon_deg__sin,fund_hi,17,2023,-0.03353615549002962,0.6470588235294118,0.015432639334740945,0.11377245508982035,0.027627840909090914,False,0.03353615549002962
sun_decl_deg,vol_lo,27,41848,-0.0063086285068284405,0.7407407407407407,0.004070450715054541,0.1157684630738523,0.027698863636363636,False,0.0063086285068284405
mercury_helio_lon_deg__cos,trend_dn,27,34568,-0.007294689553303647,0.6296296296296297,0.004811334877590234,0.11776447105788423,0.027769886363636365,False,0.007294689553303647
mars_speed_deg,vol_hi,27,27664,-0.00859493176554397,0.6296296296296297,0.005331767887928536,0.11776447105788423,0.02784090909090909,False,0.00859493176554397
harmonic_4_count,era_pre,27,22022,0.010408585812776512,0.6296296296296297,0.00660316892007825,0.11776447105788423,0.02791193181818182,False,0.010408585812776512
neptune_lon_deg__sin,vol_hi,27,27664,-0.008946860930146914,0.6666666666666666,0.005549409249944705,0.11776447105788423,0.027982954545454547,False,0.008946860930146914
sun_lon_deg__sin,vol_lo,27,41848,-0.006229301884625185,0.7407407407407407,0.003990575238284342,0.11976047904191617,0.028053977272727272,False,0.006229301884625185
saturn_lon_deg__cos,vol_hi,27,27664,-0.008414190162785364,0.6666666666666666,0.005525243880116373,0.1277445109780439,0.028125,False,0.008414190162785364
uranus_decl_deg,fund_hi,17,2023,-0.04098946460592777,0.7058823529411765,0.019537813156736614,0.1277445109780439,0.02819602272727273,False,0.04098946460592777
venus_lon_deg__cos,vol_lo,27,41848,-0.006749894999010977,0.6296296296296297,0.004569820004818057,0.1277445109780439,0.028267045454545454,False,0.006749894999010977
aspect_conjunction_count,era_post,27,47490,-0.006902102214120234,0.6666666666666666,0.004545114720450132,0.12974051896207583,0.028338068181818183,False,0.006902102214120234
venus_lon_deg__sin,vol_lo,27,41848,-0.007170302500844618,0.7037037037037037,0.004704824312171129,0.13373253493013973,0.02840909090909091,False,0.007170302500844618
pluto_helio_lon_deg__cos,fund_hi,17,2023,-0.03353615549002962,0.6470588235294118,0.015637935776188782,0.13373253493013973,0.028480113636363637,False,0.03353615549002962
moon_node_lon_deg__cos,fund_hi,17,2023,0.03428241771547023,0.6470588235294118,0.018952311508874182,0.13373253493013973,0.028551136363636365,False,0.03428241771547023
days_to_next_eclipse,trend_dn,27,34568,-0.007779014525731696,0.5185185185185185,0.005164855696993001,0.13572854291417166,0.02862215909090909,False,0.007779014525731696
jupiter_decl_deg,era_post,27,47490,-0.007549472176934448,0.7037037037037037,0.005029383834501823,0.1377245508982036,0.02869318181818182,False,0.007549472176934448
uranus_helio_lon_deg__cos,fund_hi,17,2023,0.03353615549002961,0.6470588235294118,0.017070930306491705,0.1377245508982036,0.028764204545454548,False,0.03353615549002961
venus_helio_lon_deg__cos,vol_hi,27,27664,0.007436867053069805,0.5925925925925926,0.005024751845092353,0.13972055888223553,0.028835227272727273,False,0.007436867053069805
jupiter_speed_deg,trend_up,27,34944,-0.007623798597790706,0.6666666666666666,0.005254553589136887,0.13972055888223553,0.02890625,False,0.007623798597790706
bradley_siderograph,trend_up,27,34944,-0.008011553932748442,0.7037037037037037,0.005312440145777502,0.13972055888223553,0.02897727272727273,False,0.008011553932748442
uranus_lon_deg__sin,vol_hi,27,27664,-0.0072175825401728,0.6666666666666666,0.004951194586656787,0.13972055888223553,0.029048295454545455,False,0.0072175825401728
aspect_opposition_count_tight,vol_hi,27,27664,0.007769874113901344,0.6296296296296297,0.005329682898777558,0.13972055888223553,0.029119318181818184,False,0.007769874113901344
aspect_opposition_count,trend_dn,27,34568,0.007953055638076108,0.5555555555555556,0.00531508030567557,0.13972055888223553,0.029190340909090912,False,0.007953055638076108
venus_speed_deg,fund_hi,17,2023,-0.026516924457311363,0.7647058823529411,0.016978324534538528,0.13972055888223553,0.029261363636363637,False,0.026516924457311363
hard_aspect_count_tight,era_pre,27,22022,0.009662143458341372,0.5925925925925926,0.006895514572224922,0.14171656686626746,0.029332386363636366,False,0.009662143458341372
mercury_lon_deg__cos,vol_hi,27,27664,0.007336248693224036,0.7037037037037037,0.004829169267973829,0.14171656686626746,0.02940340909090909,False,0.007336248693224036
moon_days_to_full,trend_up,27,34944,0.00859674184194932,0.5925925925925926,0.005938975424786615,0.14171656686626746,0.02947443181818182,False,0.00859674184194932
moon_days_to_full,fund_hi,17,2023,0.036636286713395735,0.7647058823529411,0.02441720344518878,0.14171656686626746,0.02954545454545455,False,0.036636286713395735
mars_lon_deg__cos,fund_lo,17,41499,-0.006834405881863601,0.6470588235294118,0.004696707021508707,0.1437125748502994,0.029616477272727273,False,0.006834405881863601
hard_aspect_count,trend_dn,27,34568,0.007543553158658078,0.5925925925925926,0.005391067126995351,0.14570858283433133,0.029687500000000002,False,0.007543553158658078
pluto_helio_lon_deg__sin,fund_hi,17,2023,-0.03353615549002962,0.6470588235294118,0.016576447228224267,0.14770459081836326,0.02975852272727273,False,0.03353615549002962
uranus_lon_deg__cos,fund_hi,17,2023,0.040786086648905866,0.7058823529411765,0.019343603983874642,0.14770459081836326,0.029829545454545456,False,0.040786086648905866
venus_decl_deg,vol_lo,27,41848,-0.006345115297297142,0.7037037037037037,0.004403030453820017,0.1497005988023952,0.029900568181818184,False,0.006345115297297142
aspect_sextile_count_tight,vol_hi,27,27664,0.007987857724350804,0.6296296296296297,0.005678573861879899,0.15768463073852296,0.029971590909090913,False,0.007987857724350804
jupiter_helio_lon_deg__sin,era_post,27,47490,-0.006730204690426615,0.6666666666666666,0.004940445731714849,0.1596806387225549,0.030042613636363638,False,0.006730204690426615
pluto_lon_deg__cos,vol_hi,27,27664,-0.007464254430387784,0.6666666666666666,0.0053047480660990895,0.16167664670658682,0.030113636363636367,False,0.007464254430387784
aspect_trine_count_tight,fund_hi,17,2023,-0.029844842973912218,0.5294117647058824,0.021489735205075192,0.16167664670658682,0.03018465909090909,False,0.029844842973912218
venus_speed_deg,fund_lo,17,41499,0.005835787406851888,0.5294117647058824,0.004208180114114184,0.16367265469061876,0.03025568181818182,False,0.005835787406851888
pluto_lon_deg__sin,vol_hi,27,27664,-0.007464254430387784,0.6666666666666666,0.005269284819181531,0.1656686626746507,0.03032670454545455,False,0.007464254430387784
mercury_lon_deg__sin,trend_dn,27,34568,-0.006173766772139365,0.7037037037037037,0.004383610372216883,0.1656686626746507,0.03039772727272727,False,0.006173766772139365
uranus_helio_lon_deg__sin,fund_hi,17,2023,-0.03353615549002962,0.6470588235294118,0.016544762841122763,0.16766467065868262,0.030468750000000003,False,0.03353615549002962
harmonic_4_count,fund_hi,17,2023,-0.030669598846263406,0.7647058823529411,0.022399979964728197,0.17165668662674652,0.03053977272727273,False,0.030669598846263406
pluto_decl_deg,trend_up,27,34944,-0.007248763893295336,0.48148148148148145,0.0052993580668125725,0.17165668662674652,0.030610795454545453,False,0.007248763893295336
aspect_square_count_tight,trend_dn,27,34568,0.006839910091200202,0.6666666666666666,0.005103793843447249,0.17365269461077845,0.030681818181818185,False,0.006839910091200202
uranus_lon_deg__cos,vol_hi,27,27664,0.0072175825401728,0.6666666666666666,0.005361557688015499,0.17564870259481039,0.030752840909090914,False,0.0072175825401728
jupiter_decl_deg,trend_dn,27,34568,-0.0074260838579821645,0.7037037037037037,0.005624371357070112,0.17764471057884232,0.030823863636363635,False,0.0074260838579821645
aspect_trine_count_tight,trend_dn,27,34568,-0.007315914595383453,0.5925925925925926,0.005320489329604421,0.17964071856287425,0.030894886363636367,False,0.007315914595383453
aspect_conjunction_count,fund_hi,17,2023,-0.029045570505228366,0.6470588235294118,0.02135899328232019,0.18163672654690619,0.03096590909090909,False,0.029045570505228366
pluto_lon_deg__sin,vol_lo,27,41848,-0.007173916133258739,0.5925925925925926,0.0054396641593765956,0.18363273453093812,0.031036931818181818,False,0.007173916133258739
harmonic_3_count,fund_hi,17,2023,-0.028774958911641727,0.5882352941176471,0.021996221393475904,0.18562874251497005,0.03110795454545455,False,0.028774958911641727
harmonic_6_count,fund_hi,17,2023,0.02740153905099193,0.8823529411764706,0.020415167266084912,0.18562874251497005,0.03117897727272727,False,0.02740153905099193
neptune_speed_deg,era_post,27,47490,-0.005651690422035528,0.6666666666666666,0.004257825562676539,0.18762475049900199,0.03125,False,0.005651690422035528
aspect_sextile_count,trend_up,27,34944,0.007074237362139983,0.5555555555555556,0.00547856697813872,0.19161676646706588,0.03132102272727273,False,0.007074237362139983
uranus_lon_deg__cos,era_pre,27,22022,-0.018437862610429238,0.5925925925925926,0.008176928475300169,0.19161676646706588,0.03139204545454546,False,0.018437862610429238
saturn_speed_deg,trend_up,27,34944,0.006918069737576923,0.5555555555555556,0.0053416553508651736,0.1936127744510978,0.03146306818181818,False,0.006918069737576923
aspect_conjunction_count_tight,trend_dn,27,34568,0.007128938341356154,0.5555555555555556,0.005219663669569719,0.1936127744510978,0.031534090909090914,False,0.007128938341356154
mercury_helio_lon_deg__sin,era_pre,27,22022,-0.007807595217374161,0.5555555555555556,0.00605029165584175,0.1936127744510978,0.03160511363636364,False,0.007807595217374161
neptune_helio_lon_deg__cos,trend_dn,27,34568,-0.00732457539279706,0.7037037037037037,0.005666701183997885,0.1936127744510978,0.031676136363636365,False,0.00732457539279706
mercury_lon_deg__cos,trend_up,27,34944,0.007106736888826358,0.6666666666666666,0.005471654816104978,0.1936127744510978,0.03174715909090909,False,0.007106736888826358
moon_illum_frac,era_pre,27,22022,0.01088030482485235,0.5555555555555556,0.008202880913484471,0.1936127744510978,0.03181818181818182,False,0.01088030482485235
uranus_lon_deg__sin,era_pre,27,22022,0.018437862610429238,0.5925925925925926,0.008104289719608092,0.19560878243512975,0.03188920454545455,False,0.018437862610429238
aspect_tightness_stress_tight,era_post,27,47490,0.005937448329619251,0.5555555555555556,0.004564035749526341,0.19560878243512975,0.03196022727272727,False,0.005937448329619251
pluto_lon_deg__cos,vol_lo,27,41848,-0.007173916133258739,0.5925925925925926,0.005371512023018943,0.19760479041916168,0.032031250000000004,False,0.007173916133258739
uranus_decl_deg,vol_hi,27,27664,-0.007194134353710773,0.6666666666666666,0.005535128155127259,0.19760479041916168,0.03210227272727273,False,0.007194134353710773
hard_aspect_count_tight,trend_up,27,34944,0.006902429876725214,0.5555555555555556,0.0053833978454868175,0.19760479041916168,0.032173295454545454,False,0.006902429876725214
jupiter_speed_deg,vol_lo,27,41848,-0.005490949162686542,0.5555555555555556,0.004229636881619879,0.19760479041916168,0.032244318181818186,False,0.005490949162686542
mars_decl_deg,era_post,27,47490,0.005367460256241489,0.6666666666666666,0.0041258317833415435,0.1996007984031936,0.03231534090909091,False,0.005367460256241489
mars_lon_deg__cos,vol_hi,27,27664,0.006324774759573894,0.5925925925925926,0.00493343017891354,0.20159680638722555,0.03238636363636364,False,0.006324774759573894
days_to_next_eclipse,era_post,27,47490,-0.005625154132661005,0.5555555555555556,0.004329154430830571,0.20758483033932135,0.03245738636363637,False,0.005625154132661005
aspect_square_count,era_post,27,47490,0.0059853039533596135,0.6666666666666666,0.00456627868548146,0.20958083832335328,0.03252840909090909,False,0.0059853039533596135
venus_speed_deg,era_pre,27,22022,0.009649399476584946,0.5925925925925926,0.007428970438243584,0.21157684630738524,0.03259943181818182,False,0.009649399476584946
harmonic_8_count,fund_hi,17,2023,0.028308211299491837,0.7647058823529411,0.02218518921861365,0.21157684630738524,0.03267045454545455,False,0.028308211299491837
moon_days_to_full,fund_lo,17,41499,-0.005811940227530249,0.7058823529411765,0.004624063339646362,0.21157684630738524,0.03274147727272727,False,0.005811940227530249
neptune_lon_deg__cos,trend_up,27,34944,-0.007077808091944351,0.7037037037037037,0.005558795812280335,0.2155688622754491,0.0328125,False,0.007077808091944351
aspect_conjunction_count,trend_dn,27,34568,-0.006701998800076036,0.5185185185185185,0.005215978084108492,0.21756487025948104,0.03288352272727273,False,0.006701998800076036
uranus_decl_deg,era_pre,27,22022,0.018789667133507913,0.5925925925925926,0.008516642719218941,0.2275449101796407,0.03295454545454545,False,0.018789667133507913
aspect_tightness_stress_tight,fund_hi,17,2023,0.02468344628730213,0.7058823529411765,0.020137664495337115,0.2315369261477046,0.033025568181818184,False,0.02468344628730213
bradley_siderograph,era_pre,27,22022,0.008505160905832664,0.7037037037037037,0.006891596866089783,0.23353293413173654,0.033096590909090916,False,0.008505160905832664
soft_aspect_count,vol_lo,27,41848,-0.00608815493507225,0.5555555555555556,0.0050250913300896385,0.2375249500998004,0.033167613636363634,False,0.00608815493507225
moon_distance_km,vol_lo,27,41848,-0.006057084995674741,0.5555555555555556,0.005062347171576196,0.2375249500998004,0.033238636363636366,False,0.006057084995674741
pluto_decl_deg,era_pre,27,22022,-0.01154589636416907,0.5555555555555556,0.007903534696645429,0.2375249500998004,0.03330965909090909,False,0.01154589636416907
pluto_speed_deg,fund_lo,17,41499,0.004932333596457952,0.5882352941176471,0.00410917039646529,0.2375249500998004,0.033380681818181816,False,0.004932333596457952
jupiter_lon_deg__sin,era_post,27,47490,-0.005458523917301637,0.6666666666666666,0.004966576352717174,0.24151696606786427,0.03345170454545455,False,0.005458523917301637
mercury_helio_lon_deg__cos,fund_lo,17,41499,0.004904215139302912,0.5294117647058824,0.004162267319292574,0.24550898203592814,0.033522727272727273,False,0.004904215139302912
sun_speed_deg,era_pre,27,22022,0.006337794268533665,0.5555555555555556,0.005340016194056009,0.24550898203592814,0.03359375,False,0.006337794268533665
hard_aspect_count,era_pre,27,22022,0.007658715938210888,0.6666666666666666,0.006357313291594106,0.24550898203592814,0.03366477272727273,False,0.007658715938210888
venus_lon_deg__cos,trend_dn,27,34568,-0.005917064857340418,0.6666666666666666,0.005051771823197419,0.24550898203592814,0.033735795454545456,False,0.005917064857340418
mercury_helio_lon_deg__cos,vol_lo,27,41848,-0.005151088693893777,0.5555555555555556,0.0043984491698854595,0.24750499001996007,0.03380681818181818,False,0.005151088693893777
mars_lon_deg__sin,vol_hi,27,27664,0.005307182018340926,0.4444444444444444,0.004725364776032933,0.25349301397205587,0.03387784090909091,False,0.005307182018340926
jupiter_speed_deg,vol_hi,27,27664,-0.005139442124925114,0.5555555555555556,0.00445358045478233,0.2554890219560878,0.03394886363636364,False,0.005139442124925114
hard_aspect_count,fund_hi,17,2023,0.024484284423770857,0.8823529411764706,0.02166456612783192,0.2554890219560878,0.03401988636363636,False,0.024484284423770857
moon_days_to_full,era_pre,27,22022,-0.007997865393071535,0.6296296296296297,0.007262309977003065,0.25748502994011974,0.03409090909090909,False,0.007997865393071535
soft_aspect_count,vol_hi,27,27664,0.006536742075869283,0.5555555555555556,0.005769262891918626,0.25748502994011974,0.03416193181818182,False,0.006536742075869283
moon_perigee_apogee_prox,vol_lo,27,41848,-0.006057084995674741,0.5555555555555556,0.005427289896982799,0.25948103792415167,0.034232954545454546,False,0.006057084995674741
neptune_decl_deg,vol_lo,27,41848,-0.00595603086768891,0.5925925925925926,0.005160356211992271,0.26147704590818366,0.03430397727272727,False,0.00595603086768891
aspect_tightness_stress,fund_hi,17,2023,0.026166800464107035,0.7058823529411765,0.02265461169203445,0.26147704590818366,0.034375,False,0.026166800464107035
pluto_helio_lon_deg__sin,vol_lo,27,41848,-0.005970463847516058,0.5925925925925926,0.005230427890522662,0.26147704590818366,0.03444602272727273,False,0.005970463847516058
days_to_next_eclipse,vol_hi,27,27664,-0.006699112672606399,0.5555555555555556,0.005618158367233629,0.2654690618762475,0.03451704545454545,False,0.006699112672606399
mars_decl_deg,vol_hi,27,27664,0.005948912777205169,0.4444444444444444,0.005120699687125697,0.26746506986027946,0.034588068181818185,False,0.005948912777205169
pluto_speed_deg,era_post,27,47490,0.00449432229018887,0.5555555555555556,0.004126151777124226,0.26746506986027946,0.03465909090909091,False,0.00449432229018887
uranus_helio_lon_deg__sin,vol_lo,27,41848,-0.005970463847516058,0.5925925925925926,0.005196099356440849,0.2694610778443114,0.034730113636363635,False,0.005970463847516058
pluto_decl_deg,trend_dn,27,34568,0.0065969290087562445,0.7407407407407407,0.005675137545558797,0.2694610778443114,0.03480113636363637,False,0.0065969290087562445
neptune_helio_lon_deg__sin,vol_hi,27,27664,-0.0056984714056932265,0.6666666666666666,0.00520437084889884,0.2714570858283433,0.03487215909090909,False,0.0056984714056932265
bradley_siderograph,fund_lo,17,41499,-0.004916569518629314,0.5882352941176471,0.0043757403165164115,0.2714570858283433,0.03494318181818182,False,0.004916569518629314
pluto_helio_lon_deg__cos,vol_lo,27,41848,-0.005970463847516058,0.5925925925925926,0.005353839691152738,0.2714570858283433,0.03501420454545455,False,0.005970463847516058
saturn_helio_lon_deg__cos,vol_hi,27,27664,-0.005851922353097134,0.6666666666666666,0.00536760165236327,0.27345309381237526,0.035085227272727275,False,0.005851922353097134
uranus_helio_lon_deg__cos,vol_hi,27,27664,0.005698471405693228,0.6666666666666666,0.005366882660061923,0.2754491017964072,0.03515625,False,0.005698471405693228
uranus_speed_deg,vol_hi,27,27664,-0.0051779956607483964,0.7037037037037037,0.004559484161576354,0.2754491017964072,0.03522727272727273,False,0.0051779956607483964
harmonic_3_count,era_post,27,47490,-0.0045400204991366344,0.6666666666666666,0.004219063845601121,0.2774451097804391,0.03529829545454546,False,0.0045400204991366344
neptune_helio_lon_deg__sin,vol_lo,27,41848,-0.005970463847516058,0.5925925925925926,0.005332650236852205,0.27944111776447106,0.03536931818181818,False,0.005970463847516058
jupiter_helio_lon_deg__cos,trend_dn,27,34568,0.006267891133564898,0.5185185185185185,0.005631311184574139,0.281437125748503,0.035440340909090914,False,0.006267891133564898
uranus_helio_lon_deg__sin,vol_hi,27,27664,-0.0056984714056932265,0.6666666666666666,0.005221132207376777,0.2874251497005988,0.03551136363636364,False,0.0056984714056932265
sun_speed_deg,vol_lo,27,41848,0.004008465103401175,0.7037037037037037,0.003974656918421268,0.2874251497005988,0.035582386363636365,False,0.004008465103401175
mars_lon_deg__sin,era_post,27,47490,0.00466024277207082,0.6296296296296297,0.004260597840957379,0.2894211576846307,0.03565340909090909,False,0.00466024277207082
neptune_lon_deg__sin,vol_lo,27,41848,-0.005535163436076675,0.5925925925925926,0.005226742746649783,0.29141716566866266,0.03572443181818182,False,0.005535163436076675
uranus_speed_deg,vol_lo,27,41848,-0.004491991037550047,0.6666666666666666,0.004181687447303513,0.2934131736526946,0.03579545454545455,False,0.004491991037550047
harmonic_5_count,vol_lo,27,41848,-0.005192613762973223,0.5925925925925926,0.004842166875081094,0.29740518962075846,0.03586647727272727,False,0.005192613762973223
harmonic_5_count,trend_up,27,34944,-0.005189415030784586,0.7407407407407407,0.005062651180002396,0.2994011976047904,0.035937500000000004,False,0.005189415030784586
uranus_lon_deg__cos,vol_lo,27,41848,0.005521466241867591,0.6666666666666666,0.005192812317426622,0.3013972055888224,0.03600852272727273,False,0.005521466241867591
uranus_lon_deg__sin,vol_lo,27,41848,-0.005521466241867591,0.6666666666666666,0.005239622994579099,0.3033932135728543,0.036079545454545454,False,0.005521466241867591
pluto_helio_lon_deg__cos,vol_hi,27,27664,-0.0056984714056932265,0.6666666666666666,0.0054637538408751655,0.3033932135728543,0.036150568181818186,False,0.0056984714056932265
pluto_helio_lon_deg__sin,vol_hi,27,27664,-0.0056984714056932265,0.6666666666666666,0.00553892208250796,0.30538922155688625,0.03622159090909091,False,0.0056984714056932265
saturn_lon_deg__cos,vol_lo,27,41848,-0.005513393377838231,0.5185185185185185,0.005422958678876437,0.30538922155688625,0.03629261363636364,False,0.005513393377838231
sun_lon_deg__cos,fund_lo,17,41499,-0.004501719460000277,0.7058823529411765,0.004479509030940859,0.3073852295409182,0.03636363636363637,False,0.004501719460000277
uranus_decl_deg,vol_lo,27,41848,-0.0055579504634877,0.6666666666666666,0.005468015473158484,0.31137724550898205,0.03643465909090909,False,0.0055579504634877
uranus_helio_lon_deg__cos,vol_lo,27,41848,0.005970463847516059,0.5925925925925926,0.005516419174872518,0.31137724550898205,0.03650568181818182,False,0.005970463847516059
aspect_square_count_tight,era_pre,27,22022,-0.0065946768908884115,0.5925925925925926,0.006462032516951593,0.313373253493014,0.03657670454545455,False,0.0065946768908884115
saturn_helio_lon_deg__sin,vol_hi,27,27664,-0.005497687533125697,0.6666666666666666,0.005452733277472352,0.3193612774451098,0.03664772727272727,False,0.005497687533125697
jupiter_decl_deg,fund_hi,17,2023,-0.022847428797066353,0.5882352941176471,0.01983160502067159,0.3213572854291417,0.03671875,False,0.022847428797066353
saturn_speed_deg,era_pre,27,22022,0.00499661318149434,0.5925925925925926,0.005258283672251971,0.32335329341317365,0.03678977272727273,False,0.00499661318149434
venus_helio_lon_deg__cos,vol_lo,27,41848,0.0054687773594473375,0.5555555555555556,0.005680148974478695,0.3373253493013972,0.03686079545454545,False,0.0054687773594473375
moon_distance_km,trend_dn,27,34568,-0.004923259487587467,0.5925925925925926,0.00530145605561148,0.3393213572854291,0.036931818181818184,False,0.004923259487587467
saturn_helio_lon_deg__cos,vol_lo,27,41848,-0.005117134915758338,0.5925925925925926,0.005412492259039719,0.34930139720558884,0.037002840909090916,False,0.005117134915758338
harmonic_8_count,era_pre,27,22022,-0.00614831366276859,0.5925925925925926,0.00641590703595724,0.35129740518962077,0.037073863636363634,False,0.00614831366276859
harmonic_6_count,trend_dn,27,34568,0.00480331580016086,0.48148148148148145,0.005268540102788361,0.35129740518962077,0.037144886363636366,False,0.00480331580016086
harmonic_3_count,era_pre,27,22022,0.0060153434295650106,0.5185185185185185,0.006620431323661524,0.35528942115768464,0.03721590909090909,False,0.0060153434295650106
venus_decl_deg,era_pre,27,22022,0.00582006032034818,0.4074074074074074,0.00605424535981803,0.36127744510978044,0.037286931818181816,False,0.00582006032034818
days_to_next_eclipse,vol_lo,27,41848,0.004581176440434584,0.5925925925925926,0.004828333011668507,0.36327345309381237,0.03735795454545455,False,0.004581176440434584
jupiter_lon_deg__sin,trend_dn,27,34568,-0.0052533478438094245,0.7037037037037037,0.0058054237069579805,0.36726546906187624,0.037428977272727273,False,0.0052533478438094245
aspect_opposition_count,vol_hi,27,27664,0.00484593795146474,0.5555555555555556,0.005495654737107013,0.36726546906187624,0.037500000000000006,False,0.00484593795146474
aspect_sextile_count,vol_lo,27,41848,-0.004758763702747722,0.6666666666666666,0.004968433725029689,0.3712574850299401,0.03757102272727273,False,0.004758763702747722
pluto_decl_deg,fund_hi,17,2023,-0.019460317257612478,0.5294117647058824,0.019879843457049778,0.37524950099800397,0.037642045454545456,False,0.019460317257612478
aspect_square_count_tight,vol_lo,27,41848,-0.004296945315625975,0.5185185185185185,0.0047881731902947,0.3772455089820359,0.03771306818181819,False,0.004296945315625975
jupiter_lon_deg__cos,era_post,27,47490,-0.0038248172481831736,0.4074074074074074,0.004578083857723116,0.3872255489021956,0.03778409090909091,False,0.0038248172481831736
moon_perigee_apogee_prox,trend_dn,27,34568,-0.004923259487587467,0.5925925925925926,0.005395561441178411,0.3872255489021956,0.03785511363636364,False,0.004923259487587467
harmonic_3_count,trend_up,27,34944,-0.003990392451963889,0.6666666666666666,0.004969024566500412,0.38922155688622756,0.03792613636363637,False,0.003990392451963889
neptune_helio_lon_deg__cos,era_post,27,47490,-0.004938812678973641,0.5925925925925926,0.005063891702457192,0.39520958083832336,0.03799715909090909,False,0.004938812678973641
pluto_decl_deg,fund_lo,17,41499,0.004003712800584307,0.7058823529411765,0.004891894095887478,0.3972055888223553,0.03806818181818182,False,0.004003712800584307
aspect_trine_count_tight,era_pre,27,22022,-0.0053904981948386015,0.6666666666666666,0.006109418473588336,0.3992015968063872,0.03813920454545455,False,0.0053904981948386015
neptune_helio_lon_deg__cos,vol_hi,27,27664,-0.0047939204246004,0.7037037037037037,0.0054223532162712895,0.4031936127744511,0.03821022727272727,False,0.0047939204246004
pluto_speed_deg,vol_lo,27,41848,0.0032724861655001416,0.6296296296296297,0.004096805683731615,0.405189620758483,0.03828125,False,0.0032724861655001416
mercury_lon_deg__cos,vol_lo,27,41848,0.0033349028152427967,0.5555555555555556,0.004036258228687889,0.4111776447105788,0.038352272727272735,False,0.0033349028152427967
moon_days_to_new,trend_up,27,34944,-0.00465474637532311,0.5555555555555556,0.005699196580847525,0.4171656686626746,0.03842329545454545,False,0.00465474637532311
jupiter_speed_deg,fund_lo,17,41499,-0.0029088666432820084,0.5882352941176471,0.003649853334266877,0.41916167664670656,0.038494318181818185,False,0.0029088666432820084
aspect_trine_count,fund_hi,17,2023,0.016846530103181545,0.5882352941176471,0.021709219585837804,0.42714570858283435,0.03856534090909092,False,0.016846530103181545
mercury_decl_deg,trend_dn,27,34568,-0.0038413768632385276,0.6666666666666666,0.00482854363595855,0.4311377245508982,0.038636363636363635,False,0.0038413768632385276
moon_node_lon_deg__cos,vol_hi,27,27664,-0.004370452490686816,0.5925925925925926,0.0055356878197380405,0.4351297405189621,0.03870738636363637,False,0.004370452490686816
neptune_speed_deg,fund_lo,17,41499,-0.0033109548691833256,0.7647058823529411,0.004297819983391015,0.4351297405189621,0.03877840909090909,False,0.0033109548691833256
moon_days_to_full,era_post,27,47490,0.00383769897560729,0.48148148148148145,0.004804304703658993,0.4351297405189621,0.03884943181818182,False,0.00383769897560729
harmonic_3_count,vol_hi,27,27664,-0.004701800533543055,0.6296296296296297,0.005912642032817424,0.4351297405189621,0.03892045454545455,False,0.004701800533543055
sun_lon_deg__cos,fund_hi,17,2023,-0.01752555082943292,0.5294117647058824,0.021191220228941394,0.4411177644710579,0.038991477272727275,False,0.01752555082943292
mars_helio_lon_deg__cos,era_pre,27,22022,-0.005271413285079473,0.6296296296296297,0.006576696426623235,0.4411177644710579,0.0390625,False,0.005271413285079473
saturn_helio_lon_deg__cos,fund_hi,17,2023,-0.021183778775146912,0.5882352941176471,0.016686749245050484,0.4491017964071856,0.03913352272727273,False,0.021183778775146912
moon_synodic_age,trend_up,27,34944,0.004829944685783395,0.5555555555555556,0.006133943030862401,0.4491017964071856,0.03920454545454546,False,0.004829944685783395
jupiter_helio_lon_deg__cos,era_post,27,47490,-0.0038153567652412907,0.4074074074074074,0.004678070336586476,0.45109780439121755,0.03927556818181818,False,0.0038153567652412907
harmonic_3_count,fund_lo,17,41499,-0.00375543552975966,0.6470588235294118,0.0046881509902524515,0.45109780439121755,0.039346590909090914,False,0.00375543552975966
jupiter_helio_lon_deg__sin,trend_dn,27,34568,-0.00427017327562059,0.7037037037037037,0.005478732657454458,0.4530938123752495,0.03941761363636364,False,0.00427017327562059
moon_node_lon_deg__cos,trend_dn,27,34568,-0.0040590815902195624,0.6666666666666666,0.005664856926057562,0.4550898203592814,0.039488636363636365,False,0.0040590815902195624
neptune_speed_deg,fund_hi,17,2023,-0.014194868564937846,0.5294117647058824,0.01923150471903802,0.46506986027944114,0.03955965909090909,False,0.014194868564937846
mars_decl_deg,trend_up,27,34944,-0.004073319803708985,0.5925925925925926,0.005490592404841135,0.469061876247505,0.03963068181818182,False,0.004073319803708985
mercury_helio_lon_deg__cos,era_pre,27,22022,0.0040129039932746335,0.48148148148148145,0.005677836899269743,0.47305389221556887,0.03970170454545455,False,0.0040129039932746335
moon_speed_deg,trend_dn,27,34568,0.003921890009170008,0.5555555555555556,0.005484048514012494,0.4750499001996008,0.03977272727272727,False,0.003921890009170008
saturn_speed_deg,trend_dn,27,34568,-0.003142183071888449,0.5555555555555556,0.0045713068860680365,0.47904191616766467,0.039843750000000004,False,0.003142183071888449
neptune_decl_deg,trend_up,27,34944,-0.004179909578251493,0.6666666666666666,0.005652311796800018,0.48303393213572854,0.03991477272727273,False,0.004179909578251493
aspect_opposition_count,trend_up,27,34944,0.0036690766816160967,0.5555555555555556,0.005162133292080328,0.48502994011976047,0.039985795454545454,False,0.0036690766816160967
saturn_helio_lon_deg__sin,vol_lo,27,41848,-0.003967598268524296,0.5555555555555556,0.0054071246078251905,0.4870259481037924,0.040056818181818186,False,0.003967598268524296
saturn_lon_deg__sin,vol_lo,27,41848,-0.0037216489747109653,0.5555555555555556,0.00538225224390678,0.48902195608782434,0.04012784090909091,False,0.0037216489747109653
mars_speed_deg,era_pre,27,22022,0.003997844930404377,0.6296296296296297,0.005565143927623034,0.49500998003992014,0.04019886363636364,False,0.003997844930404377
venus_lon_deg__sin,era_pre,27,22022,0.0040800955302936846,0.4444444444444444,0.005908770431468724,0.49700598802395207,0.04026988636363637,False,0.0040800955302936846
aspect_sextile_count_tight,vol_lo,27,41848,0.003249760867286831,0.5185185185185185,0.004978050909496291,0.5049900199600799,0.040340909090909094,False,0.003249760867286831
aspect_square_count_tight,era_post,27,47490,0.0028181356179860137,0.7037037037037037,0.004174460339604083,0.5069860279441117,0.04041193181818182,False,0.0028181356179860137
venus_decl_deg,trend_dn,27,34568,0.0030730125737154393,0.5555555555555556,0.004778296134501635,0.5149700598802395,0.04048295454545455,False,0.0030730125737154393
neptune_lon_deg__sin,trend_up,27,34944,-0.003693136131316575,0.5925925925925926,0.005493453064326198,0.5249500998003992,0.040553977272727276,False,0.003693136131316575
soft_aspect_count,trend_up,27,34944,-0.0035095458677881332,0.5185185185185185,0.005357880154105178,0.5249500998003992,0.040625,False,0.0035095458677881332
aspect_square_count,era_pre,27,22022,0.0038982757549898325,0.5555555555555556,0.006322793383430948,0.5369261477045908,0.04069602272727273,False,0.0038982757549898325
neptune_speed_deg,trend_up,27,34944,0.0033245544451442153,0.5185185185185185,0.00535800647875842,0.5508982035928144,0.04076704545454546,False,0.0033245544451442153
jupiter_decl_deg,era_pre,27,22022,-0.007059854879203965,0.4074074074074074,0.009113285516334344,0.5528942115768463,0.040838068181818184,False,0.007059854879203965
soft_aspect_count_tight,vol_hi,27,27664,-0.0033517974827494655,0.6296296296296297,0.005622420337374827,0.562874251497006,0.040909090909090916,False,0.0033517974827494655
bradley_siderograph,fund_hi,17,2023,-0.011643940350620361,0.5294117647058824,0.019244150040405538,0.562874251497006,0.04098011363636364,False,0.011643940350620361
aspect_sextile_count,vol_hi,27,27664,0.003240604889512909,0.5185185185185185,0.005838669751942073,0.564870259481038,0.041051136363636366,False,0.003240604889512909
moon_lon_deg__cos,era_post,27,47490,-0.004201572854390653,0.5185185185185185,0.007293262021407171,0.5688622754491018,0.04112215909090909,False,0.004201572854390653
jupiter_helio_lon_deg__sin,fund_hi,17,2023,0.01226185206523552,0.47058823529411764,0.018547041711531084,0.5768463073852296,0.04119318181818182,False,0.01226185206523552
pluto_decl_deg,vol_hi,27,27664,0.002669453073631126,0.5555555555555556,0.005301253481571422,0.5768463073852296,0.04126420454545455,False,0.002669453073631126
jupiter_speed_deg,era_post,27,47490,-0.0018090645859182035,0.5925925925925926,0.0030863716807436508,0.5788423153692615,0.041335227272727273,False,0.0018090645859182035
mars_lon_deg__sin,fund_hi,17,2023,-0.009408857337945638,0.7058823529411765,0.017452064390293637,0.5828343313373253,0.041406250000000006,False,0.009408857337945638
days_to_next_eclipse,fund_lo,17,41499,0.0022707353136525127,0.5294117647058824,0.0042316624545174954,0.5868263473053892,0.04147727272727273,False,0.0022707353136525127
aspect_conjunction_count_tight,fund_hi,17,2023,0.012594641403962525,0.5882352941176471,0.02183201395915418,0.5888223552894212,0.041548295454545456,False,0.012594641403962525
mars_speed_deg,trend_up,27,34944,0.0028282789939721546,0.5925925925925926,0.005055093375542316,0.590818363273453,0.04161931818181819,False,0.0028282789939721546
mars_helio_lon_deg__sin,fund_hi,17,2023,0.009734357477472864,0.5294117647058824,0.017588155337805528,0.5948103792415169,0.04169034090909091,False,0.009734357477472864
soft_aspect_count_tight,fund_lo,17,41499,-0.002404142759766508,0.5882352941176471,0.004678461214297084,0.6007984031936128,0.04176136363636364,False,0.002404142759766508
venus_helio_lon_deg__sin,trend_dn,27,34568,-0.0028873375685836834,0.4444444444444444,0.005407297275668152,0.6047904191616766,0.04183238636363637,False,0.0028873375685836834
aspect_sextile_count,fund_hi,17,2023,0.010375629818302454,0.6470588235294118,0.020744573198000375,0.6167664670658682,0.04190340909090909,False,0.010375629818302454
moon_node_lon_deg__cos,era_post,27,47490,-0.002782747619663987,0.5555555555555556,0.005180306257947597,0.6227544910179641,0.04197443181818182,False,0.002782747619663987
moon_lon_deg__cos,trend_dn,27,34568,0.0036612742397376056,0.6296296296296297,0.007019649519555576,0.6227544910179641,0.04204545454545455,False,0.0036612742397376056
mars_helio_lon_deg__sin,trend_up,27,34944,0.0027705737773014104,0.5925925925925926,0.0055505927073207974,0.624750499001996,0.04211647727272727,False,0.0027705737773014104
saturn_speed_deg,vol_hi,27,27664,0.0021966339260027514,0.5555555555555556,0.004400202341549126,0.624750499001996,0.0421875,False,0.0021966339260027514
mars_lon_deg__sin,trend_up,27,34944,-0.0029469973717295033,0.5925925925925926,0.00543781403094777,0.624750499001996,0.042258522727272735,False,0.0029469973717295033
pluto_helio_lon_deg__cos,trend_up,27,34944,0.0023957017912875607,0.5185185185185185,0.005273833250343241,0.6287425149700598,0.04232954545454545,False,0.0023957017912875607
days_to_next_eclipse,fund_hi,17,2023,0.00938340874806779,0.5882352941176471,0.019458515277996132,0.6307385229540918,0.042400568181818185,False,0.00938340874806779
mercury_helio_lon_deg__sin,trend_dn,27,34568,-0.002289402662937287,0.5185185185185185,0.0045502411649172335,0.6347305389221557,0.04247159090909092,False,0.002289402662937287
neptune_speed_deg,vol_lo,27,41848,0.0019332821059840286,0.5555555555555556,0.004082035205830843,0.6387225548902196,0.042542613636363635,False,0.0019332821059840286
venus_speed_deg,vol_hi,27,27664,0.0022094054854938715,0.48148148148148145,0.0047369599659628295,0.6387225548902196,0.04261363636363637,False,0.0022094054854938715
soft_aspect_count_tight,era_post,27,47490,-0.0018011872762846782,0.5185185185185185,0.004069451806810533,0.6506986027944112,0.04268465909090909,False,0.0018011872762846782
harmonic_5_count,trend_dn,27,34568,-0.0021785073384035483,0.5925925925925926,0.005023872217741707,0.6526946107784432,0.04275568181818182,False,0.0021785073384035483
saturn_decl_deg,vol_lo,27,41848,-0.002542466692221976,0.5555555555555556,0.00553455990762783,0.6606786427145709,0.04282670454545455,False,0.002542466692221976
uranus_helio_lon_deg__sin,trend_up,27,34944,0.0023957017912875607,0.5185185185185185,0.005150803142681036,0.6626746506986028,0.042897727272727275,False,0.0023957017912875607
pluto_speed_deg,trend_dn,27,34568,-0.00213025460545555,0.5555555555555556,0.004796409604796893,0.6646706586826348,0.04296875,False,0.00213025460545555
mercury_helio_lon_deg__sin,vol_hi,27,27664,0.002572967708032701,0.6296296296296297,0.006190411375403269,0.6666666666666666,0.04303977272727273,False,0.002572967708032701
sun_lon_deg__sin,era_pre,27,22022,-0.0022413346355720704,0.5555555555555556,0.0055109636720984895,0.6666666666666666,0.04311079545454546,False,0.0022413346355720704
venus_lon_deg__sin,trend_dn,27,34568,0.0020261548186447645,0.48148148148148145,0.004979007859052619,0.6686626746506986,0.04318181818181818,False,0.0020261548186447645
saturn_speed_deg,fund_hi,17,2023,0.009750823469926683,0.6470588235294118,0.02002400217636643,0.6686626746506986,0.043252840909090914,False,0.009750823469926683
neptune_helio_lon_deg__sin,trend_up,27,34944,0.0023957017912875607,0.5185185185185185,0.0053615920186267235,0.6706586826347305,0.04332386363636364,False,0.0023957017912875607
jupiter_decl_deg,vol_lo,27,41848,-0.0022618539450455642,0.5555555555555556,0.0055161511896165485,0.6706586826347305,0.043394886363636365,False,0.0022618539450455642
uranus_helio_lon_deg__cos,trend_up,27,34944,-0.0023957017912875607,0.5185185185185185,0.00545002644578778,0.6726546906187625,0.04346590909090909,False,0.0023957017912875607
soft_aspect_count,era_pre,27,22022,-0.0027438808121211227,0.5555555555555556,0.006916462415447303,0.6746506986027944,0.04353693181818182,False,0.0027438808121211227
aspect_trine_count,vol_hi,27,27664,-0.002250317995121712,0.5925925925925926,0.005369129935681782,0.6746506986027944,0.04360795454545455,False,0.002250317995121712
aspect_square_count_tight,fund_hi,17,2023,0.009160482996736328,0.5294117647058824,0.021792633200779014,0.6766467065868264,0.04367897727272727,False,0.009160482996736328
moon_lon_deg__cos,vol_lo,27,41848,0.0027262746077841614,0.48148148148148145,0.006537035662650009,0.6786427145708582,0.043750000000000004,False,0.0027262746077841614
saturn_decl_deg,trend_up,27,34944,-0.002146375764516973,0.5555555555555556,0.005313264692580107,0.6866267465069861,0.04382102272727273,False,0.002146375764516973
neptune_helio_lon_deg__cos,fund_hi,17,2023,0.011545705359715684,0.47058823529411764,0.017711107977417262,0.6906187624750499,0.043892045454545454,False,0.011545705359715684
mercury_lon_deg__cos,fund_hi,17,2023,-0.008998229347133511,0.4117647058823529,0.02124566146642019,0.6966067864271457,0.043963068181818186,False,0.008998229347133511
jupiter_lon_deg__cos,trend_up,27,34944,0.0018605566180044098,0.5185185185185185,0.005051504757271444,0.7045908183632734,0.04403409090909091,False,0.0018605566180044098
neptune_helio_lon_deg__cos,vol_lo,27,41848,-0.0021915584303704807,0.5185185185185185,0.0056059022447323605,0.7065868263473054,0.04410511363636364,False,0.0021915584303704807
pluto_helio_lon_deg__sin,trend_up,27,34944,0.0023957017912875607,0.5185185185185185,0.005617516675397569,0.7085828343313373,0.04417613636363637,False,0.0023957017912875607
saturn_helio_lon_deg__sin,trend_up,27,34944,0.002105840221051104,0.5185185185185185,0.005410195079730048,0.7085828343313373,0.044247159090909094,False,0.002105840221051104
sun_decl_deg,era_pre,27,22022,-0.0021341289058822667,0.5555555555555556,0.005377849455764913,0.7105788423153693,0.04431818181818182,False,0.0021341289058822667
venus_lon_deg__cos,trend_up,27,34944,-0.00199558960968287,0.6296296296296297,0.005866579163678031,0.7125748502994012,0.04438920454545455,False,0.00199558960968287
jupiter_lon_deg__sin,fund_hi,17,2023,-0.00803813235010904,0.47058823529411764,0.019828216273668205,0.7145708582834331,0.044460227272727276,False,0.00803813235010904
aspect_trine_count,era_pre,27,22022,0.002010995663861367,0.4444444444444444,0.0061845176974464275,0.716566866267465,0.04453125,False,0.002010995663861367
sun_lon_deg__cos,trend_up,27,34944,0.0020397764300999943,0.5555555555555556,0.005613586160013491,0.7225548902195609,0.04460227272727273,False,0.0020397764300999943
mercury_lon_deg__cos,era_post,27,47490,-0.0014838513840372712,0.6296296296296297,0.00408537293668921,0.7245508982035929,0.04467329545454546,False,0.0014838513840372712
venus_lon_deg__cos,vol_hi,27,27664,0.0018579160318775623,0.5925925925925926,0.005086675576041169,0.7245508982035929,0.044744318181818184,False,0.0018579160318775623
saturn_helio_lon_deg__cos,trend_up,27,34944,0.0021005585772704677,0.48148148148148145,0.005762711749347397,0.7265469061876247,0.044815340909090916,False,0.0021005585772704677
aspect_square_count_tight,vol_hi,27,27664,0.0019589087191966077,0.5555555555555556,0.005495256499414699,0.7345309381237525,0.04488636363636364,False,0.0019589087191966077
mercury_lon_deg__cos,trend_dn,27,34568,0.0018304811069563829,0.5555555555555556,0.004810406998248752,0.7345309381237525,0.044957386363636366,False,0.0018304811069563829
moon_speed_deg,trend_up,27,34944,-0.001408537486318572,0.5555555555555556,0.004312934912590377,0.7405189620758483,0.04502840909090909,False,0.001408537486318572
moon_speed_deg,vol_hi,27,27664,0.0014502365290660982,0.4444444444444444,0.0048333186149155105,0.7445109780439122,0.04509943181818182,False,0.0014502365290660982
hard_aspect_count_tight,fund_hi,17,2023,-0.006354498974394733,0.5882352941176471,0.021583102588313356,0.7465069860279441,0.04517045454545455,False,0.006354498974394733
neptune_speed_deg,vol_hi,27,27664,0.0016295393649415058,0.5555555555555556,0.004841482639800172,0.7485029940119761,0.045241477272727273,False,0.0016295393649415058
moon_speed_deg,vol_lo,27,41848,0.001579951139495642,0.48148148148148145,0.005220374177372582,0.7544910179640718,0.045312500000000006,False,0.001579951139495642
pluto_decl_deg,era_post,27,47490,-0.0014656330511218726,0.5555555555555556,0.004620937434741106,0.7544910179640718,0.04538352272727273,False,0.0014656330511218726
jupiter_lon_deg__sin,era_pre,27,22022,-0.004030328432312598,0.4074074074074074,0.009148420381299822,0.7544910179640718,0.045454545454545456,False,0.004030328432312598
mars_decl_deg,fund_hi,17,2023,-0.005944272370895056,0.7058823529411765,0.01848016756803157,0.7584830339321357,0.04552556818181819,False,0.005944272370895056
aspect_square_count,trend_up,27,34944,-0.001735625432374913,0.48148148148148145,0.005286501597783663,0.7584830339321357,0.04559659090909091,False,0.001735625432374913
sun_lon_deg__cos,vol_hi,27,27664,0.0012859684701749666,0.5555555555555556,0.0043496921980763015,0.7664670658682635,0.04566761363636364,False,0.0012859684701749666
aspect_trine_count_tight,vol_lo,27,41848,-0.001316898916036564,0.5925925925925926,0.004663289103350165,0.7684630738522954,0.04573863636363637,False,0.001316898916036564
sun_speed_deg,trend_dn,27,34568,-0.0014321080125535982,0.5925925925925926,0.004619597619437309,0.7744510978043913,0.04580965909090909,False,0.0014321080125535982
hard_aspect_count,vol_lo,27,41848,0.0013111815718165798,0.48148148148148145,0.0048111743674372435,0.7764471057884231,0.04588068181818182,False,0.0013111815718165798
moon_synodic_age,era_post,27,47490,0.001295569647610381,0.5925925925925926,0.004529459918452427,0.780439121756487,0.04595170454545455,False,0.001295569647610381
venus_speed_deg,trend_dn,27,34568,-0.0011110307562830844,0.5925925925925926,0.004785994043537989,0.7844311377245509,0.04602272727272727,False,0.0011110307562830844
jupiter_helio_lon_deg__cos,trend_up,27,34944,0.0012330949062777676,0.5555555555555556,0.0045254390416353905,0.7924151696606786,0.04609375,False,0.0012330949062777676
moon_days_to_new,era_post,27,47490,-0.0011761490478478403,0.5925925925925926,0.0047965431742333494,0.7964071856287425,0.046164772727272735,False,0.0011761490478478403
harmonic_5_count,vol_hi,27,27664,-0.0015430167596484528,0.5925925925925926,0.006033028320110013,0.7964071856287425,0.04623579545454545,False,0.0015430167596484528
venus_helio_lon_deg__cos,trend_dn,27,34568,-0.0013245025172781556,0.4444444444444444,0.005475665678289278,0.812375249500998,0.046306818181818185,False,0.0013245025172781556
pluto_lon_deg__sin,trend_up,27,34944,-0.001213284472683102,0.5555555555555556,0.005412852789702315,0.8143712574850299,0.04637784090909092,False,0.001213284472683102
jupiter_helio_lon_deg__sin,era_pre,27,22022,0.0031202016088558012,0.6666666666666666,0.008699101918743493,0.8163672654690619,0.046448863636363635,False,0.0031202016088558012
sun_lon_deg__cos,vol_lo,27,41848,0.0009984245624652859,0.5185185185185185,0.004147781353649805,0.8183632734530938,0.04651988636363637,False,0.0009984245624652859
moon_node_lon_deg__cos,trend_up,27,34944,0.001281520056763502,0.48148148148148145,0.0054085541291042285,0.8203592814371258,0.04659090909090909,False,0.001281520056763502
moon_lon_deg__cos,vol_hi,27,27664,-0.0016008690476467758,0.5185185185185185,0.0065347312550814,0.8203592814371258,0.04666193181818182,False,0.0016008690476467758
moon_perigee_apogee_prox,trend_up,27,34944,-0.0008173797119506133,0.4074074074074074,0.004404247669751308,0.8203592814371258,0.04673295454545455,False,0.0008173797119506133
pluto_lon_deg__cos,trend_up,27,34944,-0.001213284472683102,0.5555555555555556,0.005357079027918026,0.8203592814371258,0.046803977272727275,False,0.001213284472683102
neptune_helio_lon_deg__cos,trend_up,27,34944,0.0013999703465593615,0.48148148148148145,0.005616592883583218,0.8223552894211577,0.046875,False,0.0013999703465593615
saturn_lon_deg__cos,trend_up,27,34944,-0.0011732323644191888,0.5555555555555556,0.00554716759959144,0.8243512974051896,0.04694602272727273,False,0.0011732323644191888
harmonic_3_count,vol_lo,27,41848,0.0011073099873002241,0.4074074074074074,0.004844746815607624,0.8303393213572854,0.04701704545454546,False,0.0011073099873002241
saturn_lon_deg__sin,trend_up,27,34944,-0.0011656706352036188,0.5555555555555556,0.005320355567501574,0.8323353293413174,0.04708806818181818,False,0.0011656706352036188
aspect_opposition_count_tight,fund_hi,17,2023,-0.0054265088687249765,0.7058823529411765,0.020299278634493684,0.8483033932135728,0.047159090909090914,False,0.0054265088687249765
mercury_lon_deg__sin,era_pre,27,22022,0.000864288879641012,0.5185185185185185,0.005127567709213637,0.8502994011976048,0.04723011363636364,False,0.000864288879641012
aspect_sextile_count,era_post,27,47490,-0.0008592573449642549,0.5925925925925926,0.004345325361513466,0.8522954091816367,0.047301136363636365,False,0.0008592573449642549
moon_lon_deg__cos,trend_up,27,34944,-0.0008570007723653527,0.5555555555555556,0.005494360327687433,0.8522954091816367,0.04737215909090909,False,0.0008570007723653527
saturn_speed_deg,fund_lo,17,41499,-0.0006101503110844471,0.5294117647058824,0.004190485588125058,0.8522954091816367,0.04744318181818182,False,0.0006101503110844471
moon_distance_km,vol_hi,27,27664,0.0009116033715108758,0.5555555555555556,0.004626707439114547,0.8562874251497006,0.04751420454545455,False,0.0009116033715108758
pluto_decl_deg,vol_lo,27,41848,-0.0009211302063890656,0.4444444444444444,0.0051567598663582095,0.8602794411177644,0.04758522727272727,False,0.0009211302063890656
aspect_trine_count,trend_dn,27,34568,0.0009163150022728147,0.5555555555555556,0.005112145875316786,0.8622754491017964,0.047656250000000004,False,0.0009163150022728147
mercury_lon_deg__cos,fund_lo,17,41499,0.0007463213359531562,0.5882352941176471,0.004244128287156973,0.8642714570858283,0.04772727272727273,False,0.0007463213359531562
moon_perigee_apogee_prox,vol_hi,27,27664,0.0009116033715108758,0.5555555555555556,0.004780784053751232,0.8682634730538922,0.047798295454545454,False,0.0009116033715108758
aspect_sextile_count_tight,fund_lo,17,41499,-0.000728214870999739,0.5882352941176471,0.0046719217204116426,0.8702594810379242,0.047869318181818186,False,0.000728214870999739
moon_distance_km,trend_up,27,34944,-0.0008173797119506133,0.4074074074074074,0.004162032248958581,0.8762475049900199,0.04794034090909091,False,0.0008173797119506133
aspect_square_count,fund_hi,17,2023,-0.0037104846457840326,0.4117647058823529,0.021407393148872512,0.8782435129740519,0.04801136363636364,False,0.0037104846457840326
jupiter_speed_deg,trend_dn,27,34568,-0.000697519013973675,0.48148148148148145,0.004613509826409959,0.8782435129740519,0.04808238636363637,False,0.000697519013973675
aspect_square_count,vol_lo,27,41848,-0.000775758360168636,0.5185185185185185,0.004703483677186343,0.8822355289421158,0.048153409090909094,False,0.000775758360168636
mars_helio_lon_deg__cos,vol_hi,27,27664,-0.0006889292542815519,0.4444444444444444,0.004761069934629075,0.8882235528942116,0.04822443181818182,False,0.0006889292542815519
moon_lon_deg__cos,fund_lo,17,41499,0.001035361908792459,0.4117647058823529,0.008119317963804894,0.9141716566866267,0.04829545454545455,False,0.001035361908792459
soft_aspect_count,trend_dn,27,34568,0.0007661412558893048,0.5555555555555556,0.005708487902805918,0.9141716566866267,0.048366477272727276,False,0.0007661412558893048
jupiter_lon_deg__sin,vol_lo,27,41848,-0.0006623496880364147,0.5185185185185185,0.00591168749364972,0.9161676646706587,0.0484375,False,0.0006623496880364147
jupiter_helio_lon_deg__sin,vol_lo,27,41848,-0.0006098393847608677,0.5185185185185185,0.005282769303768979,0.9181636726546906,0.04850852272727273,False,0.0006098393847608677
harmonic_2_count,fund_hi,17,2023,0.0020375227401924507,0.5882352941176471,0.022198731447098524,0.9201596806387226,0.04857954545454546,False,0.0020375227401924507
bradley_siderograph,vol_lo,27,41848,0.000498457851151243,0.5555555555555556,0.004534560918193802,0.9221556886227545,0.048650568181818184,False,0.000498457851151243
aspect_sextile_count_tight,era_post,27,47490,0.0004232697773465269,0.5925925925925926,0.004384662840754795,0.9221556886227545,0.048721590909090916,False,0.0004232697773465269
bradley_siderograph,trend_dn,27,34568,-0.00049220272776245,0.4074074074074074,0.004968007393066816,0.9341317365269461,0.04879261363636364,False,0.00049220272776245
sun_decl_deg,trend_dn,27,34568,-0.0004079524132801269,0.48148148148148145,0.00462954371619438,0.9441117764471058,0.048863636363636366,False,0.0004079524132801269
neptune_speed_deg,trend_dn,27,34568,0.0002693785740667971,0.5185185185185185,0.004666974956578858,0.9500998003992016,0.04893465909090909,False,0.0002693785740667971
aspect_square_count_tight,fund_lo,17,41499,0.0003153280584641727,0.47058823529411764,0.0047015256859278464,0.9500998003992016,0.04900568181818182,False,0.0003153280584641727
soft_aspect_count,era_post,27,47490,0.0003467230797372904,0.4444444444444444,0.0045207891463931,0.9520958083832335,0.04907670454545455,False,0.0003467230797372904
sun_lon_deg__sin,trend_dn,27,34568,-0.00034020023741649014,0.48148148148148145,0.004728009949872263,0.9520958083832335,0.049147727272727273,False,0.00034020023741649014
aspect_sextile_count,era_pre,27,22022,0.0003043709777677064,0.4074074074074074,0.007165035301273674,0.9540918163672655,0.049218750000000006,False,0.0003043709777677064
venus_helio_lon_deg__cos,fund_hi,17,2023,0.0009133267324290767,0.4117647058823529,0.01746191661197013,0.9580838323353293,0.04928977272727273,False,0.0009133267324290767
uranus_lon_deg__sin,trend_up,27,34944,0.0002276159404816582,0.48148148148148145,0.005402534294681339,0.9640718562874252,0.049360795454545456,False,0.0002276159404816582
saturn_speed_deg,era_post,27,47490,-0.00018441958813137965,0.5925925925925926,0.0037587614558760173,0.9640718562874252,0.04943181818181819,False,0.00018441958813137965
sun_lon_deg__cos,trend_dn,27,34568,-0.00017844443898805843,0.5185185185185185,0.004745354934935701,0.9680638722554891,0.04950284090909091,False,0.00017844443898805843
uranus_lon_deg__cos,trend_up,27,34944,-0.0002276159404816582,0.48148148148148145,0.0056022150916423845,0.9680638722554891,0.04957386363636364,False,0.0002276159404816582
mercury_decl_deg,era_pre,27,22022,0.00021044548104090396,0.4074074074074074,0.005460430987926448,0.9780439121756487,0.04964488636363637,False,0.00021044548104090396
saturn_speed_deg,vol_lo,27,41848,0.00012939206204929375,0.5185185185185185,0.004145671068809479,0.9800399201596807,0.04971590909090909,False,0.00012939206204929375
moon_node_lon_deg__cos,vol_lo,27,41848,-0.0001873280237062051,0.48148148148148145,0.005553570106707843,0.9800399201596807,0.04978693181818182,False,0.0001873280237062051
uranus_decl_deg,trend_up,27,34944,0.00020520415300576069,0.48148148148148145,0.005243678395819936,0.9820359281437125,0.04985795454545455,False,0.00020520415300576069
harmonic_3_count,trend_dn,27,34568,-0.0001384534025064917,0.5185185185185185,0.0049930632684857664,0.9840319361277445,0.04992897727272727,False,0.0001384534025064917
uranus_speed_deg,trend_dn,27,34568,3.432841265133316e-05,0.5925925925925926,0.004470774640515364,0.9940119760479041,0.05,False,3.432841265133316e-05
